area,trans.ID,plot,tree,common.name,scientific.name,family.name,DBH,type,canopy,light,dead,D.class,Hcom,Htot,RN,RS,RE,RW,date,UTM.Easting,UTM.Northing
AND_A01,T01,P01,1,MORTA,NA,NA,13,O,NA,NA,TRUE,2,NA,7.9,NA,NA,NA,NA,20130822,296471.6252,9718217.154
AND_A01,T01,P01,2,MORTA,NA,NA,21,O,NA,NA,TRUE,2,NA,6,NA,NA,NA,NA,20130822,296474.207,9718214.32
AND_A01,T01,P01,3,ENVIRA PRETA,Guatteria schomburgkiana,Annonaceae,11.6,O,S,1,FALSE,NA,3.17,5.45,1.1,1,0.8,1,20130822,296475.731,9718211.616
AND_A01,T01,P01,4,IPERANA,Eperua bijuga,Fabaceae,142,O,S,1,FALSE,NA,6.21,10.56,1.4,2.3,1.8,2.2,20130822,296473.7785,9718209.724
AND_A01,T01,P01,5,MORTA,NA,NA,15.3,O,NA,NA,TRUE,2,NA,7.16,NA,NA,NA,NA,20130822,296478.0885,9718208.032
AND_A01,T01,P01,6,JATEREU,Lecythis idatimon,Lecythidaceae,41.5,O,E,1,FALSE,NA,16.49,26.11,2,2.2,1.7,1.6,20130822,296481.0013,9718202.683
AND_A01,T01,P01,7,A큐I,Euterpe oleracea,Arecaceae,11.6,P,E,1,FALSE,NA,NA,5.22,NA,NA,NA,NA,20130822,296481.084,9718202.495
AND_A01,T01,P01,8,LACRE,Vismia guianensis,Clusiaceae,10.6,O,E,1,FALSE,NA,3.71,7.5,1.5,2.1,1.7,2.3,20130822,296477.6213,9718200.98
AND_A01,T01,P01,9,MORTA,NA,NA,18.1,O,NA,NA,TRUE,3,NA,2.46,NA,NA,NA,NA,20130822,296481.5953,9718192.956
AND_A01,T01,P01,10,Taxi branco,Tachigali paniculata,Fabaceae,57,O,E,1,FALSE,NA,26.28,38.55,2.6,6.4,5.2,6.7,20130822,296488.315,9718186.836
AND_A01,T01,P01,11,MARAVUVUIA,Croton matourensis,Euphorbiaceae,10.8,O,S,1,FALSE,NA,7.69,10.57,1.6,1,1.2,1.8,20130822,296488.3847,9718177.767
AND_A01,T01,P01,12,MORTA,NA,NA,11.5,O,NA,NA,TRUE,3,NA,3.59,NA,NA,NA,NA,20130822,296491.8467,9718178.307
AND_A01,T01,P01,13,EMBAUBA VERMELHA,Cecropia distachya,Urticaceae,11,O,S,2,FALSE,NA,9.04,11.49,1.5,1,1,1.4,20130822,296492.5496,9718176.71
AND_A01,T01,P01,14,BREU BARROTE,Tetragastris panamensis,Burseraceae,44.8,O,S,2,FALSE,NA,9.99,14.56,3.2,4.4,2.3,4.8,20130822,296464.4028,9718177.587
AND_A01,T01,P01,15,ANDIROBA,Carapa guianensis,Meliaceae,44.4,O,E,1,FALSE,NA,14.9,21.16,2.6,2,3.7,1.3,20130822,296448.7425,9718175.084
AND_A01,T01,P01,16,MATA MATA BRANCO,Eschweilera coriacea,Lecythidaceae,41.6,O,E,1,FALSE,NA,12.08,15.79,3.6,3.4,3.5,4.2,20130822,296457.3621,9718188.646
AND_A01,T01,P01,17,INGA VERMELHO,Inga alba,Fabaceae,37.8,O,E,1,FALSE,NA,10.5,20.5,6.2,1.8,4.3,2.7,20130822,296461.6868,9718191.516
AND_A01,T01,P01,18,PENTE DE MACACO,Apeiba echinata,Malvaceae,50.5,O,E,1,FALSE,NA,20.35,29.47,5.1,2.2,2.8,2.7,20130822,296447.2845,9718165.528
AND_A01,T01,P01,19,CAJUA큣,Anacardium spruceanum,Anacardiaceae,101.6,O,E,1,FALSE,NA,25.95,39.92,8.7,6.2,10,6.5,20130822,296430.2458,9718192.187
AND_A01,T01,P01,20,ESCORREGA MACACO,Capirona huberiana,Rubiaceae,48.3,O,E,1,FALSE,NA,20.76,29.49,5.2,5.3,4.2,5.8,20130822,296438.3163,9718204.362
AND_A01,T01,P01,21,MATA MATA BRANCO,Eschweilera coriacea,Lecythidaceae,54,O,E,1,FALSE,NA,12.74,22.01,3.6,4,4.3,1.2,20130822,296460.3604,9718209.867
AND_A01,T01,P02,22,ABIURANA BRANCA,Pouteria guianensis,Sapotaceae,21.5,O,S,2,FALSE,NA,8.45,12.48,1.8,2.4,1.8,2.2,20130822,296534.2042,9718081.61
AND_A01,T01,P02,23,ARATACIU,Sagotia racemosa,Euphorbiaceae,13.1,O,S,2,FALSE,NA,4.18,6.64,0.8,1.4,1.1,1.3,20130822,296538.6349,9718077.055
AND_A01,T01,P02,24,GENIPARANA,Gustavia poeppigiana,Lecythidaceae,12.4,O,S,2,FALSE,NA,5.53,9.16,4.3,0.6,1.2,1.2,20130822,296538.0784,9718074.92
AND_A01,T01,P02,25,JATEREU,Lecythis idatimon,Lecythidaceae,10.8,O,S,2,FALSE,NA,6.39,9.85,1.2,1,1,1,20130822,296537.3961,9718074.273
AND_A01,T01,P02,26,PRATUDO,Simaba cedron,Simaroubaceae,10.3,O,S,2,FALSE,NA,5.13,7.3,1,0.8,0.8,1.1,20130822,296540.5412,9718074.628
AND_A01,T01,P02,27,INGA CHICHICA,Inga heterophylla,Fabaceae,45.4,O,S,1,FALSE,NA,15.32,22.86,0.8,4.8,1.4,3.3,20130822,296536.8626,9718072.925
AND_A01,T01,P02,28,JATEREU,Lecythis idatimon,Lecythidaceae,16.2,O,S,2,FALSE,NA,10.28,14.02,1.3,1.1,1.2,1.4,20130822,296539.1619,9718071.236
AND_A01,T01,P02,29,BREU BRANCO,Protium paniculatum,Burseraceae,26.9,O,C,2,FALSE,NA,14.75,20.36,1.5,1.2,1.7,1.3,20130822,296541.1062,9718068.94
AND_A01,T01,P02,30,BREU VERMELHO,Protium hebetatum,Burseraceae,10.2,O,S,2,FALSE,NA,10.24,12.8,3.4,1,0.7,0.8,20130822,296542.1376,9718068.752
AND_A01,T01,P02,31,ABIURANA BRANCA,Pouteria guianensis,Sapotaceae,50,O,E,1,FALSE,NA,27.05,34.92,6.4,4.2,4.5,3.4,20130822,296537.8607,9718066.797
AND_A01,T01,P02,32,ABIURANA,Pouteria gongrijpii,Sapotaceae,17.3,O,S,2,FALSE,NA,9.86,14.03,1.6,0.5,1.5,0.6,20130822,296544.8944,9718066.27
AND_A01,T01,P02,33,BREU BRANCO,Protium paniculatum,Burseraceae,18.5,O,S,2,FALSE,NA,11.82,18.1,1,1.8,1.6,1.1,20130822,296544.4259,9718061.122
AND_A01,T01,P02,34,EMBAUBA BRANCA,Cecropia palmata,Urticaceae,13.7,O,S,1,FALSE,NA,10.74,14.45,1.3,1.3,1.2,1.5,20130822,296550.3997,9718055.582
AND_A01,T01,P02,35,MORTA,NA,NA,12.7,O,NA,NA,TRUE,2,NA,4.77,NA,NA,NA,NA,20130822,296550.976,9718055.181
AND_A01,T01,P02,36,EMBAUBA BRANCA,Cecropia palmata,Urticaceae,11.9,O,S,1,FALSE,NA,11.1,12.28,0.9,0.8,0.5,0.6,20130822,296552.2294,9718053.548
AND_A01,T01,P02,37,MAMUI,Jacaratia spinosa,Caricaceae,15.9,O,S,1,FALSE,NA,5.19,6.23,0.5,0.6,0.5,0.5,20130822,296550.0213,9718052.575
AND_A01,T01,P02,38,MAMUI,Jacaratia spinosa,Caricaceae,11.3,O,S,1,FALSE,NA,5.24,6.28,0.7,0.4,0.5,0.6,20130822,296549.8293,9718052.491
AND_A01,T01,P02,39,TREMA,Trema micrantha,Cannabaceae,10.1,O,S,1,FALSE,NA,4,8.69,1.6,1.8,2,2,20130822,296549.7333,9718052.448
AND_A01,T01,P02,40,ABIURANA BRANCA,Pouteria guianensis,Sapotaceae,30.9,O,S,1,FALSE,NA,10.76,19.69,2.1,2.3,2.2,2.4,20130822,296556.0948,9718046.507
AND_A01,T01,P02,41,MATA MATA BRANCO,Eschweilera coriacea,Lecythidaceae,53.8,O,E,1,FALSE,NA,15.29,24.75,5.3,4.4,4.8,4.7,20130822,296532.524,9718038.427
AND_A01,T01,P02,42,BREU BARROTE,Tetragastris panamensis,Burseraceae,46.6,O,E,1,FALSE,NA,12.58,24.04,3.8,2.3,4,2,20130822,296510.4537,9718028.189
AND_A01,T01,P02,43,MUIRATINGA,Brosimum rubescens ,Moraceae,36,O,E,1,FALSE,NA,18.89,25.83,0.7,5.3,3.8,2.7,20130822,296506.2609,9718032.243
AND_A01,T01,P02,44,MAMUI,Jacaratia spinosa,Caricaceae,45.8,O,E,1,FALSE,NA,13.9,16.08,2.7,2.5,2.3,2.2,20130822,296510.632,9718042.631
AND_A01,T01,P02,45,CAJUA큣,Anacardium spruceanum,Anacardiaceae,41.1,O,E,1,FALSE,NA,17.74,28.26,3.6,3.4,3,2.8,20130822,296505.0768,9718042.262
AND_A01,T01,P02,46,MATA MATA BRANCO,Eschweilera coriacea,Lecythidaceae,48,O,C,1,FALSE,NA,19.4,32.31,7,3.6,7.5,6.5,20130822,296492.7852,9718066.336
AND_A01,T01,P02,47,ESCORREGA MACACO,Capirona huberiana,Rubiaceae,38,O,C,2,FALSE,NA,17.79,27.54,6.8,7.1,8.7,2.3,20130822,296498.6525,9718070.201
AND_A01,T01,P02,48,PAU JACARE,Laetia procera,Salicaceae,43.9,O,E,1,FALSE,NA,19.85,23.75,4.2,4.6,3,3.2,20130822,296518.8274,9718076.539
AND_A01,T01,P02,49,ABIURANA BRANCA,Pouteria guianensis,Sapotaceae,60,O,E,1,FALSE,NA,23.95,27.28,1.7,4.5,3.8,2.5,20130822,296521.4251,9718060.365
AND_A01,T01,P02,50,MATA MATA BRANCO,Eschweilera coriacea,Lecythidaceae,42.4,O,E,1,FALSE,NA,13.79,24.08,0.8,2.8,0.6,2.7,20130822,296523.2009,9718056.855
AND_A01,T01,P02,51,MATA MATA BRANCO,Eschweilera coriacea,Lecythidaceae,37.5,O,E,1,FALSE,NA,13.49,17.8,1.7,3.7,3.6,2.5,20130822,296523.1506,9718054.675
AND_A01,T01,P02,52,MORTA,NA,NA,50,O,NA,NA,TRUE,3,NA,5.56,NA,NA,NA,NA,20130822,296525.1607,9718064.246
AND_A01,T01,P03,53,MAMUI,Jacaratia spinosa,Caricaceae,11.3,O,S,2,FALSE,NA,11.3,15.36,1.1,0.7,0.6,0.7,20130822,296597.1594,9717946.521
AND_A01,T01,P03,54,BURANGICA,Galipea trifoliata,NA,12.3,O,S,2,FALSE,NA,10.06,15.17,2.5,1.7,0.8,2.8,20130822,296601.7308,9717943.526
AND_A01,T01,P03,55,BREU BRANCO,Protium paniculatum,Burseraceae,18,O,S,2,FALSE,NA,12.32,18.06,2.7,1.2,1.4,2.8,20130822,296599.3906,9717942.77
AND_A01,T01,P03,56,IPERANA,Eperua bijuga,Fabaceae,26,O,S,2,FALSE,NA,8.27,11.4,1.2,4,3.4,1.3,20130822,296600.1216,9717938.539
AND_A01,T01,P03,57,MUIRACATIARA,Astronium gracile,Anacardiaceae,23.6,O,S,2,FALSE,NA,19.16,25.79,2.3,1.5,1.2,3.7,20130822,296599.84,9717938.45
AND_A01,T01,P03,58,TAXI,Tachigali myrmecophila,Fabaceae,30.9,O,C,1,FALSE,NA,13.6,23.74,2.6,3.7,2.2,4.2,20130822,296602.7221,9717935.994
AND_A01,T01,P03,59,FREIJO BRANCO,Cordia scabrifolia,Boraginaceae,17.7,O,S,2,FALSE,NA,6.33,7.91,1,1.1,1,1.2,20130822,296603.2274,9717934.569
AND_A01,T01,P03,60,INGA VERMELHO,Inga alba,Fabaceae,19.1,O,S,2,FALSE,NA,10.78,17.51,2.2,3.4,2,3.1,20130822,296607.1693,9717932.824
AND_A01,T01,P03,61,A큐I,Euterpe oleracea,Arecaceae,11,P,S,2,FALSE,NA,4.8,6.42,0.9,1,0.8,0.8,20130822,296610.0248,9717919.888
AND_A01,T01,P03,62,INGA VERMELHO,Inga alba,Fabaceae,24.1,O,S,1,FALSE,NA,14.43,19.31,4,2,3.6,2.7,20130822,296610.0943,9717919.32
AND_A01,T01,P03,63,A큐I,Euterpe oleracea,Arecaceae,11.1,P,S,1,FALSE,NA,9.09,11.2,1,1,1,0.9,20130822,296612.3624,9717919.591
AND_A01,T01,P03,64,MAMUI,Jacaratia spinosa,Caricaceae,12.6,O,S,1,FALSE,NA,5.29,7.49,1,1.2,1,0.8,20130822,296613.8029,9717918.048
AND_A01,T01,P03,65,ANDIROBA,Carapa guianensis,Meliaceae,47.6,O,E,1,FALSE,NA,18.26,27.64,3,3.3,4.1,4.2,20130822,296616.8452,9717912.059
AND_A01,T01,P03,66,SERINGA VERDADEIRA,Hevea brasiliensis,Euphorbiaceae,37.3,O,C,1,FALSE,NA,18.54,27.49,3.2,1.6,1.8,2.7,20130822,296601.1927,9717901.881
AND_A01,T01,P03,67,MAPATIRANA,Pourouma minor,Urticaceae,45.8,O,C,1,FALSE,NA,16.29,18.96,2.2,0,2,1,20130822,296595.7796,9717906.103
AND_A01,T01,P03,68,ANDIROBA,Carapa guianensis,Meliaceae,59,O,E,1,FALSE,NA,18.17,27.89,5.2,1.2,4.3,2.2,20130822,296594.5866,9717901.955
AND_A01,T01,P03,69,GUAJARA BOLACHA,Pouteria oppositifolia,Sapotaceae,50,O,E,1,FALSE,NA,23.95,37.87,1.7,2.7,1.3,2.5,20130822,296575.389,9717896.609
AND_A01,T01,P03,70,MATA MATA BRANCO,Eschweilera coriacea,Lecythidaceae,51.7,O,E,1,FALSE,NA,13.51,18.23,1.2,1.1,1.5,1,20130822,296573.0712,9717909.978
AND_A01,T01,P03,71,MORTA,NA,NA,43.7,O,NA,NA,TRUE,1,NA,24.83,NA,NA,NA,NA,20130822,296584.9014,9717912.511
AND_A01,T01,P03,72,MORTA,NA,NA,38.7,O,NA,NA,TRUE,1,NA,16.83,NA,NA,NA,NA,20130822,296605.8376,9717918.658
AND_A01,T01,P03,73,MORTA,NA,NA,38.32,O,NA,NA,TRUE,1,NA,18.09,NA,NA,NA,NA,20130822,296607.2203,9717918.087
AND_A01,T01,P04,74,EMBAUBA BRANCA,Cecropia palmata,Urticaceae,11.9,O,S,1,FALSE,NA,8.18,17.53,0.8,0.7,0.8,0.6,20130822,296656.7197,9717811.819
AND_A01,T01,P04,75,MAMUI,Jacaratia spinosa,Caricaceae,15,O,S,1,FALSE,NA,6.15,9.27,2.2,1.6,2,1.7,20130822,296657.3396,9717803.499
AND_A01,T01,P04,76,MAMUI,Jacaratia spinosa,Caricaceae,14.5,O,S,1,FALSE,NA,6.29,8.02,1.7,2,1.8,1.5,20130822,296657.922,9717800.539
AND_A01,T01,P04,77,JATEREU,Lecythis idatimon,Lecythidaceae,10.9,O,S,2,FALSE,NA,8.36,10.24,2.8,2,2.7,3.2,20130822,296662.1364,9717801.277
AND_A01,T01,P04,78,MORTA,NA,NA,36,O,NA,NA,TRUE,3,NA,21.77,NA,NA,NA,NA,20130822,296658.1403,9717797.424
AND_A01,T01,P04,79,FAVA FOLHA FINA,Parkia sp.,Fabaceae,55.4,O,E,1,FALSE,NA,27.93,32.43,5.6,5.1,4.2,3.8,20130822,296655.0089,9717788.694
AND_A01,T01,P04,80,ABIURANA BRANCA,Pouteria guianensis,Sapotaceae,47.4,O,C,2,FALSE,NA,18.93,31.68,3,3.3,3,3.4,20130822,296655.9948,9717774.926
AND_A01,T01,P04,81,FREIJO BRANCO,Cordia scabrifolia,Boraginaceae,12.1,O,S,2,FALSE,NA,5.95,7.16,0.7,1.8,0.9,1.6,20130822,296665.6701,9717770.561
AND_A01,T01,P04,82,CAJUA큣,Anacardium spruceanum,Anacardiaceae,39.4,O,E,1,FALSE,NA,20.47,25.76,3,2.7,2.2,5,20130822,296664.1791,9717766.87
AND_A01,T01,P04,83,MATA MATA BRANCO,Eschweilera coriacea,Lecythidaceae,84,O,E,1,FALSE,NA,25.76,34.75,4.5,5.3,2.7,5.4,20130822,296651.0528,9717767.434
AND_A01,T01,P04,84,PINTADINHO,Poeppigia sp.,Fabaceae,39.7,O,C,1,FALSE,NA,18.03,23.93,3.5,3.7,3.6,4.6,20130822,296648.2532,9717763.385
AND_A01,T01,P04,85,ABIURANA,Pouteria gongrijpii,Sapotaceae,42,O,C,1,FALSE,NA,17.49,27.36,5.8,1.5,1.7,2.2,20130822,296650.1823,9717771.216
AND_A01,T01,P04,86,CASCA SECA,Licania canescens,Chrysobalanaceae,43.4,O,C,1,FALSE,NA,17.87,31.2,2.7,3,2.6,3.7,20130822,296644.9351,9717769.277
AND_A01,T01,P04,87,ABIURANA,Pouteria gongrijpii,Sapotaceae,41.5,O,C,1,FALSE,NA,19.72,26.47,2.5,2,2.4,4.3,20130822,296634.5605,9717761.511
AND_A01,T01,P04,88,MORTA,NA,NA,42.4,O,NA,NA,TRUE,3,NA,24.56,NA,NA,NA,NA,20130822,296631.5651,9717765.314
AND_A01,T01,P04,89,INGA BRANCA,Inga thibaudiana,Fabaceae,40.2,O,C,1,FALSE,NA,17.43,23.52,3.6,1.7,4,1.3,20130822,296629.0473,9717767.301
AND_A01,T01,P04,90,PINTADINHO,Poeppigia sp.,Fabaceae,35.3,O,C,1,FALSE,NA,15.82,21.45,1.3,1.4,2.7,3.2,20130822,296638.2066,9717776.8
AND_A01,T01,P04,91,MATA MATA BRANCO,Eschweilera coriacea,Lecythidaceae,40.3,O,C,1,FALSE,NA,13.32,21.89,3.1,2.8,3.5,2.2,20130822,296632.5337,9717779.54
AND_A01,T01,P04,92,SERINGARANA,Micrandra minor,Euphorbiaceae,56.6,O,E,1,FALSE,NA,37.68,53.84,4.2,2.8,3.4,4,20130822,296613.8167,9717794.183
AND_A01,T01,P04,93,SERINGARANA,Micrandra minor,Euphorbiaceae,45.9,O,C,1,FALSE,NA,36.85,46.27,2.3,3.5,3.4,3.2,20130822,296615.2831,9717792.89
AND_A01,T01,P04,94,ABIURANA BRANCA,Pouteria guianensis,Sapotaceae,42.3,O,C,2,FALSE,NA,31.05,43.96,1.2,5.3,5.7,1.8,20130822,296618.4993,9717796.343
AND_A01,T01,P04,95,ENVIRA QUIABO,Sterculia pruriens,Malvaceae,49,O,C,1,FALSE,NA,28.98,35.35,2.2,5.7,6.2,0.7,20130822,296622.3209,9717797.806
AND_A01,T01,P04,96,ANDIROBA,Carapa guianensis,Meliaceae,49.4,O,C,1,FALSE,NA,16.1,27.34,1.7,5.5,2.6,5.6,20130822,296651.3557,9717806.177
AND_A01,T02,P01,1,MARAVUVUIA,Croton matourensis,Euphorbiaceae,17.5,O,S,2,FALSE,NA,9.1,14.53,1.7,1.8,0.6,7.7,20130824,296294.6458,9718129.517
AND_A01,T02,P01,2,MAMUI,Jacaratia spinosa,Caricaceae,24.7,O,S,2,FALSE,NA,7.56,15.03,1.8,3.9,2,1,20130824,296296.6226,9718124.891
AND_A01,T02,P01,3,MUUBA,Bellucia grossularioides,Melastomataceae,18.3,O,S,2,FALSE,NA,11.48,19.44,4,4.1,3,4.2,20130824,296293.9406,9718122.179
AND_A01,T02,P01,4,JATEREU,Lecythis idatimon,Lecythidaceae,18.3,O,S,2,FALSE,NA,10.53,16.88,6,0.1,1.7,1.4,20130824,296295.6925,9718118.076
AND_A01,T02,P01,5,MATA MATA BRANCO,Eschweilera coriacea,Lecythidaceae,43.2,O,C,2,FALSE,NA,14.76,24.23,4.4,3.4,3,4,20130824,296298.7863,9718110.83
AND_A01,T02,P01,6,BURANGICA,Galipea trifoliata,NA,10.4,O,S,2,FALSE,NA,6.01,9.96,1.3,1.9,1.8,2.3,20130824,296299.5918,9718108.693
AND_A01,T02,P01,7,ANDIROBA,Carapa guianensis,Meliaceae,41.2,O,S,2,FALSE,NA,18.54,28.66,5.1,3.8,4,2.1,20130824,296300.7765,9718106.419
AND_A01,T02,P01,8,INGA VERMELHO,Inga alba,Fabaceae,14.2,O,C,2,FALSE,NA,8.93,19.68,7.8,1.4,5.2,2.3,20130824,296305.7586,9718104.762
AND_A01,T02,P01,9,CUTITIRIBA,Pouteria sp.,Sapotaceae,12.3,O,S,2,FALSE,NA,11.16,16.54,3.3,2,2.2,2.7,20130824,296304.0893,9718102.415
AND_A01,T02,P01,10,MARUPA,Simarouba amara,Simaroubaceae,46.4,O,E,1,FALSE,NA,25.51,30.78,4,1,2.8,4.1,20130824,296277.9372,9718111.175
AND_A01,T02,P01,11,ANDIROBA,Carapa guianensis,Meliaceae,60,O,E,1,FALSE,NA,10.46,27.52,5.1,4.1,3.9,6,20130824,296276.1567,9718110.347
AND_A01,T02,P01,12,CAJUA큣,Anacardium spruceanum,Anacardiaceae,57.2,O,E,1,FALSE,NA,14.9,25.03,2,4,7.2,3.1,20130824,296259.9883,9718113.294
AND_A01,T02,P01,13,MATA MATA BRANCO,Eschweilera coriacea,Lecythidaceae,41,O,C,1,FALSE,NA,12.28,22.2,1.9,6,2.1,4.8,20130824,296281.0473,9718118.902
AND_A01,T02,P01,14,FAVEIRA BRANCA,Parkia sp.,Fabaceae,54,O,C,1,FALSE,NA,12.07,25.85,3,5.5,5.7,5.6,20130824,296276.5026,9718134.579
AND_A01,T02,P02,15,NA,NA,NA,10.6,O,C,2,FALSE,NA,7.36,9.34,3,2.5,3.8,1.8,20130824,296346.2354,9718004.301
AND_A01,T02,P02,16,FAVEIRA BRANCA,Parkia sp.,Fabaceae,15.7,O,S,2,FALSE,NA,15.34,16.45,2,0.6,1,0.8,20130824,296342.4495,9718002.664
AND_A01,T02,P02,17,EMBAUBA BRANCA,Cecropia palmata,Urticaceae,11.5,O,E,1,FALSE,NA,10.77,14.74,2.1,1,1.3,1,20130824,296346.7776,9718003.258
AND_A01,T02,P02,18,EMBAUBA BRANCA,Cecropia palmata,Urticaceae,14.7,O,E,1,FALSE,NA,9.02,13.01,2.8,1.8,1.8,2.7,20130824,296346.8904,9718002.988
AND_A01,T02,P02,19,BREU BARROTE,Tetragastris panamensis,Burseraceae,40,O,C,1,FALSE,NA,19.41,23.89,5.4,2.2,3.8,3.4,20130824,296344.2187,9718000.748
AND_A01,T02,P02,20,MATA MATA BRANCO,Eschweilera coriacea,Lecythidaceae,37,O,C,1,FALSE,NA,16.85,20.04,3,4.5,4.3,3,20130824,296348.5449,9717999.028
AND_A01,T02,P02,21,TENTO,Ormosia grossa,Fabaceae,10.3,O,S,2,FALSE,NA,14.32,18.81,1.9,1.7,3.4,1.3,20130824,296348.5088,9717996.592
AND_A01,T02,P02,22,MARUPA,Simarouba amara,Simaroubaceae,22.5,O,C,2,FALSE,NA,8.11,10.31,3.5,1.8,1.3,4.8,20130824,296347.1065,9717993.917
AND_A01,T02,P02,23,EMBAUBA BRANCA,Cecropia palmata,Urticaceae,27,O,E,1,FALSE,NA,15.53,23.49,4.2,2.5,1,6,20130824,296347.7324,9717989.958
AND_A01,T02,P02,24,PARAPARA,Jacaranda copaia,Bignoniaceae,16.1,O,E,1,FALSE,NA,13.38,22.54,1,2.3,0,4.3,20130824,296352.7048,9717988.82
AND_A01,T02,P02,25,NA,NA,NA,12.1,O,S,2,FALSE,NA,15.83,19.26,2.5,2.5,3,2,20130824,296352.046,9717982.231
AND_A01,T02,P02,26,EMBAUBA BRANCA,Cecropia palmata,Urticaceae,14.7,O,E,1,FALSE,NA,16.96,19.69,1.6,1.8,0.7,2,20130824,296357.7356,9717975.07
AND_A01,T02,P02,27,EMBAUBA BRANCA,Cecropia palmata,Urticaceae,22.9,O,E,1,FALSE,NA,16.04,20.67,3,3.5,2.7,3.4,20130824,296357.967,9717973.056
AND_A01,T02,P02,28,EMBAUBA BRANCA,Cecropia palmata,Urticaceae,10.4,O,E,2,FALSE,NA,14.51,19.52,3.5,0.5,0.6,2.9,20130824,296356.2257,9717972.343
AND_A01,T02,P02,29,EMBAUBA TOREN,Cecropia engleriana,Urticaceae,10.5,O,E,1,FALSE,NA,12.53,22.57,0.2,1.7,1.2,1.6,20130824,296356.3397,9717972.074
AND_A01,T02,P02,30,MORTA,NA,NA,30,O,NA,NA,TRUE,3,NA,10.58,NA,NA,NA,NA,20130824,296360.69,9717969.955
AND_A01,T02,P02,31,INGA BRANCO,Inga thibaudiana,Fabaceae,14,O,S,2,FALSE,NA,10.19,16.11,1,2.9,2.3,6.4,20130824,296361.3029,9717968.73
AND_A01,T02,P02,32,EMBAUBA BRANCA,Cecropia palmata,Urticaceae,22.9,O,S,2,FALSE,NA,6.22,7.56,1.9,1,2.5,2.7,20130824,296363.8109,9717962.484
AND_A01,T02,P02,33,ANDIROBA,Carapa guianensis,Meliaceae,53.2,O,E,1,FALSE,NA,17.84,31.32,3.2,4,4.2,7.8,20130824,296335.7899,9717975.601
AND_A01,T02,P02,34,ANDIROBA,Carapa guianensis,Meliaceae,43.4,O,E,1,FALSE,NA,14.89,21.6,2.9,3,4.7,2,20130824,296338.9318,9717966.321
AND_A01,T02,P02,35,BREU BARROTE,Tetragastris panamensis,Burseraceae,38.7,O,C,2,FALSE,NA,19.67,28.43,3.3,2.7,5.4,4.3,20130824,296335.6901,9717968.905
AND_A01,T02,P02,36,BREU BARROTE,Tetragastris panamensis,Burseraceae,45.5,O,E,1,FALSE,NA,13.15,21.26,5.8,3,7,5.8,20130824,296327.0276,9717945.56
AND_A01,T02,P02,37,ANDIROBA,Carapa guianensis,Meliaceae,52,O,C,2,FALSE,NA,30.44,37.44,3.2,4,1.6,4,20130824,296318.4277,9717952.631
AND_A01,T02,P02,38,BREU BARROTE,Tetragastris panamensis,Burseraceae,37.6,O,C,2,FALSE,NA,24.93,25.79,3.2,2.5,7.8,4.3,20130824,296335.9607,9717979.894
AND_A01,T02,P02,39,ENVIRA QUIABO,Sterculia pruriens,Malvaceae,45.1,O,C,2,FALSE,NA,25.16,30.73,3.4,2.5,4.5,2.1,20130824,296335.3885,9717976.494
AND_A01,T02,P02,40,MATA MATA BRANCO,Eschweilera coriacea,Lecythidaceae,43.3,O,C,2,FALSE,NA,20.18,27.88,2.5,4.3,4.4,5.1,20130824,296336.9435,9717982.405
AND_A01,T02,P02,41,MAMUI,Jacaratia spinosa,Caricaceae,36.7,O,C,2,FALSE,NA,15.59,16.49,0.4,0.5,0.5,0.4,20130824,296336.8992,9717952.797
AND_A01,T02,P03,42,SUCUUBA,Himatanthus sucuuba,Euphorbiaceae,14,O,S,2,FALSE,NA,7.94,12.43,1.7,1.8,1.1,1.6,20130824,296411.0481,9717851.286
AND_A01,T02,P03,43,GENIPARANA,Gustavia poeppigiana,Lecythidaceae,11,O,S,3,FALSE,NA,4.85,7.55,2,1,1.4,1.7,20130824,296396.4672,9717864.643
AND_A01,T02,P03,44,MATA MATA BRANCO,Eschweilera coriacea,Lecythidaceae,11,O,S,1,FALSE,NA,7.85,11.91,1.2,1.3,2.3,1.2,20130824,296411.0459,9717852.934
AND_A01,T02,P03,45,CUTITIRIBA,Pouteria sp.,Sapotaceae,17.3,O,S,2,FALSE,NA,8.29,12.06,1.7,2,1.7,2.8,20130824,296410.4806,9717846.201
AND_A01,T02,P03,46,MACUCU,Licania heteromorpha,Chrysobalanaceae,12.6,O,S,2,FALSE,NA,9.14,12.03,3.8,0.7,1.6,2.8,20130824,296413.9544,9717846.579
AND_A01,T02,P03,47,A큐I,Euterpe oleracea,Arecaceae,12.2,P,S,2,FALSE,NA,14.31,17.95,2,2.2,2,1.8,20130824,296413.8624,9717842.644
AND_A01,T02,P03,48,A큐I,Euterpe oleracea,Arecaceae,12.8,P,S,2,FALSE,NA,13.37,15.93,2.2,2.3,1.6,2.1,20130824,296413.0352,9717841.341
AND_A01,T02,P03,49,ENVIRA QUIABO,Sterculia pruriens,Malvaceae,11.4,O,S,2,FALSE,NA,8.92,10.21,1.3,0.3,3.5,2.3,20130824,296415.0032,9717842.118
AND_A01,T02,P03,50,CASCA SECA,Licania canescens,Chrysobalanaceae,12.7,O,S,2,FALSE,NA,13.37,16.77,1,2.7,1,1.6,20130824,296417.2235,9717834.195
AND_A01,T02,P03,51,ABIURANA,Pouteria gongrijpii,Sapotaceae,22.1,O,C,2,FALSE,NA,20.88,25.17,1.9,2.5,3.4,4,20130824,296419.9323,9717832.741
AND_A01,T02,P03,52,MORTA,NA,NA,53,O,NA,NA,TRUE,1,NA,21.54,NA,NA,NA,NA,20130824,296419.0343,9717831.983
AND_A01,T02,P03,53,ARATACIU,Sagotia racemosa,Euphorbiaceae,11.6,O,S,2,FALSE,NA,9.02,11.65,2.5,2.3,2.6,3.6,20130824,296419.8155,9717831.319
AND_A01,T02,P03,54,TIMBORANA,Pseudopiptadenia suaveolens,Fabaceae,49.4,O,E,1,FALSE,NA,12.25,18.07,2,2.3,0.6,2,20130824,296405.4849,9717824.876
AND_A01,T02,P04,55,UCUUBA VERMELHA,Virola mollissima,Myristicaceae,26.2,O,S,1,FALSE,NA,19.09,25.7,3.7,4,4.2,1.2,20130824,296459.3875,9717733.699
AND_A01,T02,P04,56,ARATACIU,Sagotia racemosa,Euphorbiaceae,14,O,S,2,FALSE,NA,11.13,16.25,1.8,2.2,2.5,2.7,20130824,296463.8562,9717727.014
AND_A01,T02,P04,57,MAPATIRANA,Pourouma minor,Urticaceae,36,O,C,2,FALSE,NA,23.86,31.03,5.5,4.8,3.4,3.5,20130824,296460.4137,9717726.899
AND_A01,T02,P04,58,ACARIQUARA,Minquartia guianensis,Olacaceae,50.2,O,C,2,FALSE,NA,18.22,25.59,3,5.3,3.2,3,20130824,296459.0427,9717725.172
AND_A01,T02,P04,59,FAVA FOLHA FINA,Parkia sp.,Fabaceae,71.5,O,E,2,FALSE,NA,26.72,41.03,6.1,9,10.2,3.5,20130824,296463.0298,9717724.598
AND_A01,T02,P04,60,BREU BRANCO,Protium paniculatum,Burseraceae,24.9,O,S,2,FALSE,NA,19.89,26.76,1.2,3.5,3.7,4.7,20130824,296465.3638,9717722.898
AND_A01,T02,P04,61,MAPATIRANA,Pourouma minor,Urticaceae,33.6,O,S,2,FALSE,NA,22.52,29.39,2.6,3.7,8,5.4,20130824,296469.9539,9717717.591
AND_A01,T02,P04,62,ABIURANA,Pouteria gongrijpii,Sapotaceae,17.4,O,S,2,FALSE,NA,7.76,10.2,1.2,2.7,3.3,1.4,20130824,296469.9867,9717715.899
AND_A01,T02,P04,63,MATA MATA BRANCO,Eschweilera coriacea,Lecythidaceae,70.6,O,C,1,FALSE,NA,24.52,31.3,5.2,2.6,7.7,3.2,20130824,296462.1721,9717706.884
AND_A01,T02,P04,64,BREU BRANCO,Protium paniculatum,Burseraceae,41.7,O,C,1,FALSE,NA,24.08,32.47,3.1,6,8,4,20130824,296462.1011,9717702.36
AND_A01,T02,P04,65,JOAO MOLE,Neea oppositifolia,Nyctaginaceae,35,O,C,1,FALSE,NA,27.31,31.19,3.1,4.1,2.3,5.6,20130824,296471.8608,9717709.613
AND_A01,T02,P04,66,FAVA FOLHA FINA,Parkia sp.,Fabaceae,82.1,O,E,1,FALSE,NA,26.33,44.72,9.4,6.3,9.4,7.3,20130824,296473.8595,9717700.726
AND_A01,T02,P04,67,MORTA,NA,NA,74,O,NA,NA,TRUE,3,NA,27.17,NA,NA,NA,NA,20130824,296475.6572,9717699.25
AND_A01,T02,P04,68,ANDIROBA,Carapa guianensis,Meliaceae,38.3,O,C,2,FALSE,NA,22.55,31.3,0.6,0.4,6.5,0.5,20130824,296478.2912,9717698.337
AND_A01,T02,P04,69,MATA MATA BRANCO,Eschweilera coriacea,Lecythidaceae,30.3,O,E,1,FALSE,NA,22.95,41.79,4.5,4.7,6.8,4.4,20130824,296481.2303,9717696.551
AND_A01,T02,P04,70,SERINGARANA,Micrandra minor,Euphorbiaceae,48.2,O,E,1,FALSE,NA,29.07,42.2,3.4,2,4,3.4,20130824,296461.7809,9717691.315
AND_A01,T02,P04,71,INGA BRANCO,Inga thibaudiana,Fabaceae,40.2,O,C,2,FALSE,NA,29.64,39.41,6.3,1.2,6.2,4.7,20130824,296456.1711,9717686.844
AND_A01,T02,P04,72,MORTA,NA,NA,38.3,O,NA,NA,TRUE,3,NA,6.47,NA,NA,NA,NA,20130824,296452.8204,9717691.681
AND_A01,T02,P04,73,MATA MATA BRANCO,Eschweilera coriacea,Lecythidaceae,38.7,O,C,1,FALSE,NA,21.1,32.46,3.4,3.9,3.1,3.4,20130824,296445.4793,9717679.093
AND_A01,T02,P04,74,MATA MATA BRANCO,Eschweilera coriacea,Lecythidaceae,66,O,E,2,FALSE,NA,24.74,35.46,2.5,1.7,4,3.6,20130824,296440.5864,9717680.176
AND_A01,T02,P04,75,JATAUA,Trichilia micrantha,Meliaceae,36.2,O,C,1,FALSE,NA,28.66,35.96,7.2,1,5.5,1.5,20130824,296433.1269,9717684.47
AND_A01,T02,P04,76,MORTA,NA,NA,38.3,O,NA,NA,TRUE,1,NA,28.1,NA,NA,NA,NA,20130824,296472.1569,9717692.658
AND_A01,T02,P04,77,MORTA,NA,NA,65,O,NA,NA,TRUE,2,NA,24.89,NA,NA,NA,NA,20130824,296418.4429,9717718.767
AND_A01,T02,P04,78,MORTA,NA,NA,36.8,O,NA,NA,TRUE,2,NA,16.36,NA,NA,NA,NA,20130824,296455.7144,9717732.931
AND_A01,T02,P04,79,BREU BARROTE,Tetragastris panamensis,Burseraceae,60.7,O,C,1,FALSE,NA,17.11,29.69,2.2,6,6,4.3,20130824,296426.6829,9717719.76
AND_A01,T02,P04,80,JATEREU,Lecythis idatimon,Lecythidaceae,49.3,O,C,1,FALSE,NA,22.06,31.01,1.5,6.8,1.4,7.6,20130824,296426.1644,9717718.527
AND_A01,T02,P04,81,MATA MATA BRANCO,Eschweilera coriacea,Lecythidaceae,53.5,O,C,1,FALSE,NA,21.1,29.53,3.7,6,3,5.6,20130824,296428.6176,9717713.217
AND_A01,T03,P01,1,MATA MATA BRANCO,Eschweilera coriacea,Lecythidaceae,38.5,O,S,2,FALSE,NA,19.48,30.78,5,4.3,5.4,3.5,20130826,296104.3633,9718059.254
AND_A01,T03,P01,2,MACUCU BRANCO,Couepia sp.,Chrysobalanaceae,11.9,O,S,2,FALSE,NA,13.08,20,3.3,1.8,3,0.7,20130826,296104.0191,9718059.094
AND_A01,T03,P01,3,MATA MATA BRANCO,Eschweilera coriacea,Lecythidaceae,13,O,S,2,FALSE,NA,11.11,17.8,2.3,2.3,2.4,1.6,20130826,296108.1202,9718055.229
AND_A01,T03,P01,4,JATEREU,Lecythis idatimon,Lecythidaceae,19.3,O,S,2,FALSE,NA,14.67,25.14,3.1,2,5.6,1.9,20130826,296105.7779,9718051.556
AND_A01,T03,P01,5,FAVA FOLHA FINA,Parkia sp.,Fabaceae,67,O,C,1,FALSE,NA,21.63,36.68,5,4.3,9.4,2.2,20130826,296109.4217,9718051.473
AND_A01,T03,P01,6,PINTADINHO,Poeppigia sp.,Fabaceae,26.1,O,S,2,FALSE,NA,16.82,27.31,3.1,5.7,4.4,3.4,20130826,296109.7616,9718048.159
AND_A01,T03,P01,7,MATA MATA BRANCO,Eschweilera coriacea,Lecythidaceae,39,O,S,2,FALSE,NA,17.69,24.59,6.4,4.8,4.2,7.7,20130826,296108.2386,9718046.485
AND_A01,T03,P01,8,JATEREU,Lecythis idatimon,Lecythidaceae,44.3,O,S,2,FALSE,NA,23.95,31.83,6,6.7,6.5,4.1,20130826,296111.6957,9718045.933
AND_A01,T03,P01,9,INGA BRANCO,Inga thibaudiana,Fabaceae,14.2,O,S,2,FALSE,NA,11.19,16.7,1.3,1.4,1.1,2.1,20130826,296113.3467,9718042.543
AND_A01,T03,P01,10,CUTITIRIBA,Pouteria sp.,Sapotaceae,10.9,O,S,2,FALSE,NA,6.54,10.4,2.2,0.8,0.2,3,20130826,296117.9351,9718034.881
AND_A01,T03,P01,11,INGA BRANCO,Inga thibaudiana,Fabaceae,40.2,O,S,2,FALSE,NA,14.44,27.05,7.6,4.4,7.6,4.3,20130826,296116.8765,9718030.892
AND_A01,T03,P01,12,PAU JACARE,Laetia procera,Salicaceae,16.8,O,S,2,FALSE,NA,15.56,22.45,0,4,1,2.4,20130826,296116.0242,9718030.441
AND_A01,T03,P01,13,NA,NA,NA,12.2,O,S,2,FALSE,NA,4.47,6.94,6.5,1,2.4,3,20130826,296120.3143,9718030.221
AND_A01,T03,P01,14,CUTITIRIBA,Pouteria sp.,Sapotaceae,15.2,O,S,2,FALSE,NA,16.68,21.07,2,2,2.5,2.6,20130826,296119.2197,9718028.279
AND_A01,T03,P01,15,BREU BRANCO,Protium paniculatum,Burseraceae,14,O,S,2,FALSE,NA,17.23,16.6,2.3,2.6,3.4,3,20130826,296122.3266,9718026.094
AND_A01,T03,P01,16,BREU BRANCO,Protium paniculatum,Burseraceae,12.8,O,S,2,FALSE,NA,14.39,21.98,3.7,0.4,0.5,1.6,20130826,296118.7042,9718025.803
AND_A01,T03,P01,17,BREU BRANCO,Protium paniculatum,Burseraceae,25.3,O,S,2,FALSE,NA,19.08,25.78,6.5,3.3,1,6.7,20130826,296118.8076,9718024.704
AND_A01,T03,P01,18,TAUARI,Couratari stellata,Lecythidaceae,43.2,O,C,1,FALSE,NA,19.09,27.92,5.3,1.7,3.3,4,20130826,296115.9702,9718019.457
AND_A01,T03,P01,19,ANDIROBA,Carapa guianensis,Meliaceae,49,O,C,1,FALSE,NA,18.43,34.17,3.6,3.7,8.3,4.6,20130826,296100.33,9718016.292
AND_A01,T03,P01,20,TANIBUCA,Terminalia amazonia,Combretaceae,73,O,E,1,FALSE,NA,34.8,48.11,8.5,8.3,11.7,6.2,20130826,296097.4009,9718017.972
AND_A01,T03,P01,21,PIQUIARANA,Caryocar glabrum,Caryocaraceae,70.6,O,E,1,FALSE,NA,20.2,36.39,4.5,3.6,10,3.5,20130826,296099.1045,9718018.883
AND_A01,T03,P01,22,JATEREU,Lecythis idatimon,Lecythidaceae,40.9,O,C,1,FALSE,NA,19.5,28.9,4.6,4,6,5.3,20130826,296096.0746,9718013.992
AND_A01,T03,P01,23,INGA BRANCO,Inga thibaudiana,Fabaceae,50.8,O,E,1,FALSE,NA,25.34,33.09,7,4.5,1,8.1,20130826,296085.0633,9718012.485
AND_A01,T03,P01,24,MATA MATA BRANCO,Eschweilera coriacea,Lecythidaceae,42.2,O,E,1,FALSE,NA,20.2,31.32,6.7,5.2,4,2.8,20130826,296085.5032,9718013.825
AND_A01,T03,P01,25,MASSARANDUBA,Manilkara huberi,Sapotaceae,48.5,O,C,1,FALSE,NA,23.34,32.59,4.6,4.8,5.3,5.6,20130826,296088.7748,9718004.493
AND_A01,T03,P01,26,MATA MATA BRANCO,Eschweilera coriacea,Lecythidaceae,48,O,C,1,FALSE,NA,22.86,32.35,4.1,7,10.3,3.2,20130826,296083.2399,9718000.32
AND_A01,T03,P01,27,MATA MATA BRANCO,Eschweilera coriacea,Lecythidaceae,57.1,O,C,1,FALSE,NA,17.92,33.85,5,4.4,5.4,5.2,20130826,296075.9586,9718029.823
AND_A01,T03,P01,28,CASCA SECA,Licania canescens,Chrysobalanaceae,43,O,E,1,FALSE,NA,28.52,35.81,3.4,5.4,5.4,6.1,20130826,296070.1136,9718037.903
AND_A01,T03,P01,29,JATEREU,Lecythis idatimon,Lecythidaceae,41.2,O,C,1,FALSE,NA,15.67,23.8,4,5.4,5.5,3,20130826,296068.9801,9718047.119
AND_A01,T03,P01,30,PARAPARA,Jacaranda copaia,Bignoniaceae,55.3,O,C,1,FALSE,NA,19.69,30.3,3.5,2.4,4,2.7,20130826,296084.4425,9718052.094
AND_A01,T03,P01,31,GUAJARA BOLACHA,Pouteria oppositifolia,Sapotaceae,51.8,O,C,1,FALSE,NA,17.76,27.63,6.4,5,3.3,6.7,20130826,296088.7737,9718034.011
AND_A01,T03,P02,32,MORTA,NA,NA,23.7,O,NA,NA,TRUE,4,NA,8.5,NA,NA,NA,NA,20130826,296167.3354,9717916.291
AND_A01,T03,P02,33,MORTA,NA,NA,90,O,NA,NA,TRUE,3,NA,52.65,NA,NA,NA,NA,20130826,296172.0623,9717913.878
AND_A01,T03,P02,34,MATA MATA BRANCO,Eschweilera coriacea,Lecythidaceae,55,O,E,1,FALSE,NA,28.92,32.74,5,3.9,4.3,6.8,20130826,296163.0488,9717909.179
AND_A01,T03,P02,35,BREU BARROTE,Tetragastris panamensis,Burseraceae,38.8,O,C,1,FALSE,NA,17.51,23.28,5.2,3.8,3.8,3.4,20130826,296174.5827,9717906.558
AND_A01,T03,P02,36,ARATACIU,Sagotia racemosa,Euphorbiaceae,11.7,O,S,2,FALSE,NA,7.33,12.41,2.8,3,2.8,1.8,20130826,296174.4883,9717906.524
AND_A01,T03,P02,37,BREU,Protium heptaphyllum,Burseraceae,16.8,O,S,2,FALSE,NA,9.03,13.83,2.3,2.4,1.9,2.8,20130826,296172.2233,9717905.699
AND_A01,T03,P02,38,TANIBUCA,Terminalia amazonia,Combretaceae,21,O,S,2,FALSE,NA,14.67,18.98,2,1.9,2.8,3.5,20130826,296175.9845,9717902.95
AND_A01,T03,P02,39,TAUARI,Couratari stellata,Lecythidaceae,12.6,O,S,2,FALSE,NA,11.9,13.55,2.8,0,0.5,4.5,20130826,296175.347,9717898.799
AND_A01,T03,P02,40,BREU BRANCO,Protium paniculatum,Burseraceae,16.1,O,S,2,FALSE,NA,12.78,16.31,4.1,3,3.2,2.8,20130826,296177.0552,9717898.189
AND_A01,T03,P02,41,MORTA,NA,NA,43,O,NA,NA,TRUE,3,NA,2.37,NA,NA,NA,NA,20130826,296173.1535,9717896.033
AND_A01,T03,P02,42,MATA MATA BRANCO,Eschweilera coriacea,Lecythidaceae,17.4,O,S,2,FALSE,NA,13.63,18.35,2.7,2.5,2.4,4.2,20130826,296177.6616,9717895.319
AND_A01,T03,P02,43,IPERANA,Eperua bijuga,Fabaceae,15.3,O,S,2,FALSE,NA,14.64,15.55,2.7,3.1,1.6,1.8,20130826,296177.1656,9717890.8
AND_A01,T03,P02,44,ANDIROBA,Carapa guianensis,Meliaceae,53.2,O,C,1,FALSE,NA,14.42,23.13,4.5,3.7,3.2,4.4,20130826,296166.2743,9717885.729
AND_A01,T03,P02,45,PARICARANA,Dimorphandra macrostachya,Fabaceae,18.1,O,S,2,FALSE,NA,13.96,18.36,4.3,5.4,2.5,4.5,20130826,296176.2169,9717887.555
AND_A01,T03,P02,46,JATEREU,Lecythis idatimon,Lecythidaceae,11.2,O,S,2,FALSE,NA,7.33,9.65,1.2,2.3,1.8,2,20130826,296179.438,9717885.962
AND_A01,T03,P02,47,PELO DE CUTIA,Banara guianensis,Salicaceae,14.4,O,S,2,FALSE,NA,13.08,16.05,2,2.9,3.3,1.6,20130826,296182.6375,9717881.474
AND_A01,T03,P02,48,INGA PELUDO,Inga grandis,Fabaceae,12.2,O,S,1,FALSE,NA,10.91,15.75,0.8,3.7,1.6,4.3,20130826,296183.0631,9717880.29
AND_A01,T03,P02,49,MARUPA,Simarouba amara,Simaroubaceae,11.1,O,S,1,FALSE,NA,12.11,15.22,1.8,3.5,1.3,0.3,20130826,296182.8879,9717877.846
AND_A01,T03,P02,50,MORTA,NA,NA,57,O,NA,NA,TRUE,3,NA,6.12,NA,NA,NA,NA,20130826,296158.8941,9717876.955
AND_A01,T03,P02,51,MATA MATA BRANCO,Eschweilera coriacea,Lecythidaceae,41.2,O,C,1,FALSE,NA,19.06,28.49,4.3,3.5,0.7,4.8,20130826,296143.2814,9717864.838
AND_A01,T03,P02,52,JATEREU,Lecythis idatimon,Lecythidaceae,37.6,O,S,1,FALSE,NA,20.39,32.53,6,2,3.7,2,20130826,296136.1889,9717886.309
AND_A01,T03,P02,53,ABIURANA,Pouteria gongrijpii,Sapotaceae,40.8,O,C,1,FALSE,NA,22.73,32.73,2.4,3.3,4,2.1,20130826,296138.6637,9717888.26
AND_A01,T03,P02,54,MATA MATA BRANCO,Eschweilera coriacea,Lecythidaceae,48,O,C,1,FALSE,NA,20.61,26.98,3.7,3.6,4,3.6,20130826,296138.218,9717892.275
AND_A01,T03,P03,55,JATEREU,Lecythis idatimon,Lecythidaceae,13.8,O,S,2,FALSE,NA,12.14,16.99,2,2.6,2.9,3,20130826,296223.1956,9717776.357
AND_A01,T03,P03,56,CAQUI PRETO,Diospyros guianensis,Ebenaceae,26.2,O,C,1,FALSE,NA,14.83,22.12,3.3,2.8,2.8,3.4,20130826,296225.6201,9717771.725
AND_A01,T03,P03,57,ABIURANA,Pouteria gongrijpii,Sapotaceae,65.1,O,C,2,FALSE,NA,17.51,24.53,3.8,1.7,2,4.2,20130826,296229.7272,9717766.516
AND_A01,T03,P03,58,EMBAUBA BRANCA,Cecropia palmata,Urticaceae,13,O,S,1,FALSE,NA,14.68,16.93,1.6,2,0.3,3,20130826,296229.9605,9717762.698
AND_A01,T03,P03,59,MATA MATA BRANCO,Eschweilera coriacea,Lecythidaceae,56.8,O,C,2,FALSE,NA,17.11,27.65,7,2,5.4,4.6,20130826,296214.0494,9717753.252
AND_A01,T03,P03,60,INGA VERMELHO,Inga alba,Fabaceae,15.1,O,S,2,FALSE,NA,10.88,16.23,6.4,3,3,5.8,20130826,296234.8492,9717750.652
AND_A01,T03,P03,61,INGA VERMELHO,Inga alba,Fabaceae,16.4,O,S,2,FALSE,NA,9.46,17.01,3,2.4,1.3,5.6,20130826,296234.8492,9717750.652
AND_A01,T03,P03,62,TAXIRANA,Stryphnodendron paniculatum,Fabaceae,55.4,O,E,1,FALSE,NA,34.23,45.25,5.8,8.9,8,5.9,20130826,296199.4513,9717750.612
AND_A01,T03,P03,63,FREIJO BRANCO,Cordia scabrifolia,Boraginaceae,49.2,O,C,1,FALSE,NA,30.27,40.23,4.3,3.9,4.4,3.6,20130826,296193.6237,9717754.885
AND_A01,T03,P03,64,TAUARI,Couratari stellata,Lecythidaceae,68,O,E,1,FALSE,NA,25.97,38.55,4.5,5,6.4,2.3,20130826,296201.6713,9717758.3
AND_A01,T03,P04,65,ARATACIU,Sagotia racemosa,Euphorbiaceae,10.1,O,S,2,FALSE,NA,5.7,9.6,2.8,1,2,2,20130826,296278.1762,9717644.475
AND_A01,T03,P04,66,PAPO DE MUTUM,Lacunaria jenmanii,Quiinaceae,11,O,S,2,FALSE,NA,9.87,12.07,2.8,1.8,1.5,1.8,20130826,296279.3924,9717638.334
AND_A01,T03,P04,67,PAPO DE MUTUM,Lacunaria jenmanii,Quiinaceae,10.1,O,S,2,FALSE,NA,-3.58,6.58,2.9,2.3,3.5,2.5,20130826,296282.3636,9717636.246
AND_A01,T03,P04,68,ANDIROBA,Carapa guianensis,Meliaceae,12.4,O,S,2,FALSE,NA,12.77,20.85,1.3,3.1,0.6,2.1,20130826,296284.6538,9717622.86
AND_A01,T03,P04,69,MORTA,NA,NA,70,O,NA,NA,TRUE,3,NA,21.47,NA,NA,NA,NA,20130826,296275.3239,9717641.046
AND_A01,T03,P04,70,LIANA,NA,NA,11,L,NA,NA,FALSE,NA,NA,NA,NA,NA,NA,NA,20130826,296277.3739,9717646.802
AND_A01,T03,P04,71,JATEREU,Lecythis idatimon,Lecythidaceae,19.1,O,S,2,FALSE,NA,18.01,23.92,2.2,2,2.6,1.8,20130826,296290.5781,9717619.682
AND_A01,T03,P04,72,COCO PAU,Couepia robusta,Chrysobalanaceae,95,O,E,1,FALSE,NA,40.89,48.5,7.7,19,10,9.5,20130826,296288.8955,9717616.413
AND_A01,T03,P04,73,MARATIMBE,NA,NA,10.1,O,S,2,FALSE,NA,4.22,7.93,2.6,1.9,2.5,2,20130826,296294.678,9717605.935
AND_A01,T03,P04,74,JATEREU,Lecythis idatimon,Lecythidaceae,28.4,O,C,1,FALSE,NA,18.66,23.91,3,1.8,2.4,5,20130826,296295.9783,9717605.319
AND_A01,T03,P04,75,MATA MATA BRANCO,Eschweilera coriacea,Lecythidaceae,20,O,E,1,FALSE,NA,19.47,26.31,3.3,7,4,3.9,20130826,296294.3606,9717606.906
AND_A01,T03,P04,76,ANANI,Symphonia globulifera,Clusiaceae,41.3,O,C,2,FALSE,NA,18.94,29.35,5.6,5.3,4.7,6,20130826,296279.7972,9717597.353
AND_A01,T03,P04,77,PAU JACARE,Laetia procera,Salicaceae,58.3,O,E,1,FALSE,NA,23.55,35.64,5.4,6.8,7.1,5.4,20130826,296270.0675,9717595.96
AND_A01,T03,P04,78,JATEREU,Lecythis idatimon,Lecythidaceae,36.5,O,S,2,FALSE,NA,17.72,24.38,4.3,4,2.2,5.2,20130826,296270.961,9717596.282
AND_A01,T03,P04,79,NA,NA,NA,46.3,O,C,1,FALSE,NA,20.16,24.25,3.2,3.8,3.6,3.3,20130826,296259.8143,9717600.545
AND_A01,T03,P04,80,MATA MATA BRANCO,Eschweilera coriacea,Lecythidaceae,47.5,O,C,1,FALSE,NA,24.44,32.26,3.6,4.9,5,4.8,20130826,296259.197,9717597.2
AND_A01,T03,P04,81,MORTA,NA,NA,74.5,O,NA,NA,TRUE,4,NA,21.16,NA,NA,NA,NA,20130826,296255.2484,9717596.775
AND_A01,T03,P04,82,SUCUUBA,Himatanthus sucuuba,Euphorbiaceae,42.6,O,E,1,FALSE,NA,15.56,34.08,4.8,3.2,2.3,6,20130826,296264.1983,9717642.88
AND_A01,T04,P01,1,TATAPIRIRICA,Tapirira guianensis,Anacardiaceae,17.4,O,S,1,FALSE,NA,7.98,10.77,6,1.3,3.5,2.6,20130826,295925.3044,9717977.854
AND_A01,T04,P01,2,CUPIUBA,Goupia glabra,Goupiaceae,53.5,O,C,1,FALSE,NA,19.09,26.48,5.2,3.3,3.5,4.4,20130826,295926.0078,9717973.415
AND_A01,T04,P01,3,PIQUIA,Caryocar villosum,Caryocaraceae,14.9,O,S,1,FALSE,NA,10.19,13.71,3.5,1.2,1.8,1.7,20130826,295929.5611,9717974.226
AND_A01,T04,P01,4,TATAPIRIRICA,Tapirira guianensis,Anacardiaceae,12.7,O,S,1,FALSE,NA,9.81,14.34,3,3.5,3,3.4,20130826,295927.9482,9717970.193
AND_A01,T04,P01,5,FAVA AMARGOSA,Vataireopsis speciosa,Fabaceae,28,O,S,1,FALSE,NA,7.91,9.3,0.6,2,1.8,2.2,20130826,295929.6581,9717964.331
AND_A01,T04,P01,6,MUIRATINGA,Brosimum rubescens ,Moraceae,29.9,O,E,1,FALSE,NA,22,28.87,1.7,4,2.2,2.6,20130826,295936.8793,9717958.327
AND_A01,T04,P01,7,ABIURANA BRANCA,Pouteria guianensis,Sapotaceae,14.6,O,S,1,FALSE,NA,6.98,12.33,2.8,3.1,2.2,2,20130826,295936.5279,9717955.202
AND_A01,T04,P01,8,JATEREU,Lecythis idatimon,Lecythidaceae,28.4,O,S,1,FALSE,NA,9.18,14.26,4.3,2.5,2.7,2.9,20130826,295934.265,9717953.132
AND_A01,T04,P01,9,MORTA,NA,NA,30.1,O,NA,NA,TRUE,3,NA,5.96,NA,NA,NA,NA,20130826,295940.7152,9717948.19
AND_A01,T04,P01,10,EMBAUBA BRANCA,Cecropia palmata,Urticaceae,12.2,O,S,1,FALSE,NA,6.87,9.66,1.4,1.2,1,1.3,20130826,295941.9574,9717943.223
AND_A01,T04,P01,11,MORTA,NA,NA,66.3,O,NA,NA,TRUE,4,NA,24.18,NA,NA,NA,NA,20130826,295919.7354,9717927.456
AND_A01,T04,P01,12,JARANA,Lecythis lurida,Lecythidaceae,39.7,O,C,1,FALSE,NA,16.43,22.15,8.5,3.8,2.1,6.8,20130826,295908.334,9717921.672
AND_A01,T04,P01,13,INGA BRANCO,Inga thibaudiana,Fabaceae,38,O,C,1,FALSE,NA,12.82,23.89,6.2,3,7,2.7,20130826,295904.2616,9717933.843
AND_A01,T04,P01,14,SAPUCAIA,Lecythis pisonis,Lecythidaceae,110,O,E,1,FALSE,NA,16.33,29.56,6.5,8.8,11.2,12,20130826,295897.2367,9717927.677
AND_A01,T04,P02,15,LOURO VERMELHO,Ocotea rubra,Lauraceae,15.8,O,S,1,FALSE,NA,12.43,15.67,5.5,1.2,3,5,20130826,295985.633,9717839.069
AND_A01,T04,P02,16,PRATUDO,Simaba cedron,Simaroubaceae,13.1,O,S,1,FALSE,NA,9.15,13.59,0.9,1,0.7,1.1,20130826,295990.0244,9717837.198
AND_A01,T04,P02,17,PAU COLHER,Lacmellea aculeata,Apocynaceae,10.8,O,S,2,FALSE,NA,10.26,13.47,3.2,2,3,1.8,20130826,295986.9735,9717836.147
AND_A01,T04,P02,18,MORTA,NA,NA,60.5,O,NA,NA,TRUE,1,NA,37.28,NA,NA,NA,NA,20130826,295983.5806,9717835.379
AND_A01,T04,P02,19,BREU BRANCO,Protium paniculatum,Burseraceae,12.2,O,S,2,FALSE,NA,9.75,13.27,3.4,2.6,3.5,3.2,20130826,295991.3301,9717834.382
AND_A01,T04,P02,20,JATEREU,Lecythis idatimon,Lecythidaceae,16.8,O,S,2,FALSE,NA,12.38,19.39,4.4,3.2,4.2,3.2,20130826,295993.0799,9717828.738
AND_A01,T04,P02,21,MATA MATA BRANCO,Eschweilera coriacea,Lecythidaceae,40,O,C,2,FALSE,NA,20.55,26.22,7,5.6,5.7,8.1,20130826,295992.1513,9717828.402
AND_A01,T04,P02,22,MATA MATA BRANCO,Eschweilera coriacea,Lecythidaceae,10.4,O,S,2,FALSE,NA,7.27,9.8,2.3,2.4,2,2.4,20130826,295995.2426,9717824.534
AND_A01,T04,P02,23,MORTA,NA,NA,16.7,O,NA,NA,TRUE,3,NA,12.42,NA,NA,NA,NA,20130826,295993.7224,9717820.244
AND_A01,T04,P02,24,ABIURANA BRANCA,Pouteria guianensis,Sapotaceae,13,O,S,2,FALSE,NA,11.86,14.19,2.5,2.5,2.7,1.8,20130826,295996.4952,9717818.98
AND_A01,T04,P02,25,MARUPA,Simarouba amara,Simaroubaceae,39.1,O,C,1,FALSE,NA,9.94,24.06,6.3,4.7,6.4,4,20130826,296006.1255,9717800.535
AND_A01,T04,P02,26,PAPO DE MUTUM,Lacunaria jenmanii,Quiinaceae,13.2,O,S,1,FALSE,NA,8.38,13.3,2.1,2,1.8,1.2,20130826,296005.1829,9717800.136
AND_A01,T04,P02,27,MORTA,NA,NA,53.9,O,NA,NA,TRUE,3,NA,26.06,NA,NA,NA,NA,20130826,295964.6383,9717793.872
AND_A01,T04,P03,28,TENTO,Ormosia grossa,Fabaceae,17.6,O,S,1,FALSE,NA,14.68,17.06,3,3.5,2.7,5.3,20130826,296045.4744,9717702.259
AND_A01,T04,P03,29,MACUCU BRANCO,Couepia sp.,Chrysobalanaceae,26.5,O,S,1,FALSE,NA,14.6,19.11,3.2,2.4,2.6,5.6,20130826,296045.3843,9717702.22
AND_A01,T04,P03,30,CUTITIRIBA,Pouteria sp.,Sapotaceae,17.2,O,S,1,FALSE,NA,14.5,18.93,3.2,0.9,2.3,0.7,20130826,296049.0846,9717702.734
AND_A01,T04,P03,31,MORTA,NA,NA,45,O,NA,NA,TRUE,4,NA,21.3,NA,NA,NA,NA,20130826,296044.3793,9717703.936
AND_A01,T04,P03,32,ABIURANA BRANCA,Pouteria guianensis,Sapotaceae,13.7,O,S,1,FALSE,NA,7.91,11.35,2.2,1.4,1.1,1.6,20130826,296054.8479,9717677.835
AND_A01,T04,P03,33,MORTA,NA,NA,22.3,O,NA,NA,TRUE,4,NA,7.12,NA,NA,NA,NA,20130826,296058.913,9717668.737
AND_A01,T04,P03,34,BREU BRANCO,Protium paniculatum,Burseraceae,16.7,O,S,1,FALSE,NA,9.38,12.82,2.6,2.5,3,1.7,20130826,296059.0543,9717665.794
AND_A01,T04,P03,35,MORTA,NA,NA,14.3,O,NA,NA,TRUE,3,NA,1.76,NA,NA,NA,NA,20130826,296061.7941,9717663.101
AND_A01,T04,P03,36,MORTA,NA,NA,46,O,NA,NA,TRUE,4,NA,23.99,NA,NA,NA,NA,20130826,296058.6209,9717660.676
AND_A01,T04,P03,37,MAMUI,Jacaratia spinosa,Caricaceae,49.4,O,C,1,FALSE,NA,13.83,18.66,4,3,4.2,3.6,20130826,296045.9057,9717663.828
AND_A01,T04,P03,38,MAMUI,Jacaratia spinosa,Caricaceae,58.5,O,C,1,FALSE,NA,14.8,20.58,3.8,3.2,4,3.6,20130826,296032.0764,9717656.854
AND_A01,T04,P03,39,CURRUPIXA,Micropholis sp.,Sapotaceae,45.9,O,C,1,FALSE,NA,22.39,34.44,5.9,4.5,8.5,3.3,20130826,296029.159,9717651.325
AND_A01,T04,P03,40,MATA MATA BRANCO,Eschweilera coriacea,Lecythidaceae,45.7,O,C,1,FALSE,NA,22.89,31.45,2.8,6,6.6,4.5,20130826,296025.4922,9717647.62
AND_A01,T04,P03,41,MATA MATA BRANCO,Eschweilera coriacea,Lecythidaceae,35,O,C,1,FALSE,NA,16.64,26.62,7.5,4.1,4.2,4.2,20130826,296021.0423,9717653.215
AND_A01,T04,P03,42,MATA MATA BRANCO,Eschweilera coriacea,Lecythidaceae,45,O,C,1,FALSE,NA,14.63,27.25,4.5,4.7,3.1,7.3,20130826,296025.6091,9717657.306
AND_A01,T04,P03,43,IPERANA,Eperua bijuga,Fabaceae,37.5,O,C,1,FALSE,NA,12.64,17.34,4,3.2,4.3,4.2,20130826,296027.3865,9717658.065
AND_A01,T04,P03,44,JATEREU,Lecythis idatimon,Lecythidaceae,37.5,O,C,1,FALSE,NA,16.42,23.08,3.6,4.7,3,3.7,20130826,296005.0207,9717683.623
AND_A01,T04,P03,45,ANDIROBA,Carapa guianensis,Meliaceae,76.5,O,C,1,FALSE,NA,19.2,29,8,5.6,5.5,7.8,20130826,296012.4316,9717691.301
AND_A01,T04,P03,46,UXIRANA,Sacoglottis guianensis,Humiriaceae,39.5,O,C,1,FALSE,NA,21.22,26.69,3.7,4.5,4.4,6.2,20130826,296016.7982,9717691.031
AND_A01,T04,P03,47,IPERANA,Eperua bijuga,Fabaceae,35.9,O,C,1,FALSE,NA,14.26,19.12,3.8,3.3,2.7,3.8,20130826,296025.8138,9717694.899
AND_A01,T04,P04,48,MATA MATA BRANCO,Eschweilera coriacea,Lecythidaceae,39.5,O,C,1,FALSE,NA,21.15,31.53,5.6,3.1,6.6,6,20130826,296102.1731,9717568.061
AND_A01,T04,P04,49,MATA MATA BRANCO,Eschweilera coriacea,Lecythidaceae,47.2,O,C,1,FALSE,NA,16.18,21.98,5.3,3.3,5.8,3.9,20130826,296099.0959,9717567.82
AND_A01,T04,P04,50,CURRUPIXA,Micropholis sp.,Sapotaceae,77,O,E,1,FALSE,NA,18.24,39.19,6.7,8.6,7.3,4.9,20130826,296106.4955,9717565.493
AND_A01,T04,P04,51,JATEREU,Lecythis idatimon,Lecythidaceae,44.4,O,C,1,FALSE,NA,26.03,35.61,4.8,2,4.7,5.6,20130826,296090.7307,9717553.088
AND_A01,T04,P04,52,FREIJO BRANCO,Cordia scabrifolia,Boraginaceae,12.8,O,S,1,FALSE,NA,8.87,10.4,1.8,2.2,1.4,1.7,20130826,296108.0239,9717557.238
AND_A01,T04,P04,53,MATA MATA BRANCO,Eschweilera coriacea,Lecythidaceae,60,O,S,1,FALSE,NA,16.78,29.94,5.5,3.7,6,5.8,20130826,296105.1338,9717549.343
AND_A01,T04,P04,54,SAPUCAIA,Lecythis pisonis,Lecythidaceae,105,O,E,1,FALSE,NA,30.54,42.23,8.7,11.8,9.5,13.6,20130826,296095.6936,9717544.223
AND_A01,T04,P04,55,MATA MATA BRANCO,Eschweilera coriacea,Lecythidaceae,52,O,C,1,FALSE,NA,23.71,37.33,4.2,6.2,8.6,7.2,20130826,296091.5345,9717539.174
AND_A01,T04,P04,56,CAQUI PRETO,Diospyros guianensis,Ebenaceae,24.9,O,S,2,FALSE,NA,12.97,16.57,4.2,3.6,3.8,4.3,20130826,296116.5201,9717541.408
AND_A01,T04,P04,57,JUTAI POROROCA,Dialium guianense,Fabaceae,21.7,O,S,3,FALSE,NA,11.03,14.77,3.6,2.8,0.7,6.5,20130826,296118.3636,9717530.012
AND_A01,T04,P04,58,TAUARI,Couratari stellata,Lecythidaceae,15.3,O,S,3,FALSE,NA,10.28,13.07,4,2,0.6,5.5,20130826,296120.1971,9717530.209
AND_A01,T04,P04,59,JUTAI POROROCA,Dialium guianense,Fabaceae,22.5,O,C,2,FALSE,NA,12.21,15.6,4.3,5.5,0.9,7.6,20130826,296121.5717,9717529.996
AND_A01,T04,P04,60,ARATACIU,Sagotia racemosa,Euphorbiaceae,11.8,O,S,3,FALSE,NA,5.12,9.66,1,1.5,1.2,1.1,20130826,296121.8359,9717526.023
AND_A01,T04,P04,61,JATEREU,Lecythis idatimon,Lecythidaceae,40.8,O,C,1,FALSE,NA,17.17,30.48,3.8,5,3,4.1,20130826,296094.8041,9717522.027
AND_A01,T04,P04,62,MATA MATA BRANCO,Eschweilera coriacea,Lecythidaceae,58.2,O,C,2,FALSE,NA,20.78,30.26,5,4.7,5.4,4.2,20130826,296098.0307,9717514.672
AND_A01,T04,P04,63,GUAJARA PELUDO,Pouteria sp.,Sapotaceae,45.7,O,E,1,FALSE,NA,24.81,34.48,5.1,1.8,3.8,1.9,20130826,296090.275,9717510.472
AND_A01,T04,P04,64,MATA MATA BRANCO,Eschweilera coriacea,Lecythidaceae,74.8,O,C,1,FALSE,NA,13.93,27.16,5.6,5.8,6,5.8,20130826,296077.5325,9717512.82
AND_A01,T04,P04,65,BREU BARROTE,Tetragastris panamensis,Burseraceae,50.2,O,S,1,FALSE,NA,25.53,29.12,2.6,2.8,3,3.2,20130826,296079.0536,9717516.655
AND_A01,T04,P04,66,MARUPA,Simarouba amara,Simaroubaceae,54.3,O,E,1,FALSE,NA,24.93,34.85,3.7,6.7,4.8,8,20130826,296083.6719,9717520.702
AND_A01,T04,P04,67,PENTE DE MACACO,Apeiba echinata,Malvaceae,67.2,O,C,1,FALSE,NA,23.67,39.78,11.4,5.3,5.8,9.5,20130826,296072.1108,9717537.438
AND_A01,T05,P01,1,MORTA,NA,NA,47.5,O,NA,NA,TRUE,1,NA,36.16,NA,NA,NA,NA,20130827,295749.1852,9717890.843
AND_A01,T05,P01,2,JATEREU,Lecythis idatimon,Lecythidaceae,20.3,O,S,1,FALSE,NA,9.46,14.44,2.9,3.7,2,2.8,20130827,295750.186,9717890.482
AND_A01,T05,P01,3,MATA MATA BRANCO,Eschweilera coriacea,Lecythidaceae,31.7,O,C,1,FALSE,NA,12.26,17.99,5.7,2.6,1.5,5,20130827,295758.1035,9717861.259
AND_A01,T05,P01,4,ANDIROBA,Carapa guianensis,Meliaceae,41.6,O,C,1,FALSE,NA,9.99,13.61,8.2,2.1,3,3.9,20130827,295741.2166,9717864.159
AND_A01,T05,P01,5,MATA MATA BRANCO,Eschweilera coriacea,Lecythidaceae,41.5,O,S,2,FALSE,NA,4.42,6.95,2.3,1.8,2.1,2,20130827,295738.0627,9717861.28
AND_A01,T05,P01,6,MORTA,NA,NA,12.1,O,NA,NA,TRUE,1,NA,3.74,NA,NA,NA,NA,20130827,295762.5453,9717861.952
AND_A01,T05,P01,7,IPERANA,Eperua bijuga,Fabaceae,13,O,S,2,FALSE,NA,5.68,11.98,3,0.8,1.4,1.7,20130827,295760.0447,9717860.846
AND_A01,T05,P01,8,JATEREU,Lecythis idatimon,Lecythidaceae,15.6,O,S,2,FALSE,NA,7.57,12.81,1.4,3.5,2.9,3.1,20130827,295759.6988,9717859.087
AND_A01,T05,P01,9,IPERANA,Eperua bijuga,Fabaceae,11.5,O,S,2,FALSE,NA,9.11,10.46,2.6,1.2,1.3,2.7,20130827,295763.1363,9717857.545
AND_A01,T05,P01,10,CAJUA큣,Anacardium spruceanum,Anacardiaceae,63.9,O,S,1,FALSE,NA,22.12,30.4,6.5,5,4.8,4.5,20130827,295715.7483,9717869.805
AND_A01,T05,P01,11,IPERANA,Eperua bijuga,Fabaceae,37.2,O,C,1,FALSE,NA,15.3,22.58,4.3,2.6,4.7,4.4,20130827,295705.4335,9717875.53
AND_A01,T05,P01,12,MORTA,NA,NA,71.5,O,NA,NA,TRUE,2,NA,31.19,NA,NA,NA,NA,20130827,295703.4802,9717883.894
AND_A01,T05,P01,13,PIQUIARANA,Caryocar glabrum,Caryocaraceae,44.5,O,C,1,FALSE,NA,18.09,29.29,5,6.4,6.7,4.5,20130827,295728.0723,9717894.128
AND_A01,T05,P02,14,JATEREU,Lecythis idatimon,Lecythidaceae,13.7,O,S,2,FALSE,NA,11.74,15.93,3.4,2.8,3.8,2.9,20130827,295805.3607,9717754.572
AND_A01,T05,P02,15,URUCURANA,Sloanea guianensis,Elaeocarpaceae,18.1,O,S,2,FALSE,NA,2.24,10.23,4.3,2.2,3.5,4.1,20130827,295810.9366,9717745.668
AND_A01,T05,P02,16,MASSARANDUBA,Manilkara huberi,Sapotaceae,49.7,O,E,1,FALSE,NA,23.69,33.32,4.7,4.6,9,3.7,20130827,295808.0161,9717737.614
AND_A01,T05,P02,17,MATA MATA BRANCO,Eschweilera coriacea,Lecythidaceae,26.5,O,S,2,FALSE,NA,13.29,19.67,5.6,3,3.2,3.8,20130827,295816.0487,9717735.527
AND_A01,T05,P02,18,PENTE DE MACACO,Apeiba echinata,Malvaceae,42.4,O,S,2,FALSE,NA,17.01,24.23,6,2.3,4.8,3,20130827,295817.4416,9717732.906
AND_A01,T05,P02,19,MATAMATA,Eschweilera parviflora,Lecythidaceae,52.8,O,S,2,FALSE,NA,25.75,34.74,5.2,5.5,6.4,8.2,20130827,295815.6297,9717726.876
AND_A01,T05,P02,20,LACRE VERMELHO,Vismia latifolia,Hypericaceae,17.2,O,S,2,FALSE,NA,13.2,19.96,2.8,6.2,2.4,4,20130827,295817.6668,9717724.512
AND_A01,T05,P02,21,MORTA,NA,NA,10.8,O,NA,NA,TRUE,3,NA,6.69,NA,NA,NA,NA,20130827,295822.0807,9717720.775
AND_A01,T05,P02,22,ANDIROBA,Carapa guianensis,Meliaceae,48,O,E,1,FALSE,NA,29.45,40.26,6,4,7,0,20130827,295822.4903,9717719.773
AND_A01,T05,P02,23,ENVIRA QUIABO,Sterculia pruriens,Malvaceae,47.3,O,E,1,FALSE,NA,20.67,25.13,4.6,3.1,3,5.5,20130827,295803.3601,9717717.687
AND_A01,T05,P02,24,JATEREU,Lecythis idatimon,Lecythidaceae,37.2,O,C,1,FALSE,NA,24.26,32.99,4,4.4,5.9,4.3,20130827,295774.3058,9717710.259
AND_A01,T05,P02,25,PAU DE REMO,Chimarrhis turbinata,Rubiaceae,51,O,E,1,FALSE,NA,30.58,44.46,7.4,6.5,9.7,6.6,20130827,295771.3324,9717725.093
AND_A01,T05,P02,26,MORTA,NA,NA,39.2,O,NA,NA,TRUE,2,NA,5.15,NA,NA,NA,NA,20130827,295774.9579,9717731.872
AND_A01,T05,P02,27,MORTA,NA,NA,58.6,O,NA,NA,TRUE,1,NA,34.31,NA,NA,NA,NA,20130827,295769.1403,9717738.088
AND_A01,T05,P02,28,JATEREU,Lecythis idatimon,Lecythidaceae,42.5,O,C,1,FALSE,NA,17.84,26.68,3.2,4.2,3.6,3.3,20130827,295763.6947,9717743.394
AND_A01,T05,P03,29,ENVIRA QUIABO,Sterculia pruriens,Malvaceae,16.2,O,S,1,FALSE,NA,10.89,14.05,1.8,2.4,2,1.2,20130827,295860.8579,9717621.678
AND_A01,T05,P03,30,MATA MATA BRANCO,Eschweilera coriacea,Lecythidaceae,21.1,O,S,1,FALSE,NA,11.55,16.69,2.1,2.9,1.8,5.2,20130827,295862.3001,9717619.379
AND_A01,T05,P03,31,JARANA,Lecythis lurida,Lecythidaceae,39.1,O,C,2,FALSE,NA,16,23.69,4.7,3.6,3,3.5,20130827,295857.6777,9717610.779
AND_A01,T05,P03,32,JOAO MOLE,Neea oppositifolia,Nyctaginaceae,14.2,O,S,1,FALSE,NA,8.46,10.22,1.2,1.7,1.5,1.3,20130827,295865.4331,9717614.086
AND_A01,T05,P03,33,BREU BARROTE,Tetragastris panamensis,Burseraceae,10.8,O,S,1,FALSE,NA,9.18,15.49,2.3,1.1,1.4,2,20130827,295867.0468,9717610.821
AND_A01,T05,P03,34,MATA MATA BRANCO,Eschweilera coriacea,Lecythidaceae,40.8,O,C,1,FALSE,NA,16.27,22.78,5.5,2.8,4.6,2.6,20130827,295861.2929,9717591.904
AND_A01,T05,P03,35,MARAVUVUIA,Croton matourensis,Euphorbiaceae,42.5,O,C,1,FALSE,NA,30.2,39.99,2.8,4.2,0.7,6.3,20130827,295859.1194,9717598.848
AND_A01,T05,P03,36,MATA MATA BRANCO,Eschweilera coriacea,Lecythidaceae,42.6,O,C,1,FALSE,NA,22.15,28.85,5.2,3.5,4.2,4.6,20130827,295858.2298,9717589.298
AND_A01,T05,P03,37,MORTA,NA,NA,38.3,O,NA,NA,TRUE,3,NA,30.53,NA,NA,NA,NA,20130827,295848.212,9717585.625
AND_A01,T05,P03,38,TAXI PRETO,Tachigali myrmecophila,Fabaceae,59.3,O,C,1,FALSE,NA,35.2,39.39,5.8,4.3,4,5,20130827,295826.3156,9717606.256
AND_A01,T05,P03,39,MORTA,NA,NA,46.8,O,NA,NA,TRUE,1,NA,50.25,NA,NA,NA,NA,20130827,295848.3503,9717617.585
AND_A01,T05,P03,40,BREU BARROTE,Tetragastris panamensis,Burseraceae,35,O,S,2,FALSE,NA,12.9,15.01,5,5.5,5.3,2.5,20130827,295847.1773,9717613.53
AND_A01,T05,P03,41,GUAJARA MOLE,Pouteria sp.,Sapotaceae,48.6,O,E,1,FALSE,NA,33.48,43.63,3.2,4.6,4.1,4,20130827,295850.8987,9717614.276
AND_A01,T05,P03,42,CURRUPIXA,Micropholis sp.,Sapotaceae,52,O,C,1,FALSE,NA,27.44,32.18,5.3,1.5,2.2,8,20130827,295851.6728,9717616.979
AND_A01,T05,P04,43,IPERANA,Eperua bijuga,Fabaceae,18.1,O,S,1,FALSE,NA,12.92,17.08,1.1,2,2.6,1,20130827,295920.1632,9717487.097
AND_A01,T05,P04,44,JATEREU,Lecythis idatimon,Lecythidaceae,21.1,O,S,1,FALSE,NA,16.83,22.24,1.7,2.5,3,1.7,20130827,295920.3876,9717486.577
AND_A01,T05,P04,45,ANDIROBA,Carapa guianensis,Meliaceae,55,O,C,1,FALSE,NA,18.56,26,1.6,3,2.5,5,20130827,295919.7095,9717486.66
AND_A01,T05,P04,46,MORTA,NA,NA,10.8,O,NA,NA,TRUE,1,NA,10.43,NA,NA,NA,NA,20130827,295925.5468,9717481.688
AND_A01,T05,P04,47,PENTE DE MACACO,Apeiba echinata,Malvaceae,18.1,O,S,2,FALSE,NA,9.8,13.12,1,2.7,3,3.4,20130827,295926.1302,9717480.611
AND_A01,T05,P04,48,ANDIROBA,Carapa guianensis,Meliaceae,38.5,O,C,1,FALSE,NA,15.18,24.67,3.8,3.6,5,4.8,20130827,295926.7368,9717466.681
AND_A01,T05,P04,49,ENVIRA CUNAUARU,Annona ambotay,Annonaceae,18.4,O,S,1,FALSE,NA,9.29,15.99,2.5,3.7,4,2.7,20130827,295931.9188,9717465.146
AND_A01,T05,P04,50,NA,NA,NA,13.8,O,S,1,FALSE,NA,11.37,14.86,1,3.8,2,2.2,20130827,295936.1618,9717448.174
AND_A01,T05,P04,51,MORTA,NA,NA,22.1,O,NA,NA,TRUE,5,NA,9.52,NA,NA,NA,NA,20130827,295939.2003,9717445.8
AND_A01,T05,P04,52,TATAPIRIRICA,Tapirira guianensis,Anacardiaceae,36.3,O,C,2,FALSE,NA,15.13,19.6,2,1.5,0,5,20130827,295893.4027,9717422.633
AND_A01,T05,P04,53,CUPIUBA,Goupia glabra,Goupiaceae,44.9,O,E,1,FALSE,NA,24.21,33.87,3.5,6,4.2,4.3,20130827,295890.5507,9717451.336
AND_A01,T05,P04,54,PAU DE REMO,Chimarrhis turbinata,Rubiaceae,39.9,O,S,2,FALSE,NA,9.94,20.02,2.1,5.1,3,3.4,20130827,295889.1589,9717455.455
AND_A01,T05,P04,55,PENTE DE MACACO,Apeiba echinata,Malvaceae,55.2,O,C,2,FALSE,NA,21.09,33.09,2.2,4.2,5.5,3.2,20130827,295888.3715,9717460.957
AND_A01,T05,P04,56,MATA MATA BRANCO,Eschweilera coriacea,Lecythidaceae,47,O,E,1,FALSE,NA,21.09,33.09,5.4,8.3,5.2,7.5,20130827,295880.0663,9717460.251
AND_A01,T05,P04,57,MUIRATINGA,Brosimum rubescens ,Moraceae,50,O,E,1,FALSE,NA,27.4,36.81,4.3,7.6,5.8,4,20130827,295876.2891,9717471.896
AND_A01,T05,P04,58,MARUPA,Simarouba amara,Simaroubaceae,59,O,E,1,FALSE,NA,27.59,34.04,4.4,6.8,6.4,1.2,20130827,295879.4659,9717471.748
AND_A01,T05,P04,59,TAXI PRETO,Tachigali myrmecophila,Fabaceae,61.7,O,E,1,FALSE,NA,11.91,16.73,9.7,6,5.8,4,20130827,295895.1699,9717469.078
AND_A01,T05,P04,60,MORTA,NA,NA,47.7,O,NA,NA,TRUE,4,NA,22.72,NA,NA,NA,NA,20130827,295904.2412,9717481.816
