area;group;plot;tree;common.name;scientific.name;family.name;DBH;type;Dead;D.class;Hcom;Htot;RN;RS;RE;RW;date;UTM.Easting;UTM.Northing
FN_A01;1;1;98;morta;NA;NA;20;O;TRUE;2;1.47;13.23;NA;NA;NA;NA;20150812;70.661.811.988.124;86.448.789.419.992
FN_A01;1;1;100;morta;NA;NA;31.4;O;TRUE;2;1.34;16.72;NA;NA;NA;NA;20150812;7.066.328.629.808;8.644.868.699.504
FN_A01;1;1;104;morta;NA;NA;25.2;O;TRUE;2;1.43;5.62;NA;NA;NA;NA;20150812;7.066.203.391.618;8.644.890.205.604
FN_A01;1;1;105;morta;NA;NA;44;O;TRUE;1;2.73;25.33;NA;NA;NA;NA;20150812;70.661.820.815.078;86.448.832.846.724
FN_A01;1;2;122;morta;NA;NA;22.6;O;TRUE;2;1.26;6.86;NA;NA;NA;NA;20150812;706.623.882.547.259;86.450.487.597.179
FN_A01;1;2;123;morta;NA;NA;16;O;TRUE;2;1.64;7.1;NA;NA;NA;NA;20150812;706.622.169.951.968;864.505.377.060.984
FN_A01;1;2;124;morta;NA;NA;38;O;TRUE;2;1.11;4.99;NA;NA;NA;NA;20150812;706.622.193.376.096;864.505.506.358.048
FN_A01;1;2;125;morta;NA;NA;22.3;O;TRUE;2;1.43;18.54;NA;NA;NA;NA;20150812;706.625.031.992.733;864.505.710.066.806
FN_A01;1;3;127;morta;NA;NA;52.9;O;TRUE;2;1.66;5.01;NA;NA;NA;NA;20150812;706.623.332.755.312;864.517.235.569.728
FN_A01;1;3;128;morta;NA;NA;60.1;O;TRUE;2;2.41;32.31;NA;NA;NA;NA;20150812;706.629.474.129.368;864.518.355.687.892
FN_A01;1;3;129;morta;NA;NA;75;O;TRUE;2;2.2;23.35;NA;NA;NA;NA;20150812;70.666.221.253.672;86.451.845.076.528
FN_A01;1;4;130;morta;NA;NA;50;O;TRUE;2;1.97;4.44;NA;NA;NA;NA;20150812;706.633.172.160.128;864.532.064.590.624
FN_A01;1;4;131;morta;NA;NA;17.8;O;TRUE;2;1.97;5.72;NA;NA;NA;NA;20150812;706.626.401.125.172;864.536.217.705.576
FN_A01;1;4;132;morta;NA;NA;41;O;TRUE;2;0.95;1.64;NA;NA;NA;NA;20150812;70.666.671.130.568;86.453.169.351.144
FN_A01;1;4;134;morta;NA;NA;38.3;O;TRUE;2;1.68;12.76;NA;NA;NA;NA;20150812;706.632.310.059.748;864.534.860.477.384
FN_A01;1;4;135;morta;NA;NA;52.4;O;TRUE;2;2.92;29.97;NA;NA;NA;NA;20150812;706.640.557.963.328;864.536.070.356.224
FN_A01;1;4;136;morta;NA;NA;45.9;O;TRUE;2;1.93;5.6;NA;NA;NA;NA;20150812;706.652.546.626.688;864.535.538.019.104
FN_A01;2;5;137;morta;NA;NA;21.2;O;TRUE;2;1.46;3.69;NA;NA;NA;NA;20150813;70.699.539.055.716;86.447.177.872.144
FN_A01;2;5;138;morta;NA;NA;13.9;O;TRUE;2;1.18;6.36;NA;NA;NA;NA;20150813;706.984.815.483.728;864.473.409.778.672
FN_A01;2;5;139;morta;NA;NA;22.3;O;TRUE;2;1.3;7.09;NA;NA;NA;NA;20150813;706.982.617.614.792;864.473.973.259.808
FN_A01;2;5;140;morta;NA;NA;40;O;TRUE;2;2.11;19.55;NA;NA;NA;NA;20150813;707.009.509.801.096;864.475.273.528.704
FN_A01;2;6;141;mandioqueira;Qualea paraensis;Vochysiaceae;43.5;O;FALSE;NA;11.47;13.76;3.6;4.2;3.8;4.7;20150813;706.972.796.979.872;864.485.837.263.168
FN_A01;2;6;142;morta;NA;NA;38.6;O;TRUE;2;1.45;3.53;NA;NA;NA;NA;20150813;70.695.792.214.216;86.448.539.303.504
FN_A01;2;6;143;mandioqueira;Qualea paraensis;Vochysiaceae;55.8;O;FALSE;NA;17.85;26.39;7.2;6.4;5.6;8.3;20150813;706.950.349.077.536;864.486.281.499.584
FN_A01;2;6;144;morta;NA;NA;37.1;O;TRUE;2;3.47;26.58;NA;NA;NA;NA;20150813;706.952.373.804.941;864.487.969.423.635
FN_A01;2;6;145;morta;NA;NA;36.2;O;TRUE;2;2.24;20.71;NA;NA;NA;NA;20150813;70.696.727.154.888;86.449.029.563.912
FN_A01;2;7;146;morta;NA;NA;35.1;O;TRUE;2;2.31;10.32;NA;NA;NA;NA;20150813;706.898.277.094;8.645.017.977
FN_A01;2;7;147;cajuacu;Anacardium spruceanum;Anacardiaceae;36.1;O;FALSE;NA;13.06;21.82;3.2;4.6;5.3;4.8;20150813;70.688.945.361.016;86.449.991.339.336
FN_A01;2;7;148;morta;NA;NA;13;O;TRUE;2;1.8;13.22;NA;NA;NA;NA;20150813;706.891.201.526.848;864.500.649.499.808
FN_A01;2;7;149;morta;NA;NA;57.6;O;TRUE;2;2.11;5.57;NA;NA;NA;NA;20150813;70.689.457.535.816;86.450.046.306.316
FN_A01;2;7;150;morta;NA;NA;47.5;O;TRUE;2;1.4;2.03;NA;NA;NA;NA;20150813;7.068.875.876.412;8.645.016.022.372
FN_A01;2;8;151;morta;NA;NA;47.4;O;TRUE;1;1.61;27.46;NA;NA;NA;NA;20150813;706.881.587.638.448;864.515.023.136.832
FN_A01;2;8;152;morta;NA;NA;59.3;O;TRUE;1;1.95;18.7;NA;NA;NA;NA;20150813;706.872.279.695.872;864.514.275.371.648
FN_A01;2;8;153;morta;NA;NA;38;O;TRUE;1;1.73;18.35;NA;NA;NA;NA;20150813;7.068.360.400.072;8.645.169.015.728
FN_A01;2;8;154;morta;NA;NA;38.7;O;TRUE;2;1.85;10.06;NA;NA;NA;NA;20150813;7.068.352.519.668;8.645.174.069.602
FN_A01;2;8;155;louro amarelo;Aniba parviflora;Lauraceae;48;O;FALSE;NA;19.72;27.39;5.6;4.8;6.3;5.7;20150813;706.873.955.175.032;864.514.161.075.888
FN_A01;3;9;1;sangra-de-agua;Croton urucurana;Euphorbiaceae;11.2;O;FALSE;NA;10.3;14.82;2.8;1.4;1.9;1.6;20150814;706.748.291.682.592;864.265.970.746.704
FN_A01;3;9;2;inga amarelo;Inga sp.;Fabaceae;11.8;O;FALSE;NA;5.67;11.46;3.2;2.7;3;4.3;20150814;706.772.440.491.952;864.266.955.557.024
FN_A01;3;9;3;sangra-de-agua;Croton urucurana;Euphorbiaceae;14.2;O;FALSE;NA;7.46;11.67;1.7;3.3;3.5;2.3;20150814;706.783.504.461.256;864.267.299.097.072
FN_A01;3;9;4;embauba branca;Cecropia palmata;Urticaceae;12.4;O;FALSE;NA;10.08;12.92;1.5;0.5;0.8;1.3;20150814;7.067.850.947.556;8.642.672.562.792
FN_A01;3;9;5;morta;NA;NA;37.5;O;TRUE;2;14.41;29.5;NA;NA;NA;NA;20150814;7.067.987.113.522;8.642.637.205.014
FN_A01;3;9;6;morta;NA;NA;52;O;TRUE;2;1.27;4.02;NA;NA;NA;NA;20150814;70.680.166.618.908;86.426.405.556.996
FN_A01;3;9;7;freijo branco;Cordia scabrifolia;Boraginaceae;47;O;FALSE;NA;18.29;30.21;4.5;4.8;5.7;4;20150814;70.678.333.097.688;86.426.245.164.256
FN_A01;3;9;8;sucupira preta;Bowdichia nitida;Fabaceae;39.7;O;FALSE;NA;17.06;25.14;6.3;4.5;7.8;0.2;20150814;706.762.620.943.992;864.262.256.386.504
FN_A01;3;9;9;morta;NA;NA;52.1;O;TRUE;2;1.89;12.67;NA;NA;NA;NA;20150814;706.753.689.180.992;864.264.879.643.104
FN_A01;3;9;10;morta;NA;NA;37.5;O;TRUE;3;1.85;12.39;NA;NA;NA;NA;20150814;70.677.420.098.924;86.426.519.855.208
FN_A01;3;10;11;mulungu;Micropholis venulosa;Sapotaceae;11.5;O;FALSE;NA;8.3;8.85;0.3;0.3;0.3;0.3;20150814;70.688.142.955.024;86.427.156.028.848
FN_A01;3;10;12;morototo;Schefflera morototoni;Araliaceae;11.4;O;FALSE;NA;7.31;9.62;1.3;1.2;1.1;1;20150814;7.068.858.422.124;8.642.715.382.968
FN_A01;3;10;13;morta;NA;NA;17.1;O;TRUE;1;1.22;14.64;NA;NA;NA;NA;20150814;70.688.504.540.616;86.427.095.889.032
FN_A01;3;10;14;inga amarelo;Inga sp.;Fabaceae;10;O;FALSE;NA;7.71;13.07;2.2;2.2;2.8;2.5;20150814;706.890.773.986;864.271.648.122
FN_A01;3;10;15;morototo;Schefflera morototoni;Araliaceae;12.7;O;FALSE;NA;7.09;11.71;1;1.2;1.1;1.1;20150814;706.890.189.690.872;864.271.839.871.744
FN_A01;3;10;16;morta;NA;NA;12.7;O;TRUE;3;1.09;5.64;NA;NA;NA;NA;20150814;706.889.150.244.788;864.272.011.441.176
FN_A01;3;10;17;morta;NA;NA;35.7;O;TRUE;3;1.05;2.81;NA;NA;NA;NA;20150814;70.689.106.326.944;86.427.209.626.488
FN_A01;3;10;18;guajara branco;Pouteria sp.;Sapotaceae;41.9;O;FALSE;NA;16.59;26.73;3.5;3.8;3;4.2;20150814;706.895.983.990.712;864.270.681.991.824
FN_A01;3;10;19;louro amarelo;Aniba parviflora;Lauraceae;51.5;O;FALSE;NA;17.36;25.95;3.2;2.5;2.3;2;20150814;706.904.884.756.016;864.270.858.776.032
FN_A01;3;10;20;itauba;Mezilaurus itauba;Lauraceae;48;O;FALSE;NA;12.62;20.86;2.2;3.3;2.7;2.5;20150814;7.069.120.280.656;8.642.703.916.728
FN_A01;3;10;21;morta;NA;NA;44.1;O;TRUE;3;2.36;4.72;NA;NA;NA;NA;20150814;706.913.182.858.272;864.270.682.278.544
FN_A01;3;10;22;carapanauba;Aspidosperma excelsum;Apocynaceae;40.3;O;FALSE;NA;16.38;26.52;2.3;2.8;4.2;2.7;20150814;706.918.933.192.512;864.270.523.432.224
FN_A01;3;10;23;mandioqueira;Qualea paraensis;Vochysiaceae;39.6;O;FALSE;NA;15.75;30.53;2.5;2.3;1.6;2.8;20150814;70.691.558.321.704;86.427.187.712.808
FN_A01;3;10;24;cumaru;Dipteryx odorata;Fabaceae;41.7;O;FALSE;NA;13.73;19.72;1.3;0.8;0.7;0.8;20150814;70.691.687.020.196;86.427.050.823.172
FN_A01;3;10;25;morta;NA;NA;37.9;O;TRUE;2;1.47;7.98;NA;NA;NA;NA;20150814;7.069.277.612.426;8.642.717.636.472
FN_A01;3;10;26;morta;NA;NA;36;O;TRUE;3;1.35;6.25;NA;NA;NA;NA;20150814;70.692.202.949.228;86.426.846.207.456
FN_A01;3;10;27;inhare;Helicostylis sp.;Moraceae;37.1;O;FALSE;NA;15.22;24.64;3.8;4;4.3;3.2;20150814;706.896.026.017.832;864.269.367.200.264
FN_A01;3;11;28;cafezinho;Heisteria densifrons;Olacaceae;16.6;O;FALSE;NA;5.59;10;1.7;1.8;1.4;1.4;20150814;707.024.532.813.232;864.277.751.404.952
FN_A01;3;11;29;freijo branco;Cordia scabrifolia;Boraginaceae;52.1;O;FALSE;NA;16.51;28.57;7;3.5;8.3;4;20150814;707.025.575.412.726;86.427.740.257.235
FN_A01;3;11;30;breu sucuruba;Trattinnickia burserifolia;Burseraceae;62.7;O;FALSE;NA;17.38;27.27;7;8.7;7;5.2;20150814;707.026.062.202;864.276.860.572
FN_A01;3;11;31;urucurana;Sloanea guianensis;Elaeocarpaceae;13.9;O;FALSE;NA;10.65;16.28;2;1.2;2.2;1.7;20150814;707.033.545.035.888;864.278.029.731.168
FN_A01;3;11;32;inhare;Helicostylis sp.;Moraceae;12.6;O;FALSE;NA;7.11;10.22;1.5;1.2;3.2;3.5;20150814;7.070.360.693.576;8.642.778.171.396
FN_A01;3;11;33;breu manga;Tetragastris altissima;Burseraceae;12.7;O;FALSE;NA;8.63;10.77;0.8;1;0.7;0.8;20150814;707.040.329.861.512;864.278.094.632.832
FN_A01;3;11;34;muiratinga;Maquira coriacea;Moraceae;35;O;FALSE;NA;15.03;19.68;2.8;3.4;3.2;3;20150814;707.040.366.007.368;864.277.604.592.048
FN_A01;3;11;35;muiratinga;Maquira coriacea;Moraceae;38.3;O;FALSE;NA;16.97;23.76;4.5;2.1;3.2;6.7;20150814;70.704.563.967.944;86.427.790.297.584
FN_A01;3;11;36;araracanga;Aspidosperma spruceanum;Apocynaceae;21.7;O;FALSE;NA;14.36;22.75;1.8;1;1.3;1.5;20150814;70.704.875.642.344;86.427.835.688.124
FN_A01;3;11;37;breu de leite;Thyrsodium spruceanum;Anacardiaceae;40.7;O;FALSE;NA;17.18;23.72;7.5;1;5;2.7;20150814;707.051.310.828.144;864.278.787.986.784
FN_A01;3;11;38;fava-mapuxiqui;Albizia pedicellaris;Fabaceae;49.2;O;FALSE;NA;18.55;30.64;2.2;4.5;9.5;3.2;20150814;7.070.545.906.216;8.642.786.050.836
FN_A01;3;11;39;louro preto;Nectandra cuspidata;Lauraceae;37;O;FALSE;NA;12.63;21.11;6.4;6.2;5;5.8;20150814;7.070.622.281.656;8.642.783.908.696
FN_A01;3;11;40;breu manga;Tetragastris altissima;Burseraceae;38.5;O;FALSE;NA;13.67;22.56;2.5;2.4;2.7;5.8;20150814;70.707.575.156.832;86.427.594.422.352
FN_A01;3;11;41;freijo branco;Cordia scabrifolia;Boraginaceae;56.7;O;FALSE;NA;15.42;22.76;6.9;2;3.8;3.5;20150814;70.706.117.940.832;86.427.428.176.352
FN_A01;3;11;42;louro amarelo;Aniba parviflora;Lauraceae;36;O;FALSE;NA;17.76;24.68;4.3;2;4;2.5;20150814;70.705.428.995.072;86.427.602.180.592
FN_A01;3;11;43;breu manga;Tetragastris altissima;Burseraceae;52;O;FALSE;NA;13.72;18.95;3.2;3.7;2;8.4;20150814;70.704.765.248.176;86.427.553.407.536
FN_A01;3;11;44;freijo branco;Cordia scabrifolia;Boraginaceae;48.2;O;FALSE;NA;14.52;21.81;7.2;1.7;3;3.4;20150814;707.045.252.304.601;864.275.742.856.529
FN_A01;3;12;45;morta;NA;NA;20.3;O;TRUE;2;1.36;3.91;NA;NA;NA;NA;20150814;70.716.669.554.472;86.428.351.521.304
FN_A01;3;12;46;morta;NA;NA;10.3;O;TRUE;2;1.17;3.71;NA;NA;NA;NA;20150814;70.716.728.329.433;864.283.451.830.267
FN_A01;3;12;47;inga vermelho;Inga alba;Fabaceae;14.4;O;FALSE;NA;11.06;14.5;1.3;1;1;1.2;20150814;707.166.680.274.752;864.283.622.441.664
FN_A01;3;12;48;morta;NA;NA;20.2;O;TRUE;2;1.41;2.97;NA;NA;NA;NA;20150814;707.166.278.927.674;864.283.304.645.075
FN_A01;3;12;49;inga vermelho;Inga alba;Fabaceae;11.7;O;FALSE;NA;7.97;13.69;4.3;5.6;1.8;1;20150814;70.716.893.773.168;86.428.349.483.376
FN_A01;3;12;50;morta;NA;NA;18.3;O;TRUE;2;1.75;6.65;NA;NA;NA;NA;20150814;70.717.614.340.648;86.428.409.673.936
FN_A01;3;12;51;tento;Ormosia coccinea;Fabaceae;19.9;O;FALSE;NA;8.21;15.83;3.5;1.5;1.7;2.6;20150814;7.071.885.979.648;8.642.844.735.936
FN_A01;3;12;52;abiurana vermelha;Pouteria gongrijpii;Sapotaceae;30.5;O;FALSE;NA;14.66;26.49;5;3.8;1.7;5;20150814;70.720.123.223.416;86.428.506.854.712
FN_A01;3;12;53;morta;NA;NA;52.8;O;TRUE;1;NA;14.21;NA;NA;NA;NA;20150814;7.071.952.948.416;8.642.838.917.632
FN_A01;3;12;54;breu manga;Tetragastris altissima;Burseraceae;42;O;FALSE;NA;17.89;29.89;4.7;4.3;3.5;4.5;20150814;70.719.669.714.024;86.428.042.798.168
FN_A01;3;12;55;morta;NA;NA;42.6;O;TRUE;1;NA;24.21;NA;NA;NA;NA;20150814;70.719.304.618.852;86.428.209.010.064
FN_A01;4;13;56;freijo branco;Cordia scabrifolia;Boraginaceae;35.9;O;FALSE;NA;22.2;26.29;2.5;5;2.2;2.7;20150815;709.908.822.081.909;864.160.832.867.571
FN_A01;4;13;57;pedra ume-caa;Eugenia punicifolia;Myrtaceae;12.9;O;FALSE;NA;10.51;15.18;1.5;1.6;1.7;2.3;20150815;709.908.782.460.464;864.161.183.353.136
FN_A01;4;13;58;mandioqueira;Qualea paraensis;Vochysiaceae;42.4;O;FALSE;NA;18.27;27.63;6;4.2;3.8;7;20150815;709.911.311.906.224;864.160.741.598.776
FN_A01;4;13;59;canela-de-velho;Casearia javitensis;Salicaceae;11.2;O;FALSE;NA;5.62;11.26;1.4;3;0.8;2.2;20150815;709.914.281.163;864.161.117.172
FN_A01;4;13;60;guajara branco;Pouteria sp.;Sapotaceae;24.3;O;FALSE;NA;11.09;23.15;2.5;1.6;1.8;2.4;20150815;709.912.574.143.912;864.161.360.929.088
FN_A01;4;13;61;abiurana vermelha;Pouteria gongrijpii;Sapotaceae;16.3;O;FALSE;NA;11.2;17.41;1.2;1.5;3.2;0.5;20150815;709.914.144.586.112;864.161.614.060.688
FN_A01;4;13;62;pintadinho;Poeppigia procera;Fabaceae;22.8;O;FALSE;NA;13.67;19.35;1.5;1.6;2.2;1.6;20150815;709.914.767.593.024;864.161.536.810.976
FN_A01;4;13;63;mandioqueira;Qualea paraensis;Vochysiaceae;42.5;O;FALSE;NA;18.18;26.88;4.5;3.3;4;4.4;20150815;709.918.621.384.096;864.161.323.544.104
FN_A01;4;13;64;morta;NA;NA;13;O;TRUE;4;NA;6.26;NA;NA;NA;NA;20150815;709.922.187.774.584;864.162.260.122.016
FN_A01;4;13;65;inga vermelho;Inga alba;Fabaceae;11.1;O;FALSE;NA;8.72;13.4;2.8;2.5;1.7;1.5;20150815;70.992.500.368.888;86.416.235.759.312
FN_A01;4;13;66;inhare;Helicostylis sp.;Moraceae;14.8;O;FALSE;NA;10.87;16.4;2;1.8;2;1.6;20150815;70.992.825.324.312;86.416.261.815.888
FN_A01;4;13;67;breu branco;Protium paniculatum;Burseraceae;11.1;O;FALSE;NA;5.1;6.61;2.1;1.7;2;2.3;20150815;70.993.030.971.936;86.416.252.467.264
FN_A01;4;13;68;merauba;Mouriri collocarpa;Melastomataceae;13.4;O;FALSE;NA;11.28;13.13;2.4;1;3;1;20150815;709.935.355.872.358;864.162.824.174.681
FN_A01;4;13;69;tento;Ormosia coccinea;Fabaceae;10.3;O;FALSE;NA;5.96;10;0.9;3.3;1.3;2.3;20150815;7.099.435.212.414;8.641.634.495.976
FN_A01;4;13;70;grao-de-guariba;Mayna odorata;Achariaceae;11;O;FALSE;NA;5.86;10.3;1;1.1;0.3;1.2;20150815;709.943.153.297.976;864.163.668.760.224
FN_A01;4;13;71;morta;NA;NA;11;O;TRUE;1;NA;6.68;NA;NA;NA;NA;20150815;709.945.618.821.808;864.163.774.211.792
FN_A01;4;13;72;fava-mapuxiqui;Albizia pedicellaris;Fabaceae;53.1;O;FALSE;NA;12.86;23.8;9;7.2;4.5;7.5;20150815;7.099.510.929.492;8.641.633.970.568
FN_A01;4;13;73;inga vermelho;Inga alba;Fabaceae;42;O;FALSE;NA;10.98;20.13;4.3;6;3.7;4.6;20150815;7.099.470.331.952;8.641.630.760.408
FN_A01;4;13;74;mandioqueira;Qualea paraensis;Vochysiaceae;50;O;FALSE;NA;NA;6.87;0;0;0;0.2;20150815;70.993.791.161.056;86.416.222.581.944
FN_A01;4;13;75;fava-mapuxiqui;Albizia pedicellaris;Fabaceae;35;O;FALSE;NA;7.24;19.86;8;5;6.5;8.7;20150815;709.942.948.392.736;864.161.579.577.464
FN_A01;4;13;76;mandioqueira;Qualea paraensis;Vochysiaceae;37.6;O;FALSE;NA;16.24;26.84;5.6;1.5;1.2;4.8;20150815;70.996.124.637.232;86.416.055.096.228
FN_A01;4;13;77;louro amarelo;Aniba parviflora;Lauraceae;37.4;O;FALSE;NA;16.78;23.95;6;3.6;4.7;3.2;20150815;7.099.652.363.268;8.641.608.636.312
FN_A01;4;13;78;mandioqueira;Qualea paraensis;Vochysiaceae;55;O;FALSE;NA;21.85;29;7;5.7;6.4;4.7;20150815;70.996.628.941.312;86.416.055.914.088
FN_A01;4;13;79;NA;NA;NA;44.2;O;FALSE;NA;18.82;27.69;1.7;4.3;2.4;7;20150815;70.996.510.131.464;86.416.021.576.136
FN_A01;4;13;80;mandioqueira;Qualea paraensis;Vochysiaceae;49;O;FALSE;NA;17.44;26.12;4.7;3.3;3.4;5.8;20150815;7.099.599.414.592;8.641.607.204.768
FN_A01;4;13;81;mandioqueira;Qualea paraensis;Vochysiaceae;36.9;O;FALSE;NA;15.72;23.32;3.2;3.5;2.4;5.5;20150815;709.965.533.944;864.159.993.986
FN_A01;4;13;82;itauba;Mezilaurus itauba;Lauraceae;42.3;O;FALSE;NA;19.68;26.62;3.7;7;3.8;6;20150815;70.996.572.264.712;86.416.013.492.288
FN_A01;4;13;83;NA;NA;NA;46.3;O;FALSE;1;11.97;19.77;4.8;4;7.4;4.8;20150815;70.997.425.514;864.160.513.076
FN_A01;4;13;84;breu manga;Tetragastris altissima;Burseraceae;35.7;O;FALSE;NA;13.06;21.57;6.2;1.6;2.4;2.8;20150815;709.987.282.496;864.157.168.744
FN_A01;4;13;85;mandioqueira;Qualea paraensis;Vochysiaceae;71.3;O;FALSE;NA;18.75;28.09;8.7;2.6;6.3;4.5;20150815;7.099.518.231.584;8.641.584.785.156
FN_A01;4;13;86;cumaru;Dipteryx odorata;Fabaceae;35.9;O;FALSE;NA;15.36;26.65;6;4.5;7;4.6;20150815;709.932.339.750.408;864.158.021.361.792
FN_A01;4;13;87;quarubarana;Erisma uncinatum;Vochysiaceae;56.2;O;FALSE;NA;14.66;22.54;6.8;5.5;5.8;4.8;20150815;7.099.368.716.744;8.641.587.314.536
FN_A01;4;13;88;mandioqueira;Qualea paraensis;Vochysiaceae;61.7;O;FALSE;NA;16.14;28.14;5.7;5.7;8.6;5.7;20150815;70.992.341.121.056;86.416.007.201.144
FN_A01;4;13;89;cumaru;Dipteryx odorata;Fabaceae;40.4;O;FALSE;NA;15.18;21.87;6;5.5;3.3;10.2;20150815;70.992.197.655.928;86.416.008.571.472
FN_A01;4;13;90;tachi vermelho;Tachigali paniculata;Fabaceae;35.1;O;FALSE;NA;18.16;24.72;6.6;3.2;6;4.2;20150815;709.928.277.319.504;864.161.210.645.296
FN_A01;4;13;91;carapanauba;Aspidosperma excelsum;Apocynaceae;64;O;FALSE;NA;21.61;33.27;6;6;4.7;5.3;20150815;70.991.149.578.952;86.416.039.145.048
FN_A01;4;14;92;abiurana;Pouteria gongrijpii;Sapotaceae;15.5;O;FALSE;NA;11.18;16.01;2.2;2.8;1.5;2;20150815;710.031.704.346.816;8.641.700.535.076
FN_A01;4;14;93;quaruba;Vochysia guianensis;Vochysiaceae;10.8;O;FALSE;NA;11.83;18.03;1.4;2.5;1.7;2;20150815;71.003.192.014.936;864.170.450.572
FN_A01;4;14;94;joao-mole;Neea oppositifolia;Nyctaginaceae;35;O;FALSE;NA;17.18;23.45;3.2;2.5;3.3;3.7;20150815;710.036.758.145.328;8.641.704.326.038
FN_A01;4;14;95;canela-de-velho;Casearia javitensis;Salicaceae;11.9;O;FALSE;NA;8.94;12.73;2.3;2.7;2.6;1.6;20150815;710.040.023.072.681;86.417.060.124.796
FN_A01;4;14;96;parapara;Jacaranda copaia;Bignoniaceae;43.8;O;FALSE;NA;18.37;24.41;2.8;4.7;2.2;3.8;20150815;71.004.513.810.416;864.170.552.466
FN_A01;4;14;97;parapara;Jacaranda copaia;Bignoniaceae;25.8;O;FALSE;NA;18.28;23.18;1.3;1.7;2.2;1.7;20150815;71.005.143.822.672;864.171.533.788
FN_A01;4;14;98;fava-mapuxiqui;Albizia pedicellaris;Fabaceae;17.7;O;FALSE;NA;10.04;15.44;5.7;3.7;3.2;4.7;20150815;710.054.855.517.879;86.417.176.462.764
FN_A01;4;14;99;parapara;Jacaranda copaia;Bignoniaceae;14.9;O;FALSE;NA;10.83;17.08;1.5;1.6;1;1.4;20150815;710.055.202.813.756;8.641.721.988.418
FN_A01;4;14;100;parapara;Jacaranda copaia;Bignoniaceae;29.7;O;FALSE;NA;16.73;25.99;2;3.3;2.3;3.4;20150815;710.057.363.060.968;8.641.723.610.524
FN_A01;4;14;101;tinteiro;Miconia poeppigii;Melastomataceae;13;O;FALSE;NA;11.67;16.83;1.7;2.4;1.5;3.7;20150815;71.005.752.307.928;864.172.373.068
FN_A01;4;14;102;joao-mole;Neea oppositifolia;Nyctaginaceae;10;O;FALSE;NA;4.83;9.54;1.2;1.4;1.4;1.7;20150815;710.060.743.633.504;8.641.722.318.064
FN_A01;4;14;103;muuba;Bellucia grossularioides;Melastomataceae;12.6;O;FALSE;NA;11.73;18.68;5.3;0.5;2.5;2.4;20150815;710.062.384.925.408;8.641.722.527.828
FN_A01;4;14;104;tachi vermelho;Tachigali paniculata;Fabaceae;44.1;O;FALSE;NA;13.13;23.5;6.5;4.2;4.3;6.2;20150815;71.006.121.891.788;864.172.395.134
FN_A01;4;14;105;morta;NA;NA;24.2;O;TRUE;1;NA;17.63;NA;NA;NA;NA;20150815;71.006.217.271.816;864.172.594.438
FN_A01;4;14;106;canela-de-velho;Casearia javitensis;Salicaceae;14.6;O;FALSE;NA;11.33;17.9;NA;NA;NA;NA;20150815;710.062.042.881.944;864.172.610.242
FN_A01;4;14;107;mandioqueira;Qualea paraensis;Vochysiaceae;42.9;O;FALSE;NA;4.95;9.26;4;3.7;6.3;4;20150815;71.006.915.370.528;864.171.585.704
FN_A01;4;14;108;mandioqueira;Qualea paraensis;Vochysiaceae;54.5;O;FALSE;NA;23.34;25;4.2;3;5;4.7;20150815;7.100.771.115.104;864.171.414.822
FN_A01;4;14;109;morta;NA;NA;37;O;TRUE;1;NA;17.73;NA;NA;NA;NA;20150815;710.095.249.532;864.169.705.776
FN_A01;4;14;110;morta;NA;NA;38.8;O;TRUE;1;NA;26.39;NA;NA;NA;NA;20150815;71.008.813.996.136;864.169.433.638
FN_A01;4;14;111;louro amarelo;Aniba parviflora;Lauraceae;50;O;FALSE;NA;17.96;42.3;5.2;1.4;10.2;3;20150815;710.067.013.561.832;8.641.682.486.772
FN_A01;4;14;112;mandioqueira;Qualea paraensis;Vochysiaceae;42.8;O;FALSE;NA;15.08;23.14;1.7;5.4;6.8;3.3;20150815;7.100.567.495.886;864.168.753.626
FN_A01;4;14;113;morta;NA;NA;43;O;TRUE;1;NA;31.88;NA;NA;NA;NA;20150815;7.100.620.203.672;864.167.751.898
FN_A01;4;14;114;mandioqueira;Qualea paraensis;Vochysiaceae;35;O;FALSE;NA;19.8;23.51;4.2;3.3;2.6;3.4;20150815;710.059.215.765.512;864.167.291.127
FN_A01;4;14;115;mandioqueira;Qualea paraensis;Vochysiaceae;50.6;O;FALSE;NA;11.27;19.96;6.5;4.4;7.5;2.5;20150815;71.005.567.838.896;864.169.054.252
FN_A01;4;14;116;mandioqueira;Qualea paraensis;Vochysiaceae;49;O;FALSE;NA;15.79;27.71;6.7;3.2;6.3;3.3;20150815;710.047.942.610.272;864.168.984.988
FN_A01;4;14;117;cupiuba;Goupia glabra;Goupiaceae;80;O;FALSE;NA;10.93;23.95;2.5;3;3.2;4;20150815;7.100.405.092.664;864.168.683.952
FN_A01;4;15;118;mandioqueira;Qualea paraensis;Vochysiaceae;47.2;O;FALSE;NA;15.83;30.36;4.7;5.8;5;4.7;20150815;710.147.025.430.304;864.179.029.633.808
FN_A01;4;15;119;mandioqueira;Qualea paraensis;Vochysiaceae;45.1;O;FALSE;NA;21.15;34.28;5;3.4;4;3.5;20150815;7.101.497.368.292;8.641.788.467.744
FN_A01;4;15;120;carapanauba;Aspidosperma excelsum;Apocynaceae;43.4;O;FALSE;NA;15.34;17.64;0.6;0.7;0.8;0.5;20150815;710.150.448.232.904;864.178.759.515.008
FN_A01;4;15;121;quarubarana;Erisma uncinatum;Vochysiaceae;40.7;O;FALSE;NA;16.29;20.51;3.7;4;1.8;4.3;20150815;710.154.995.543.736;864.178.218.252.872
FN_A01;4;15;122;itauba;Mezilaurus itauba;Lauraceae;69;O;FALSE;NA;15.01;20.14;7.6;3.3;4;3.7;20150815;710.155.598.164.896;864.178.889.712.192
FN_A01;4;15;123;morta;NA;NA;50.4;O;TRUE;2;NA;12.83;NA;NA;NA;NA;20150815;71.016.391.368.108;86.417.860.736.596
FN_A01;4;15;124;carapanauba;Aspidosperma excelsum;Apocynaceae;29.6;O;FALSE;NA;8.48;11.97;1.2;1.1;1;1.1;20150815;71.015.871.717.944;86.417.974.001.888
FN_A01;4;15;125;envira preta;Guatteria schomburgkiana;Annonaceae;13.8;O;FALSE;NA;6.23;7.51;1.5;3.8;4;1;20150815;710.159.294.603.523;864.179.768.778.767
FN_A01;4;15;126;tento;Ormosia coccinea;Fabaceae;16.1;O;FALSE;NA;11.06;17.11;2.6;1.8;4.4;3.3;20150815;710.157.270.086.016;864.179.887.122.032
FN_A01;4;15;127;morta;NA;NA;10;O;TRUE;2;NA;3.46;NA;NA;NA;NA;20150815;710.160.992.845.536;864.180.027.931.872
FN_A01;4;15;128;tento;Ormosia grossa;Fabaceae;13.3;O;FALSE;NA;11.37;15.43;3.7;0.7;2.7;2.2;20150815;710.163.273.582.256;864.180.316.044.512
FN_A01;4;15;129;manguerana;Tovomita sp.;Clusiaceae;10.7;O;FALSE;NA;10.37;13.07;2;2;2.4;2.3;20150815;710.170.360.832.496;864.180.572.555.392
FN_A01;4;15;130;manguerana;Tovomita sp.;Clusiaceae;23;O;FALSE;NA;12.72;17.16;3.2;3;2;2;20150815;710.169.932.757.016;864.180.541.947.432
FN_A01;4;15;131;breu branco;Protium paniculatum;Burseraceae;12.5;O;FALSE;NA;5.73;7.87;3;0.9;2.2;2;20150815;71.017.264.663.984;86.418.086.086.768
FN_A01;4;15;132;mandioqueira;Qualea paraensis;Vochysiaceae;29.6;O;FALSE;NA;16.37;22.92;2.5;3.4;1.9;2.7;20150815;710.176.781.964.696;864.181.031.674.792
FN_A01;4;15;133;mapuxique;NA;NA;17;O;FALSE;NA;12.99;17;4.5;1.2;3;1.7;20150815;710.182.707.526.064;864.181.330.732.928
FN_A01;4;15;134;louro amarelo;Aniba parviflora;Lauraceae;50;O;FALSE;NA;18.58;28.77;4.3;3.6;5.3;4.7;20150815;7.101.849.670.736;8.641.812.431.252
FN_A01;4;15;135;araracanga;Aspidosperma spruceanum;Apocynaceae;16;O;FALSE;NA;12.95;17.9;0.7;1.4;3.8;0.4;20150815;710.188.316.738;864.182.105.264
FN_A01;4;15;136;morta;NA;NA;54.5;O;TRUE;1;NA;24.55;NA;NA;NA;NA;20150815;7.101.975.511.872;8.641.800.259.284
FN_A01;4;15;137;mandioqueira;Qualea paraensis;Vochysiaceae;56;O;FALSE;NA;17.42;24.56;5.6;3.4;3.4;6;20150815;710.185.716.859.712;864.178.546.404.224
FN_A01;4;15;138;mandioqueira;Qualea paraensis;Vochysiaceae;37.3;O;FALSE;NA;18.79;23.72;4;4;3.6;3.8;20150815;710.189.271.222.064;864.178.426.992.128
FN_A01;4;15;139;quarubarana;Erisma uncinatum;Vochysiaceae;78.4;O;FALSE;NA;17.48;24.54;6;5.6;5.4;5;20150815;7.101.990.927.848;8.641.781.349.116
FN_A01;4;15;140;mandioqueira;Qualea paraensis;Vochysiaceae;74;O;FALSE;NA;21.1;32.88;5.3;5.7;6.5;7.5;20150815;710.213.844.051.728;864.178.579.605.056
FN_A01;4;15;141;morta;NA;NA;60.2;O;TRUE;3;NA;4.09;NA;NA;NA;NA;20150815;7.102.053.140.168;8.641.773.319.556
FN_A01;4;15;142;abiurana;Pouteria gongrijpii;Sapotaceae;37.9;O;FALSE;NA;20.15;26.36;2.3;4.4;2.4;3.5;20150815;71.018.518.982.704;86.417.725.219.408
FN_A01;4;15;143;cumaru;Dipteryx odorata;Fabaceae;38.7;O;FALSE;NA;18.9;30.18;8.5;4.3;4.8;6;20150815;71.018.075.144.848;86.417.781.097.496
FN_A01;4;15;144;morta;NA;NA;47;O;TRUE;1;NA;NA;NA;NA;NA;NA;20150815;710.173.249.557.136;864.177.759.245.672
FN_A01;4;15;145;mandioqueira;Qualea paraensis;Vochysiaceae;66;O;FALSE;NA;NA;18.1;1.2;0.4;0.8;0.5;20150815;710.170.313.635.792;864.176.160.874.584
FN_A01;4;15;146;mandioqueira;Qualea paraensis;Vochysiaceae;44.7;O;FALSE;NA;20.41;26.75;5.4;4.3;5.5;4.7;20150815;710.162.929.801.536;864.177.392.230.472
FN_A01;4;16;147;louro preto;Nectandra cuspidata;Lauraceae;13.8;O;FALSE;NA;7.64;10.87;1.3;1.5;2.4;1;20150815;710.269.449.238.784;864.188.272.958.464
FN_A01;4;16;148;breu;Protium heptaphyllum;Burseraceae;11.7;O;FALSE;NA;4.3;8.2;1.7;5;2.3;1.5;20150815;710.276.993.427.232;864.188.743.342.272
FN_A01;4;16;149;canela-de-velho;Casearia javitensis;Salicaceae;22.9;O;FALSE;NA;14.09;19.09;4;0.5;0;4.4;20150815;71.027.827.168.192;86.418.847.375.872
FN_A01;4;16;150;abiurana;Pouteria gongrijpii;Sapotaceae;39.5;O;FALSE;NA;17.08;23.11;2.7;4.2;3.3;2.3;20150815;710.282.580.875.514;864.188.788.135.226
FN_A01;4;16;151;breu;Protium heptaphyllum;Burseraceae;13.6;O;FALSE;NA;12.05;16.09;2.3;1.6;2.4;1;20150815;71.028.177.688.199;864.188.860.624.958
FN_A01;4;16;152;breu manga;Tetragastris altissima;Burseraceae;18.5;O;FALSE;NA;NA;14.32;0;0;0;0.2;20150815;710.278.832.909.376;864.189.011.524.896
FN_A01;4;16;153;gombeira;Swartzia laevicarpa;Fabaceae;17.5;O;FALSE;NA;16.2;17.89;2;2.4;2.4;2;20150815;710.285.359.136.672;864.189.204.224.512
FN_A01;4;16;154;louro amarelo;Aniba parviflora;Lauraceae;49.7;O;FALSE;NA;22.08;28.98;9.7;4.6;8;4.5;20150815;7.102.891.661.928;8.641.893.803.484
FN_A01;4;16;155;liana;NA;NA;14.1;L;FALSE;NA;NA;NA;NA;NA;NA;NA;20150815;710.291.297.506.576;864.189.609.786.096
FN_A01;4;16;156;murta;Strychnos subcordata;Loganiaceae;19;O;FALSE;NA;11.46;15.25;2.3;2.4;1.8;1.8;20150815;71.029.331.365.328;86.418.968.199.568
FN_A01;4;16;157;merauba;Mouriri collocarpa;Melastomataceae;14.5;O;FALSE;NA;12.53;16.21;1.7;5;2.2;2.3;20150815;710.297.195.782;864.190.456.823
FN_A01;4;16;158;inhare;Helicostylis sp.;Moraceae;28.9;O;FALSE;NA;23.65;28.98;3.8;3.3;2.7;4.8;20150815;71.029.760.025.056;86.419.048.865.776
FN_A01;4;16;159;morta;NA;NA;80;O;TRUE;1;NA;15.35;0;0;0;0;20150815;71.030.488.068.464;86.419.106.168.344
FN_A01;4;16;160;quaruba;Vochysia guianensis;Vochysiaceae;12.6;O;FALSE;NA;14.05;18.82;1.3;2.2;1.8;1.7;20150815;71.030.407.174.752;86.419.099.801.392
FN_A01;4;16;161;mandioqueira;Qualea paraensis;Vochysiaceae;64.1;O;FALSE;NA;19.44;26.51;0;7.5;0;0;20150815;710.307.172.712;864.189.512.472
FN_A01;4;16;162;mandioqueira;Qualea paraensis;Vochysiaceae;60.1;O;FALSE;NA;21.59;27.24;3.7;5.2;4.8;6.3;20150815;710.305.835.622.944;864.188.148.186.624
FN_A01;4;16;163;morta;NA;NA;40.2;O;TRUE;1;NA;26.3;NA;NA;NA;NA;20150815;71.031.687.425.904;86.418.902.765.844
FN_A01;4;16;164;breu manga;Tetragastris altissima;Burseraceae;44;O;FALSE;NA;17.64;24.07;4;5;4.7;1.7;20150815;7.103.145.591.144;8.641.884.877.704
FN_A01;4;16;165;mandioqueira;Qualea paraensis;Vochysiaceae;36.4;O;FALSE;NA;24.95;33.55;6.6;4.3;4.2;5.8;20150815;7.103.198.124.104;8.641.874.191.144
FN_A01;4;16;166;mandioqueira;Qualea paraensis;Vochysiaceae;66;O;FALSE;NA;26.06;34.52;6;7.4;7.7;9.5;20150815;7.103.249.973.224;8.641.872.088.724
FN_A01;4;16;167;mandioqueira;Qualea paraensis;Vochysiaceae;42.1;O;FALSE;NA;22.47;32.74;7.3;5;8;2;20150815;7.103.296.717.208;8.641.875.754.508
FN_A01;4;16;168;carapanauba;Aspidosperma excelsum;Apocynaceae;59.2;O;FALSE;NA;14.13;22.12;3;2.4;3;3.2;20150815;710.322.892.394.336;864.186.673.714.656
FN_A01;4;16;169;cumaru;Dipteryx odorata;Fabaceae;54.3;O;FALSE;NA;19.27;26.79;7.4;8.2;6;6.6;20150815;710.303.479.584.032;864.186.630.892.672
FN_A01;4;16;170;carapanauba;Aspidosperma excelsum;Apocynaceae;41.8;O;FALSE;NA;17.48;25.45;3.6;2.4;2.7;2;20150815;710.302.767.323.552;864.185.095.861.792
FN_A01;4;16;171;carapanauba;Aspidosperma excelsum;Apocynaceae;47.8;O;FALSE;NA;20.54;32.91;3;2;2.7;4;20150815;7.102.872.824.984;8.641.860.990.744
FN_A01;4;16;172;morta;NA;NA;46.6;O;TRUE;3;NA;15.44;NA;NA;NA;NA;20150815;71.028.293.342.864;86.418.649.705.744
FN_A01;4;16;173;morta;NA;NA;47.7;O;TRUE;2;NA;5.53;NA;NA;NA;NA;20150815;710.286.458.224.544;864.187.365.864.224
FN_A01;4;16;174;sucupira preta;Bowdichia nitida;Fabaceae;36.9;O;FALSE;NA;11.52;16.93;3.7;3;4.3;2.4;20150815;71.028.382.848.272;86.418.804.723.312
FN_A01;5;17;1;abiurana;Pouteria gongrijpii;Sapotaceae;27.4;O;FALSE;NA;17.68;22.92;2;2.6;1.7;4.7;20150811;7.136.527.410.696;86.433.175.633.996
FN_A01;5;17;2;abiurana;Pouteria gongrijpii;Sapotaceae;19.3;O;FALSE;NA;12.72;16.38;2.5;1.5;2.4;1.7;20150811;7.136.556.517.256;86.433.226.744.976
FN_A01;5;17;3;breu branco;Protium paniculatum;Burseraceae;10;O;FALSE;NA;6.94;11.25;1.8;2.2;3.3;1.6;20150811;7.136.585.501.106;86.433.238.036.896
FN_A01;5;17;4;morta;NA;NA;71;O;TRUE;2;1.26;5.43;NA;NA;NA;NA;20150811;713.659.296.224;8.643.312.497.174
FN_A01;5;17;5;morta;NA;NA;52.8;O;TRUE;3;1.34;10.53;NA;NA;NA;NA;20150811;7.136.638.770.878;86.433.043.917.008
FN_A01;5;17;6;araca;Myrciaria floribunda;Myrtaceae;11.6;O;FALSE;NA;7;13.93;2.3;2.6;2.3;2;20150811;7.136.602.094.912;86.433.265.185.152
FN_A01;5;17;7;breu branco;Protium paniculatum;Burseraceae;10.4;O;FALSE;NA;5.85;11.51;2.8;2.2;2.2;2.4;20150811;71.366.066.079.012;864.332.820.780.832
FN_A01;5;17;8;manguerana;Tovomita sp.;Clusiaceae;23.4;O;FALSE;NA;10.38;16.95;3.2;3;4.4;2.5;20150811;7.136.664.466.078;86.433.330.761.008
FN_A01;5;17;9;envira cheirosa;Fusaea longifolia;Annonaceae;27.2;O;FALSE;NA;13.59;19.72;2.5;3;2.6;4;20150811;71.367.255.610.864;864.333.435.443.464
FN_A01;5;17;10;fava-barbatimao;Stryphnodendron pulcherrimum;Fabaceae;11.9;O;FALSE;NA;5.95;9.6;1.1;1.2;0.8;2.9;20150811;71.367.272.402.618;864.333.578.617.088
FN_A01;5;17;11;abiurana;Pouteria gongrijpii;Sapotaceae;17.7;O;FALSE;NA;12.52;18.02;2.8;2;3.4;1.6;20150811;713.676.391.085;8.643.336.319.704
FN_A01;5;17;12;morta;NA;NA;13.1;O;TRUE;1;1.33;7.87;NA;NA;NA;NA;20150811;7.136.763.434.012;86.433.414.034.432
FN_A01;5;17;13;breu;Protium heptaphyllum;Burseraceae;10.1;O;FALSE;NA;4.75;8.13;1.6;1.5;1.8;1.7;20150811;713.677.104.693;8.643.342.044.008
FN_A01;5;17;14;algodao-bravo;Cochlospermum vitifolium;Bixaceae;11.2;O;FALSE;NA;8.85;12.76;2.2;3.1;3.2;1.5;20150811;7.136.846.998.479;86.433.459.104.064
FN_A01;5;17;15;breu;Protium heptaphyllum;Burseraceae;42.8;O;FALSE;NA;20.35;24.68;1.2;3.3;5;1;20150811;7.136.894.215.808;86.433.486.460.408
FN_A01;5;17;16;carapanauba;Aspidosperma excelsum;Apocynaceae;70.5;O;FALSE;NA;23.52;33.18;5;4.8;3.7;5.8;20150811;7.136.928.689.552;86.433.312.731.296
FN_A01;5;17;17;morta;NA;NA;35;O;TRUE;2;1.84;17.05;NA;NA;NA;NA;20150811;7.136.879.011.696;86.433.372.033.016
FN_A01;5;17;18;abiurana;Pouteria gongrijpii;Sapotaceae;35.2;O;FALSE;NA;14.53;23.84;3.7;3;4.3;32;20150811;7.136.918.040.824;86.433.251.578.424
FN_A01;5;17;19;morta;NA;NA;45.8;O;TRUE;4;1.34;3.76;NA;NA;NA;NA;20150811;713.688.048.881;864.332.050.948
FN_A01;5;17;20;morta;NA;NA;67.3;O;TRUE;2;1.22;9.31;NA;NA;NA;NA;20150811;713.680.006.004;8.643.326.488.496
FN_A01;5;17;21;louro cunauaru;Endlicheria sp.;Lauraceae;44.1;O;FALSE;NA;18.62;29.49;5.7;5.2;2.3;11.4;20150811;713.679.143.774;8.643.330.935.024
FN_A01;5;17;22;morta;NA;NA;55.8;O;TRUE;3;0.91;5.13;NA;NA;NA;NA;20150811;71.366.861.599.892;864.332.841.310.712
FN_A01;5;17;23;morta;NA;NA;46;O;TRUE;3;1.26;5.63;NA;NA;NA;NA;20150811;7.136.672.152.472;86.433.219.747.184
FN_A01;5;17;24;morta;NA;NA;54.5;O;TRUE;3;1.24;3.49;NA;NA;NA;NA;20150811;713.676.596.976;8.643.289.956.904
FN_A01;5;17;25;morta;NA;NA;57.2;O;TRUE;3;1.76;10.84;NA;NA;NA;NA;20150811;71.367.474.181.556;864.330.730.550.216
FN_A01;5;18;26;morta;NA;NA;48.1;O;TRUE;1;1.89;28.89;NA;NA;NA;NA;20150811;71.376.859.275.116;86.434.154.569.692
FN_A01;5;18;27;morta;NA;NA;10.8;O;TRUE;1;1.47;6.32;NA;NA;NA;NA;20150811;71.376.939.834.832;86.434.160.428.184
FN_A01;5;18;28;breu;Protium heptaphyllum;Burseraceae;11.6;O;FALSE;NA;6.29;11.77;1;1.2;1.1;1.1;20150811;71.377.407.147.126;86.434.144.169.202
FN_A01;5;18;29;tento caxua;Ormosia sp.;Fabaceae;12.2;O;FALSE;NA;8.9;14.44;2.3;2;2.7;2.4;20150811;71.378.256.571.424;86.434.218.602.688
FN_A01;5;18;30;canela-de-velho;Casearia javitensis;Salicaceae;10.4;O;FALSE;NA;12.11;15.75;1.4;1.4;2;1.7;20150811;7.137.838.990.972;8.643.426.588.104
FN_A01;5;18;31;mandioqueira;Qualea paraensis;Vochysiaceae;15.3;O;FALSE;NA;9.86;14.02;1.5;2.5;2.1;1.2;20150811;71.378.690.954.148;86.434.237.719.396
FN_A01;5;18;32;tachi preto;Tachigali myrmecophila;Fabaceae;19.6;O;FALSE;NA;18.94;23.06;2.5;2.3;3.4;3;20150811;713.790.877.491.232;864.342.791.395.784
FN_A01;5;18;33;morta;NA;NA;28.8;O;TRUE;1;1.8;19.09;NA;NA;NA;NA;20150811;7.137.959.830.546;8.643.435.375.842
FN_A01;5;18;34;louro amarelo;Aniba parviflora;Lauraceae;16;O;FALSE;NA;13.27;18.03;2.6;3;2.7;2.5;20150811;713.797.736.724.672;864.343.290.972.064
FN_A01;5;18;35;liana;NA;NA;10.7;L;FALSE;NA;NA;NA;NA;NA;NA;NA;20150811;713.795.324.136.248;864.343.240.106.776
FN_A01;5;18;36;morta;NA;NA;21.2;O;TRUE;1;1.49;13.39;NA;NA;NA;NA;20150811;713.799.361.993.888;864.343.658.701.056
FN_A01;5;18;37;tento caxua;Ormosia sp.;Fabaceae;18.4;O;FALSE;NA;8.58;17.9;1.6;3.2;1.2;5;20150811;713.784.785.254.076;864.342.723.253.812
FN_A01;5;18;38;abiurana;Pouteria gongrijpii;Sapotaceae;12.5;O;FALSE;NA;16.64;23.29;1;2.4;3.3;1;20150811;713.799.930.480.684;864.343.824.650.308
FN_A01;5;18;39;uxirana;Sacoglottis guianensis;Humiriaceae;11.1;O;FALSE;NA;10.85;14.49;1.5;3.4;2.5;0.6;20150811;713.801.135.313.392;864.343.787.726.304
FN_A01;5;18;40;envira vermelha;Xylopia amazonica;Annonaceae;18.9;O;FALSE;NA;22.33;29.07;3;2;2.5;2.3;20150811;713.801.461.115.288;864.343.935.961.656
FN_A01;5;18;41;abiurana;Pouteria gongrijpii;Sapotaceae;24.1;O;FALSE;NA;20.84;26.3;2.8;3.5;2.6;2;20150811;713.802.989.238.328;864.343.922.616.336
FN_A01;5;18;42;tachi vermelho;Tachigali paniculata;Fabaceae;34.8;O;FALSE;NA;24.57;29.02;4.5;2.7;4;2.7;20150811;7.138.046.819.524;8.643.440.457.768
FN_A01;5;18;43;canela-de-velho;Casearia javitensis;Salicaceae;13.5;O;FALSE;NA;14.44;21.82;2.8;1.5;2;1.8;20150811;71.380.790.616.968;86.434.428.036.816
FN_A01;5;18;44;carapanauba;Aspidosperma excelsum;Apocynaceae;38.3;O;FALSE;NA;19.93;26.18;3;2.5;3;3.2;20150811;7.137.944.408.416;8.643.423.006.512
FN_A01;5;18;45;carapanauba;Aspidosperma excelsum;Apocynaceae;42.3;O;FALSE;NA;15.83;23.54;3;4.2;3;4.3;20150811;71.379.045.114.348;86.434.037.603.676
FN_A01;5;18;46;tachi vermelho;Tachigali paniculata;Fabaceae;38;O;FALSE;NA;19.75;32.3;4.7;3.2;3;3.4;20150811;7.137.893.050.542;8.643.395.351.814
FN_A01;5;18;47;louro amarelo;Aniba parviflora;Lauraceae;38;O;FALSE;NA;21.1;29.32;3.8;4.7;3;4.8;20150811;713.792.080.719.632;864.339.361.250.184
FN_A01;5;18;48;uxirana;Sacoglottis guianensis;Humiriaceae;49.3;O;FALSE;NA;20.1;25.36;3.4;6.8;9.7;3;20150811;713.781.068.989.467;864.341.989.227.447
FN_A01;5;18;49;morta;NA;NA;51;O;TRUE;2;1.42;3.65;NA;NA;NA;NA;20150811;713.806.304.439.096;864.341.165.349.552
FN_A01;5;18;50;mandioqueira;Qualea paraensis;Vochysiaceae;36.1;O;FALSE;1;15.73;28.51;4;4;3.4;4.4;20150811;71.383.222.772.488;86.434.120.047.456
FN_A01;5;19;51;morta;NA;NA;24.2;O;TRUE;NA;1.37;5.09;0;0;0;0;20150811;71.389.423.832.368;86.435.103.598.608
FN_A01;5;19;52;breu;Protium heptaphyllum;Burseraceae;18.1;O;FALSE;NA;9.59;14.76;3.3;3;2.8;3.4;20150811;713.892.524.710.354;864.351.299.132.241
FN_A01;5;19;53;morta;NA;NA;39.4;O;TRUE;1;2.48;26.22;NA;NA;NA;NA;20150811;71.389.840.963.208;86.435.148.846.048
FN_A01;5;19;54;louro amarelo;Aniba parviflora;Lauraceae;25.2;O;FALSE;NA;17.17;25;3;4.7;3.7;4.2;20150811;713.904.048.414.524;864.351.919.570.744
FN_A01;5;19;55;morta;NA;NA;17.4;O;TRUE;1;2.73;18.36;NA;NA;NA;NA;20150811;71.390.726.038.392;86.435.193.581.472
FN_A01;5;19;56;carapanauba;Aspidosperma excelsum;Apocynaceae;70.7;O;FALSE;NA;19.08;28.76;4.4;5.8;4.4;3.8;20150811;71.390.893.119.054;86.435.206.722.264
FN_A01;5;19;57;liana;NA;NA;14.4;L;FALSE;NA;NA;NA;NA;NA;NA;NA;20150811;713.907.934.390.592;864.352.113.252.352
FN_A01;5;19;58;morta;NA;NA;27.7;O;TRUE;1;2.13;19.22;NA;NA;NA;NA;20150811;713.907.813.567.976;864.352.228.182.656
FN_A01;5;19;59;muiratinga;Maquira coriacea;Moraceae;13.6;O;FALSE;NA;8.97;12.7;0.6;4.2;1.2;0.5;20150811;713.908.650.663.648;864.352.418.474.688
FN_A01;5;19;60;morta;NA;NA;21.5;O;TRUE;1;1.85;6.36;NA;NA;NA;NA;20150811;713.909.011.178.912;864.352.571.289.472
FN_A01;5;19;61;tachi;Tachigali myrmecophila;Fabaceae;36.8;O;FALSE;NA;15.3;28.11;4.5;3.4;6.3;6;20150811;71.391.156.562.768;86.435.277.225.408
FN_A01;5;19;62;canela-de-anta;NA;NA;10.7;O;FALSE;NA;7.64;10.71;2.2;2.5;2.8;1.4;20150811;713.917.410.157.816;864.352.858.570.296
FN_A01;5;19;63;morta;NA;NA;63.3;O;TRUE;2;1.11;8.41;NA;NA;NA;NA;20150811;713.917.376.892.616;864.352.980.442.496
FN_A01;5;19;64;jacareuba;Calophyllum brasiliense;Calophyllaceae;14.9;O;FALSE;NA;11.77;18.33;2.2;2.7;2.5;3.2;20150811;71.392.114.481.056;86.435.352.587.136
FN_A01;5;19;65;canela-de-velho;Casearia javitensis;Salicaceae;21.2;O;FALSE;NA;18.33;23.86;3.8;2.5;3.6;3.3;20150811;713.922.984.138.536;864.353.296.992.616
FN_A01;5;19;66;canela-de-velho;Casearia javitensis;Salicaceae;19.4;O;FALSE;NA;9.98;22.05;3.5;2.6;4.8;2.4;20150811;713.924.258.191.272;864.353.397.203.432
FN_A01;5;19;67;breu branco;Protium paniculatum;Burseraceae;10.1;O;FALSE;NA;6.82;9.58;1.1;0.6;0.7;1.2;20150811;713.923.645.627.872;864.353.598.078.432
FN_A01;5;19;68;abiurana vermelha;Pouteria gongrijpii;Sapotaceae;12;O;FALSE;NA;9.88;15.21;2.4;1.7;1.6;2.2;20150811;713.926.143.273.536;864.353.670.014.016
FN_A01;5;19;69;morta;NA;NA;43.5;O;TRUE;1;1.57;4.75;NA;NA;NA;NA;20150811;713.897.235.287.304;864.350.774.292.024
FN_A01;5;19;70;breu manga;Tetragastris altissima;Burseraceae;40.2;O;FALSE;NA;13.73;19.34;2.5;2.3;3.1;2.8;20150811;713.901.130.510.688;864.349.837.299.528
FN_A01;5;19;71;morta;NA;NA;44.5;O;TRUE;1;1.81;10.17;NA;NA;NA;NA;20150811;713.910.481.972.094;864.349.353.815.846
FN_A01;5;19;72;carapanauba;Aspidosperma excelsum;Apocynaceae;37.7;O;FALSE;NA;15.83;21.35;3.2;1.8;1.7;2.4;20150811;713.911.791.384.912;864.350.053.275.072
FN_A01;5;19;73;morta;NA;NA;86.5;O;TRUE;1;2.36;25.83;NA;NA;NA;NA;20150811;713.937.219.415.193;864.350.408.090.717
FN_A01;5;19;74;angelim-pedra;Hymenolobium petraeum;Fabaceae;41.6;O;FALSE;NA;14.94;28.14;5.3;4.2;5;8;20150811;713.935.203.517.376;864.350.822.070.256
FN_A01;5;19;75;cumaru;Dipteryx odorata;Fabaceae;37.4;O;FALSE;NA;20.29;29.2;3.2;3.4;4.2;4.8;20150811;713.937.571.480.169;864.351.182.121.773
FN_A01;5;19;76;cupiuba;Goupia glabra;Goupiaceae;50.3;O;FALSE;NA;16.15;23.05;3;4.4;5.7;1.7;20150811;71.393.561.673.192;86.435.192.461.152
FN_A01;5;20;77;canela-de-velho;Casearia javitensis;Salicaceae;32.8;O;FALSE;NA;10.9;17.9;4.7;2.5;5.3;2.8;20150811;714.009.109.870.656;864.359.984.094.496
FN_A01;5;20;78;abiurana vermelha;Pouteria gongrijpii;Sapotaceae;11.9;O;FALSE;NA;5.38;9.34;2.1;3.3;1.6;2.6;20150811;714.014.043.400.528;864.360.239.157.648
FN_A01;5;20;79;murta;Strychnos subcordata;Loganiaceae;12.8;O;FALSE;NA;7.3;11.63;2.1;2.4;3.9;3.7;20150811;7.140.160.805.322;8.643.602.691.282
FN_A01;5;20;80;araca;Myrcia deflexa;Myrtaceae;26.7;O;FALSE;NA;12.64;13.14;2.4;2.3;2.7;1.8;20150811;7.140.172.542.864;8.643.603.606.984
FN_A01;5;20;81;abiurana;Pouteria gongrijpii;Sapotaceae;19.4;O;FALSE;NA;10.05;12.66;2;3.3;2.9;1.4;20150811;714.021.069.108.909;864.360.965.889.421
FN_A01;5;20;82;sucupira preta;Bowdichia nitida;Fabaceae;16.4;O;FALSE;NA;9.65;16.58;1.8;3;1.8;1.6;20150811;71.402.554.600.112;86.436.139.057.792
FN_A01;5;20;83;breu barrote;Tetragastris panamensis;Burseraceae;16.9;O;FALSE;NA;7.45;8.92;2;2.1;1;2.5;20150811;714.025.936.852.088;864.361.548.326.808
FN_A01;5;20;84;louro preto;Ocotea cernua;Lauraceae;12.6;O;FALSE;NA;6.58;13.77;2.1;1.8;2;2.6;20150811;71.402.969.513.524;86.436.158.589.284
FN_A01;5;20;85;quaruba;Vochysia guianensis;Vochysiaceae;15.6;O;FALSE;NA;6.18;12.05;1.8;2.3;1.7;1.5;20150811;7.140.329.043.424;8.643.615.816.344
FN_A01;5;20;86;louro preto;Nectandra cuspidata;Lauraceae;12.9;O;FALSE;NA;6.62;11.75;1.4;1.7;1.7;2;20150811;71.403.204.326.428;86.436.176.860.748
FN_A01;5;20;87;morta;NA;NA;19.4;O;TRUE;2;0.55;9.61;NA;NA;NA;NA;20150811;71.403.619.115.712;86.436.196.477.392
FN_A01;5;20;88;muuba;Bellucia grossularioides;Melastomataceae;18.2;O;FALSE;NA;7.39;13.01;2.6;4.2;2.3;3.2;20150811;714.043.391.134.528;864.362.525.751.648
FN_A01;5;20;89;breu manga;Tetragastris altissima;Burseraceae;11.5;O;FALSE;NA;5.65;8.27;1.1;1;1.1;1.2;20150811;714.041.516.891.632;864.362.757.509.712
FN_A01;5;20;90;muuba;Bellucia grossularioides;Melastomataceae;12.2;O;FALSE;NA;6.97;12.48;2.8;3.1;2;1.8;20150811;714.044.721.565.136;864.362.629.410.576
FN_A01;5;20;91;muuba;Bellucia grossularioides;Melastomataceae;12.7;O;FALSE;NA;7.52;11.69;1.7;2.7;2.5;2.1;20150811;714.044.721.565.136;864.362.629.410.576
FN_A01;5;20;92;morta;NA;NA;36.8;O;TRUE;2;0.56;13.98;NA;NA;NA;NA;20150811;71.401.634.762.992;86.435.899.574.432
FN_A01;5;20;93;carapanauba;Aspidosperma excelsum;Apocynaceae;39;O;FALSE;NA;9.31;15.18;5;3.1;3;2.6;20150811;714.018.528.527.296;864.359.427.512.736
FN_A01;5;20;94;morta;NA;NA;56.1;O;TRUE;3;0.68;4.02;NA;NA;NA;NA;20150811;714.025.048.864.296;864.358.241.652.136
FN_A01;5;20;95;fava-mapuxiqui;Albizia pedicellaris;Fabaceae;40.6;O;FALSE;NA;14.83;23.13;6.7;7;6.1;6.2;20150811;714.031.206.422.502;864.358.461.979.078
FN_A01;5;20;96;morta;NA;NA;75.4;O;TRUE;5;0.34;2.03;NA;NA;NA;NA;20150811;714.049.113.450.059;864.358.623.523.467
FN_A01;5;20;97;mandioqueira;Qualea paraensis;Vochysiaceae;59.5;O;FALSE;NA;16.01;26.6;4.1;8;5.8;6;20150811;71.407.165.596.768;86.435.931.913.488
FN_A01;6;21;91;louro-seda;Endlicheria ruforamula;Lauraceae;17.4;O;FALSE;NA;15.81;21.93;2;1.8;3;2;20150820;80.561.519.426.324;868.885.754.427.596
FN_A01;6;21;92;louro-seda;Endlicheria ruforamula;Lauraceae;16.7;O;FALSE;NA;19.37;23.51;1.8;2.5;1.8;5.7;20150820;805.615.406.166;86.888.602.476.768
FN_A01;6;21;93;inhare;Helicostylis sp.;Moraceae;16.8;O;FALSE;NA;18.8;24.44;2.7;1.7;1.7;2.4;20150820;805.615.306.841.176;86.888.602.458.175
FN_A01;6;21;94;envira preta;Guatteria schomburgkiana;Annonaceae;17.7;O;FALSE;NA;12.63;18.18;2.8;1.8;3.4;2.4;20150820;805.615.380.722;86.888.606.193.656
FN_A01;6;21;95;morta;NA;NA;14.5;O;TRUE;2;NA;14.22;NA;NA;NA;NA;20150820;80.561.123.274.784;868.886.297.359.016
FN_A01;6;21;96;cucutitiriba;Pouteria sp.;Sapotaceae;26.3;O;FALSE;NA;18.72;25.01;0;8;1.3;3;20150820;8.056.121.227.808;86.888.644.808.312
FN_A01;6;21;97;louro-seda;Endlicheria ruforamula;Lauraceae;10.1;O;FALSE;NA;7.41;12.65;1.9;1.2;1.7;1.3;20150820;80.561.111.249.272;868.886.465.376.128
FN_A01;6;21;98;louro-seda;Endlicheria ruforamula;Lauraceae;39.4;O;FALSE;NA;17.95;29.36;8.7;7.7;7.3;8.4;20150820;80.561.609.164.328;868.886.481.430.472
FN_A01;6;21;99;mulungu;Micropholis venulosa;Sapotaceae;10.4;O;FALSE;NA;10.52;13.62;2;1;0.7;2.7;20150820;805.612.776.509.856;868.886.654.121.382
FN_A01;6;21;100;muuba;Bellucia grossularioides;Melastomataceae;15.4;O;FALSE;NA;11.08;14.42;2.7;3.6;3;3.4;20150820;805.613.604.207.776;868.887.046.139.091
FN_A01;6;21;101;breu branco;Protium paniculatum;Burseraceae;14.2;O;FALSE;NA;15.47;22.27;3;2.5;2.2;3.4;20150820;8.056.106.915.998;86.888.705.343.602
FN_A01;6;21;102;envira preta;Guatteria schomburgkiana;Annonaceae;11.1;O;FALSE;NA;16.12;20.85;3;0.7;1.7;2.2;20150820;80.561.051.121.712;868.887.305.461.688
FN_A01;6;21;103;embauba branca;Cecropia palmata;Urticaceae;18.4;O;FALSE;NA;16.68;19.57;1;1.7;1;3;20150820;805.612.402.406;8.688.874.739.164
FN_A01;6;21;104;morta;NA;NA;50.5;O;TRUE;4;NA;3.5;NA;NA;NA;NA;20150820;8.056.154.823.824;86.888.738.175.576
FN_A01;6;21;105;louro preto;Ocotea cernua;Lauraceae;15.8;O;FALSE;NA;13.3;17.29;3.2;4;5.5;2.2;20150820;8.056.101.237.284;86.888.784.685.016
FN_A01;6;21;106;louro-seda;Endlicheria ruforamula;Lauraceae;12.8;O;FALSE;NA;12.71;17.09;1.6;2.3;3;1.8;20150820;80.561.212.200.644;868.887.874.386.236
FN_A01;6;21;107;canela-de-velho;Casearia javitensis;Salicaceae;12.4;O;FALSE;NA;11.55;15.53;2.2;2;2;1.7;20150820;80.561.396.858;8.688.881.248.094
FN_A01;6;21;108;murta;Strychnos subcordata;Loganiaceae;12.1;O;FALSE;NA;10.21;13.24;2;2;2.5;2.3;20150820;80.561.177.639.768;868.888.367.988.592
FN_A01;6;21;109;caqui;Diospyros guianensis;Ebenaceae;25.9;O;FALSE;NA;16.94;23.54;3;2.7;2.7;2.7;20150820;8.056.097.896.864;86.888.831.356.436
FN_A01;6;21;110;breu branco;Protium paniculatum;Burseraceae;10.5;O;FALSE;NA;4.77;9.34;2.7;4;3;3.1;20150820;805.610.571.574;8.688.886.391.686
FN_A01;6;21;111;abiurana;Pouteria gongrijpii;Sapotaceae;44.7;O;FALSE;NA;15.87;25.57;3.4;4;3.8;3.4;20150820;80.561.756.681.096;868.888.807.251.664
FN_A01;6;21;112;joao-mole;Neea oppositifolia;Nyctaginaceae;11;O;FALSE;NA;9.38;13.28;1.3;0.8;0.6;1.7;20150820;8.056.110.330.128;86.888.942.969.932
FN_A01;6;21;113;abiurana;Pouteria gongrijpii;Sapotaceae;17.5;O;FALSE;NA;13.38;16.91;1.3;0.7;1.2;3.5;20150820;8.056.099.444.904;86.888.952.492.656
FN_A01;6;21;114;canela-de-velho;Casearia javitensis;Salicaceae;16.8;O;FALSE;NA;15.13;19.68;2.3;1.7;2.6;2.4;20150820;805.609.746.464;8.688.898.046.396
FN_A01;6;21;115;breu branco;Protium paniculatum;Burseraceae;17.4;O;FALSE;NA;6.25;13.97;2.7;3.2;3.5;4;20150820;8.056.094.824.288;86.889.017.759.032
FN_A01;6;21;116;louro preto;Nectandra cuspidata;Lauraceae;40.1;O;FALSE;NA;20.12;30.24;3;4.8;3.4;6.3;20150820;8.056.374.851.076;86.888.964.916.584
FN_A01;6;21;117;cupiuba;Goupia glabra;Goupiaceae;117.7;O;FALSE;NA;18.82;37.26;10.3;9.5;10.5;11;20150820;80.564.418.929;868.888.378.592
FN_A01;6;21;118;quarubarana;Erisma uncinatum;Vochysiaceae;66.7;O;FALSE;NA;21.15;32.11;8.6;3;9.7;7;20150820;8.056.571.045.792;86.888.916.336.848
FN_A01;6;21;119;quarubarana;Erisma uncinatum;Vochysiaceae;62.4;O;FALSE;NA;16.86;28.58;3;7.3;7;3.4;20150820;8.056.273.408.148;86.888.948.931.632
FN_A01;6;21;120;quarubarana;Erisma uncinatum;Vochysiaceae;56.5;O;FALSE;NA;15.9;25.44;5.4;6;4.6;6;20150820;805.618.369.444;8.688.891.385.832
FN_A01;6;21;121;quarubarana;Erisma uncinatum;Vochysiaceae;72.8;O;FALSE;NA;20.65;36.16;3.6;6;6.4;1;20150820;805.609.746.464;8.688.898.046.396
FN_A01;6;21;122;breu manga;Tetragastris altissima;Burseraceae;36.5;O;FALSE;NA;21.13;31.76;3.5;4;4;5.7;20150820;805.610.772.176;8.688.898.022.294
FN_A01;6;21;123;amarelao;Aspidosperma parvifolium;Apocynaceae;66.5;O;FALSE;NA;16.25;26.66;6.6;10;7;7.4;20150820;80.562.264.842.956;868.887.172.237.364
FN_A01;6;21;124;urucurana;Sloanea guianensis;Elaeocarpaceae;12.1;O;FALSE;NA;9.08;15.69;3.4;3;2.2;2.5;20150820;805.611.082.863.512;868.885.951.217.345
FN_A01;6;22;125;urucurana;Sloanea guianensis;Elaeocarpaceae;17.7;O;FALSE;NA;10.9;17.83;4;3.3;2;6;20150820;805.603.071.662.448;86.890.093.233.168
FN_A01;6;22;126;murta;Strychnos subcordata;Loganiaceae;12.3;O;FALSE;NA;9.55;14.85;1.4;2;1;2.3;20150820;8.056.061.078.928;868.901.098.936
FN_A01;6;22;127;tatapiririca;Tapirira guianensis;Anacardiaceae;41.5;O;FALSE;NA;16.49;22.61;5;4;5.5;4.6;20150820;8.056.158.047.456;86.890.103.126
FN_A01;6;22;128;breu manga;Tetragastris altissima;Burseraceae;47.9;O;FALSE;NA;13.27;20.63;2.4;2.7;2;3.7;20150820;8.056.100.060.042;8.689.014.310.688
FN_A01;6;22;129;murta;Strychnos subcordata;Loganiaceae;21.4;O;FALSE;NA;13.42;20.54;4.6;3.7;4.3;4;20150820;8.056.069.643.425;868.901.533.108
FN_A01;6;22;130;cumaru;Dipteryx odorata;Fabaceae;14.9;O;FALSE;NA;12.79;16.74;1.3;2.6;2;2.5;20150820;80.560.284.062.744;8.689.022.712.176
FN_A01;6;22;131;louro preto;Nectandra cuspidata;Lauraceae;24;O;FALSE;NA;14.04;21.48;7.4;1.3;1.7;3;20150820;805.603.744.668;868.902.535.056
FN_A01;6;22;132;morta;NA;NA;23.5;O;TRUE;1;NA;16.64;NA;NA;NA;NA;20150820;805.606.702.568;8.689.025.653.328
FN_A01;6;22;133;murta;Strychnos subcordata;Loganiaceae;11.5;O;FALSE;NA;9.26;13.43;2;1.5;2;2.8;20150820;8.056.055.547.782;868.903.153.118
FN_A01;6;22;134;caripe;Licania octandra;Chrysobalanaceae;30.4;O;FALSE;NA;22.49;30.24;6.7;2.4;2.5;5.6;20150820;80.560.440.340.742;8.689.036.906.704
FN_A01;6;22;135;fava-mapuxiqui;Albizia pedicellaris;Fabaceae;63.2;O;FALSE;NA;22.32;30.3;9.3;8.6;3.5;12.8;20150820;8.056.074.294.584;868.903.671.264
FN_A01;6;22;136;louro amarelo;Aniba parviflora;Lauraceae;13.3;O;FALSE;NA;11.11;14.52;2;2.3;3;1.5;20150820;8.056.074.056.096;868.903.771.492
FN_A01;6;22;137;tatapiririca;Tapirira guianensis;Anacardiaceae;22.1;O;FALSE;NA;18.48;24.85;4;2.8;7.5;0.7;20150820;80.560.608.697.112;8.689.041.921.176
FN_A01;6;22;138;breu manga;Tetragastris altissima;Burseraceae;39.7;O;FALSE;NA;10.83;13.55;0.3;2.8;1.7;1;20150820;8.056.021.024.881;868.904.605.132
FN_A01;6;22;139;quaruba;Vochysia guianensis;Vochysiaceae;21.3;O;FALSE;NA;15.4;18.78;1.5;2.7;1.7;3.8;20150820;8.056.020.708.083;8.689.047.053
FN_A01;6;22;140;louro preto;Ocotea cernua;Lauraceae;18.5;O;FALSE;NA;17.12;23;4.6;2.5;2.2;3.2;20150820;8.056.020.708.083;8.689.047.053
FN_A01;6;22;141;envira preta;Guatteria schomburgkiana;Annonaceae;13.8;O;FALSE;NA;12.32;16.04;2.4;2.6;2.6;4.5;20150820;80.560.275.502.136;8689051.43
FN_A01;6;22;142;carapanauba;Aspidosperma excelsum;Apocynaceae;58.9;O;FALSE;NA;21.5;28.89;6.6;3.2;2.6;5;20150820;805.646.331.586;868.904.353.612
FN_A01;6;22;143;quarubarana;Erisma uncinatum;Vochysiaceae;67;O;FALSE;NA;23.06;33.63;5.7;7.3;7.5;6.3;20150820;805.626.725.505;86.890.466.392
FN_A01;6;22;144;mandioqueira;Qualea paraensis;Vochysiaceae;51;O;FALSE;NA;19.45;28.01;3.7;3.6;3.6;4.8;20150820;80.563.173.386;868.903.476.584
FN_A01;6;22;145;quarubarana;Erisma uncinatum;Vochysiaceae;36.5;O;FALSE;NA;19.54;26.1;4.3;4.8;5.8;3.6;20150820;8.056.399.825.744;868.903.847.932
FN_A01;6;22;146;pintadinho;Poeppigia procera;Fabaceae;47.5;O;FALSE;NA;24.69;30.53;3.2;4;4.2;3.2;20150820;805.642.115.784;868.904.117.032
FN_A01;6;22;147;quarubarana;Erisma uncinatum;Vochysiaceae;44.9;O;FALSE;NA;13.07;21.27;6.3;4;3.8;3.2;20150820;805.638.861.259;868.903.461.936
FN_A01;6;22;148;morta;NA;NA;40.2;O;TRUE;2;NA;6.78;NA;NA;NA;NA;20150820;805.630.670.494;868.903.091.032
FN_A01;6;22;149;breu manga;Tetragastris altissima;Burseraceae;47.7;O;FALSE;NA;13.92;19.06;3;4.4;2;4.7;20150820;80.562.663.687;86.890.315.708
FN_A01;6;23;150;breu barrote;Tetragastris panamensis;Burseraceae;32;O;FALSE;NA;15.03;21.2;4.7;2.7;4.8;3;20150820;805.598.403.418.936;868.916.262.759.336
FN_A01;6;23;151;araracanga;Aspidosperma spruceanum;Apocynaceae;18.7;O;FALSE;NA;13.02;15.87;0.8;1.2;1.4;2;20150820;805.599.716.817.928;868.917.257.109.528
FN_A01;6;23;152;breu branco;Protium paniculatum;Burseraceae;10.9;O;FALSE;NA;10.15;13.39;2.2;1.8;3.7;2.6;20150820;805.599.520.740.781;868.917.359.947.981
FN_A01;6;23;153;canela-de-velho;Casearia javitensis;Salicaceae;24.5;O;FALSE;NA;15.05;19.06;2.5;2.2;3.4;1.7;20150820;805.597.709.002.328;868.917.583.909.128
FN_A01;6;23;154;envira preta;Guatteria schomburgkiana;Annonaceae;10.4;O;FALSE;NA;9.92;13.68;1.2;3.5;2.2;2;20150820;805.600.576.140.264;868.917.918.964.664
FN_A01;6;23;155;tatapiririca;Tapirira guianensis;Anacardiaceae;23.1;O;FALSE;NA;15.43;21.6;11;3.4;4.2;4.4;20150820;805.601.593.816.672;868.918.023.547.072
FN_A01;6;23;156;inga amarelo;Inga sp.;Fabaceae;15.2;O;FALSE;NA;11.83;20.52;8.7;3.6;3.2;2.8;20150820;805.601.408.745.512;868.918.332.552.312
FN_A01;6;23;157;breu manga;Tetragastris altissima;Burseraceae;38.1;O;FALSE;NA;7.5;11.51;2.4;1.5;1;1.7;20150820;80.560.684.821.752;86.891.825.677.672
FN_A01;6;23;158;cumaru;Dipteryx odorata;Fabaceae;42.6;O;FALSE;NA;8.07;10.78;4.8;3.1;3.7;5.7;20150820;805.610.888.334;868.918.138.946
FN_A01;6;23;159;tento;Ormosia coccinea;Fabaceae;32.1;O;FALSE;NA;11.53;23.8;7.2;2.5;3.8;6.5;20150820;805.597.384.314.588;868.919.320.671.188
FN_A01;6;23;160;carapanauba;Aspidosperma excelsum;Apocynaceae;51;O;FALSE;NA;29.44;38.82;3.2;4;3.7;3.2;20150820;80.563.186.181.746;86.891.917.326.326
FN_A01;6;23;161;breu manga;Tetragastris altissima;Burseraceae;41.3;O;FALSE;NA;22.1;28.8;3;4.7;3.3;4.4;20150820;80.562.894.604.608;86.891.856.648.608
FN_A01;6;23;162;angelim-pedra;Hymenolobium petraeum;Fabaceae;65;O;FALSE;NA;26.95;36.25;7;8.4;10;7;20150820;8.056.365.107.386;8.689.171.695.406
FN_A01;6;24;163;muruci;Byrsonima crispa;Malpighiaceae;47;O;FALSE;NA;20.33;31.92;6.7;7.3;3;13.8;20150820;80.562.999.199.872;86.893.219.397.928
FN_A01;6;24;164;breu branco;Protium paniculatum;Burseraceae;18.3;O;FALSE;NA;8.2;15.73;3;0.8;0.6;0.7;20150820;805.593.821.410.969;86.893.055.326.343
FN_A01;6;24;165;breu branco;Protium paniculatum;Burseraceae;13.8;O;FALSE;NA;8.8;16.72;3.5;1.8;2.3;2.4;20150820;805.594.582.602.624;868.930.603.205.376
FN_A01;6;24;166;breu manga;Tetragastris altissima;Burseraceae;13.1;O;FALSE;NA;9.78;16.58;2.7;2;3.6;4.8;20150820;805.595.815.273.638;868.930.699.855.762
FN_A01;6;24;167;jutai-pororoca;Dialium guianense;Fabaceae;18.7;O;FALSE;NA;8.73;17.83;4.7;2;2.1;4.7;20150820;805.597.709.622.272;868.930.844.953.728
FN_A01;6;24;168;caripe;Licania octandra;Chrysobalanaceae;17.5;O;FALSE;NA;8.73;13.85;2.5;2.7;2;2.8;20150820;805.593.581.612.429;868.930.791.346.471
FN_A01;6;24;169;breu manga;Tetragastris altissima;Burseraceae;38.6;O;FALSE;NA;24.35;38.32;2.9;3.9;2.8;4.6;20150820;80.559.379.677.184;86.893.164.075.216
FN_A01;6;24;170;jutai-pororoca;Dialium guianense;Fabaceae;27.2;O;FALSE;NA;13.05;21.63;4.3;5;2;3.9;20150820;805.593.784.248.832;868.931.703.373.368
FN_A01;6;24;171;breu manga;Tetragastris altissima;Burseraceae;40.2;O;FALSE;NA;23.1;31.07;3.8;4.5;3;1.5;20150820;80.559.845.012.064;86.893.220.646.336
FN_A01;6;24;172;breu branco;Protium paniculatum;Burseraceae;12.8;O;FALSE;NA;6.09;11.97;2.6;3.4;4;3;20150820;80.559.741.353.856;86.893.257.201.564
FN_A01;6;24;173;morta;NA;NA;14.3;O;TRUE;NA;NA;5.2;NA;NA;NA;NA;20150820;80.559.550.650.816;86.893.259.683.884
FN_A01;6;24;174;freijo branco;Cordia scabrifolia;Boraginaceae;13.7;O;FALSE;NA;12.52;18.62;1.8;1.6;2.3;2.1;20150820;80.559.438.524.256;86.893.342.262.544
FN_A01;6;24;175;crista;Mucuna rostrata;Fabaceae;25;O;FALSE;NA;14.11;19.97;3.8;5.7;4.3;3;20150820;805.594.178.272.704;868.934.423.630.496
FN_A01;6;24;176;envira preta;Guatteria schomburgkiana;Annonaceae;15.6;O;FALSE;NA;11.03;15.49;3.8;1.8;5.3;1.5;20150820;80.559.416.964.896;86.893.446.533.904
FN_A01;6;24;177;breu manga;Tetragastris altissima;Burseraceae;45.5;O;FALSE;NA;19.44;26.45;3.6;2.4;2.7;4.5;20150820;8.056.000.628.928;8.689.356.490.332
FN_A01;6;24;178;breu manga;Tetragastris altissima;Burseraceae;42;O;FALSE;NA;23.13;31.26;4.7;3.8;4.5;4;20150820;80.561.178.835.968;86.893.510.346.832
FN_A01;6;24;179;acoita-cavalo;Luehea speciosa;Malvaceae;51.6;O;FALSE;NA;24.48;35.7;3.4;3.9;1.5;2.8;20150820;80.561.548.288;868.935.230.085
FN_A01;6;24;180;fava-mapuxiqui;Albizia pedicellaris;Fabaceae;40.3;O;FALSE;NA;15;21.41;4.4;4.7;3.1;5.2;20150820;80.561.604.352;86.893.369.959
FN_A01;6;24;181;breu manga;Tetragastris altissima;Burseraceae;46;O;FALSE;NA;10.78;17.73;2.7;4.5;4.6;3.2;20150820;8.056.230.636.288;8.689.327.386.312
FN_A01;6;24;182;itaubarana;Ormosia excelsa;Fabaceae;63.8;O;FALSE;NA;20.03;29.46;4.2;7;5.9;6.9;20150820;8.056.203.075.696;8.689.348.541.424
FN_A01;6;24;183;carapanauba;Aspidosperma excelsum;Apocynaceae;46.5;O;FALSE;NA;21.97;32.49;2.5;3.1;5.8;3.2;20150820;8.056.204.708.272;8.689.344.479.568
FN_A01;6;24;184;quaruba;Vochysia guianensis;Vochysiaceae;40.8;O;FALSE;NA;11.43;18.01;3.8;3.7;2.6;3.6;20150820;8.056.194.629.104;8.689.321.959.996
FN_A01;6;24;185;breu manga;Tetragastris altissima;Burseraceae;40.7;O;FALSE;NA;8.59;12.73;2.8;2.4;3.3;3.4;20150820;80.561.868.437.472;86.893.172.875.878
FN_A01;7;25;1;uxirana;Sacoglottis guianensis;Humiriaceae;33.9;O;FALSE;NA;16.11;23.69;4;4.2;3;3.7;20150819;805.559.704.966.847;867.137.358.652.271
FN_A01;7;25;2;tatapiririca;Tapirira guianensis;Anacardiaceae;30.4;O;FALSE;NA;14.82;20.92;4.3;2;1;8.2;20150819;805.559.445.443.861;867.137.403.545.797
FN_A01;7;25;3;andorinha;Casearia grandiflora;Salicaceae;10.2;O;FALSE;NA;7.77;10.75;1;2.4;2.8;1;20150819;805.557.910.197.232;867.138.231.898.672
FN_A01;7;25;4;mamoninha;Esenbeckia febrifuga;Rutaceae;16.7;O;FALSE;NA;11.81;15.11;1.6;2.3;1;1.4;20150819;805.557.255.435.712;867.138.360.710.752
FN_A01;7;25;5;andorinha;Casearia grandiflora;Salicaceae;12.6;O;FALSE;NA;7.74;12.04;0.5;2.2;1;1.4;20150819;8.055.559.635.704;8.671.381.965.384
FN_A01;7;25;6;andorinha;Casearia grandiflora;Salicaceae;10.9;O;FALSE;NA;9.23;12.02;1.6;0.6;1.1;1.2;20150819;80.555.827.213.998;86.713.872.328.358
FN_A01;7;25;7;andorinha;Casearia grandiflora;Salicaceae;14.7;O;FALSE;NA;9.23;12.02;1;1.5;1.7;1.4;20150819;805.558.329.264.496;867.138.736.630.816
FN_A01;7;25;8;morta;NA;NA;70.4;O;TRUE;3;NA;2.31;NA;NA;NA;NA;20150819;805.558.541.265.472;867.138.943.743.712
FN_A01;7;25;9;andorinha;Casearia grandiflora;Salicaceae;16.3;O;FALSE;NA;7.48;11.17;3;1.6;2.8;1.8;20150819;805.560.368.176.666;867.137.465.337.018
FN_A01;7;25;10;urucurana;Sloanea guianensis;Elaeocarpaceae;12.4;O;FALSE;NA;7.05;11.57;4.7;1;2.2;2;20150819;805.556.047.430.768;867.139.065.581.328
FN_A01;7;25;11;morta;NA;NA;49.4;O;TRUE;3;NA;12.58;NA;NA;NA;NA;20150819;805.556.859.664.672;867.139.427.806.912
FN_A01;7;25;12;morta;NA;NA;15.3;O;TRUE;1;NA;4.42;NA;NA;NA;NA;20150819;80.555.019.243.828;86.713.985.591.588
FN_A01;7;25;13;morta;NA;NA;15.7;O;TRUE;3;NA;2.62;NA;NA;NA;NA;20150819;80.554.951.348.156;86.714.005.113.676
FN_A01;7;25;14;mandioqueira;Qualea paraensis;Vochysiaceae;57.6;O;FALSE;NA;14.17;22.02;3;8;4;7;20150819;8.055.516.678.847;8.671.406.239.387
FN_A01;7;25;15;carapanauba;Aspidosperma excelsum;Apocynaceae;17.1;O;FALSE;NA;7.37;12.16;5;0.5;0.7;2.3;20150819;80.555.153.310.398;86.714.066.272.758
FN_A01;7;25;16;inga branco;Inga thibaudiana;Fabaceae;10.4;O;FALSE;NA;8.03;12.48;4;1.2;4.3;2.3;20150819;805.549.718.993.552;867.140.826.781.392
FN_A01;7;25;17;envira preta;Guatteria schomburgkiana;Annonaceae;12.1;O;FALSE;NA;8.91;14.28;3;1.3;2;2.7;20150819;805.549.090.527.203;867.141.305.990.147
FN_A01;7;25;18;inga vermelho;Inga alba;Fabaceae;19.2;O;FALSE;NA;10.04;18;4;2.2;3;3.7;20150819;805.547.337.778.016;867.141.571.580.736
FN_A01;7;25;19;mamoninha;Esenbeckia febrifuga;Rutaceae;43.2;O;FALSE;NA;8.67;17.62;4.4;2.2;2.5;4;20150819;8.055.576.126.868;8.671.410.014.428
FN_A01;7;25;20;itaubarana;Ormosia excelsa;Fabaceae;50;O;FALSE;NA;16.65;26.87;4.7;3;3.8;3.6;20150819;80.555.846.180.848;86.714.135.435.008
FN_A01;7;25;21;cumaru;Dipteryx odorata;Fabaceae;58.3;O;FALSE;NA;11.45;18.72;5.3;12.2;12;4;20150819;805.562.585.251;867.140.105.431
FN_A01;7;25;22;itaubarana;Ormosia excelsa;Fabaceae;71.8;O;FALSE;NA;14.51;22.56;7;5.5;4;6.7;20150819;80.556.584.865.904;86.714.161.571.584
FN_A01;7;25;23;angelim-pedra;Hymenolobium petraeum;Fabaceae;56.5;O;FALSE;NA;15.77;25.52;9.2;9.5;12;4.5;20150819;80.557.565.439.792;86.714.237.714.432
FN_A01;7;25;24;cumaru;Dipteryx odorata;Fabaceae;47.4;O;FALSE;NA;18.14;27.9;4.8;4.8;3;5.3;20150819;8.055.760.419.148;8.671.416.644.308
FN_A01;7;25;25;caripe;Licania octandra;Chrysobalanaceae;40.5;O;FALSE;NA;12.11;19.23;4;4.7;5.5;6.3;20150819;805.583.413.606;867.141.929.626
FN_A01;7;25;26;morta;NA;NA;47;O;TRUE;2;NA;26.97;NA;NA;NA;NA;20150819;805.577.760.004;867.143.269.684
FN_A01;7;25;27;joao-mole;Neea oppositifolia;Nyctaginaceae;49.7;O;FALSE;NA;13.51;18.27;6.3;2;3.7;3.7;20150819;8.055.808.403.776;8.671.402.744.696
FN_A01;7;25;28;louro amarelo;Aniba parviflora;Lauraceae;41.6;O;FALSE;NA;0.76;1.07;4;5;4.3;3.8;20150819;805.585.821.282.832;867.140.030.132.272
FN_A01;7;25;29;abiurana;Pouteria gongrijpii;Sapotaceae;36.3;O;FALSE;NA;17.29;20.79;2.3;4.6;3.5;4.4;20150819;805.588.343.539.096;867.139.838.447.416
FN_A01;7;26;30;breu branco;Protium paniculatum;Burseraceae;13.6;O;FALSE;NA;4.85;8.22;0.4;5.4;1.2;1.1;20150819;8.055.096.956.568;8.671.519.120.504
FN_A01;7;26;31;envira preta;Guatteria schomburgkiana;Annonaceae;11.6;O;FALSE;NA;8.33;12.78;1.5;7.2;2.4;2.3;20150819;80.551.134.000.504;86.715.197.272.912
FN_A01;7;26;32;mamorana;Eriotheca globosa;Malvaceae;13.3;O;FALSE;NA;6.86;8.97;1.2;1;1.2;1.1;20150819;805.510.735.575.782;867.152.147.732.147
FN_A01;7;26;33;louro preto;Ocotea cernua;Lauraceae;20.5;O;FALSE;NA;9.02;17.02;6;3.3;3;3.7;20150819;80.550.850.079.552;86.715.285.440.656
FN_A01;7;26;34;lacre;Vismia guianensis;Hypericaceae;12.4;O;FALSE;NA;4.72;8.08;3.4;0.5;1.7;1;20150819;80.550.566.335.152;86.715.307.969.456
FN_A01;7;26;35;embauba branca;Cecropia palmata;Urticaceae;20.1;O;FALSE;NA;12.87;16.42;1;2.8;2.5;1;20150819;805.505.669.088.077;86.715.415.114.983
FN_A01;7;26;36;tento;Ormosia coccinea;Fabaceae;12.6;O;FALSE;NA;6.47;11.16;3.8;3.5;3.4;1.7;20150819;80.550.179.905.896;86.715.419.868.688
FN_A01;7;26;37;tachi vermelho;Tachigali paniculata;Fabaceae;43.4;O;FALSE;NA;13.8;23.29;5.7;3.3;4.7;5.3;20150819;80.550.979.294.912;86.715.486.438.736
FN_A01;7;26;38;mapuxique;NA;NA;16.7;O;FALSE;NA;9.52;18.79;2.7;2.2;2.4;2.3;20150819;805.498.741.227.456;867.155.084.150.368
FN_A01;7;26;39;envira preta;Guatteria schomburgkiana;Annonaceae;24.3;O;FALSE;NA;11.87;17.9;3;4;3.1;4.3;20150819;805.496.321.844.288;867.155.784.736.864
FN_A01;7;26;40;muiratinga;Maquira coriacea;Moraceae;33.1;O;FALSE;NA;9.73;20.36;6.3;3.8;3;4;20150819;80.549.558.258.832;86.715.599.880.496
FN_A01;7;26;41;itaubarana;Ormosia excelsa;Fabaceae;70;O;FALSE;NA;15.19;28.29;6;5.7;5;7.6;20150819;80.551.529.493.168;86.715.625.011.504
FN_A01;7;26;42;breu barrote;Tetragastris panamensis;Burseraceae;40.6;O;FALSE;NA;8.82;18.91;7.8;4;4.2;3.3;20150819;80.555.113.460.304;86.715.333.370.912
FN_A01;7;26;43;mamoninha;Esenbeckia febrifuga;Rutaceae;42.6;O;FALSE;NA;17.02;24.19;3.5;4;3.2;4.5;20150819;805.545.323.202;867.153.226.756
FN_A01;7;26;44;breu manga;Tetragastris altissima;Burseraceae;52.7;O;FALSE;NA;13.54;21.8;3.6;4;4.6;2;20150819;805.520.772.019.712;867.153.475.319.136
FN_A01;7;26;45;carapanauba;Aspidosperma excelsum;Apocynaceae;73;O;FALSE;NA;16.39;24.79;3.5;4.4;5;5.2;20150819;80.551.514.878.656;86.715.331.461.968
FN_A01;7;27;46;andorinha;Casearia grandiflora;Salicaceae;18.1;O;FALSE;NA;9.31;12.66;1;5;4.7;2.2;20150819;805.461.161.268.708;867.166.630.958.392
FN_A01;7;27;47;muuba;Bellucia grossularioides;Melastomataceae;11.3;O;FALSE;NA;6.77;8.79;1.2;3.8;4;1.1;20150819;80.546.091.147.284;86.716.669.648.416
FN_A01;7;27;48;muuba;Bellucia grossularioides;Melastomataceae;16.9;O;FALSE;NA;11.47;18.77;2.7;3.8;2.9;2.7;20150819;8.054.577.929.645;867.166.964.771
FN_A01;7;27;49;tinteiro;Miconia poeppigii;Melastomataceae;22.5;O;FALSE;NA;14.75;18.71;4.4;2.7;4.5;8;20150819;805.458.499.223.729;867.167.081.656.451
FN_A01;7;27;50;muuba;Bellucia grossularioides;Melastomataceae;10;O;FALSE;NA;9.86;14.27;6.8;1;0.7;5.5;20150819;805.457.326.439.896;867.167.086.461.504
FN_A01;7;27;51;tinteiro;Miconia poeppigii;Melastomataceae;17.6;O;FALSE;NA;9.73;14.09;4;1.5;4.6;3.4;20150819;80.546.018.364.038;86.716.743.916.692
FN_A01;7;27;52;uxirana;Sacoglottis guianensis;Humiriaceae;14.5;O;FALSE;NA;9.24;14.09;4;1.4;3.4;1.3;20150819;805.458.391.023.216;867.167.634.155.584
FN_A01;7;27;53;tinteiro;Miconia poeppigii;Melastomataceae;10.2;O;FALSE;NA;7.31;9.24;1.5;2;1.2;0.8;20150819;8.054.595.804.168;8.671.675.983.012
FN_A01;7;27;54;tinteiro;Miconia poeppigii;Melastomataceae;11;O;FALSE;NA;9.54;13.85;3;0.9;1.3;1.4;20150819;805.458.426.607.648;867.167.624.794.752
FN_A01;7;27;55;tinteiro;Miconia poeppigii;Melastomataceae;22.4;O;FALSE;NA;7.38;14.21;4.6;1.6;2.6;2.8;20150819;80.545.679.764.592;86.716.772.024.048
FN_A01;7;27;56;breu sucuruba;Trattinnickia burserifolia;Burseraceae;12.6;O;FALSE;NA;9.9;12.58;1.7;0.5;1.2;0.7;20150819;805.454.957.930.368;867.167.704.274.832
FN_A01;7;27;57;breu manga;Tetragastris altissima;Burseraceae;18.9;O;FALSE;NA;8.48;13.7;2.6;0.8;1.6;1.4;20150819;80.545.187.169.068;86.716.850.930.432
FN_A01;7;27;58;freijo branco;Cordia scabrifolia;Boraginaceae;22.8;O;FALSE;NA;9.56;14.1;3.3;1;2.4;2;20150819;8.054.542.578.558;8.671.690.024.272
FN_A01;7;27;59;freijo branco;Cordia scabrifolia;Boraginaceae;17.3;O;FALSE;NA;10.01;11.89;1;2.3;2.4;1.3;20150819;805.444.837.935.112;867.170.344.022.688
FN_A01;7;27;60;morta;NA;NA;45.2;O;TRUE;1;NA;14.15;NA;NA;NA;NA;20150819;80.549.754.742.512;86.716.776.003.088
FN_A01;7;27;61;cumaru;Dipteryx odorata;Fabaceae;58.5;O;FALSE;NA;12.24;20.71;8;1;6.5;3;20150819;805.468.559.044.014;867.166.824.946.026
FN_A01;7;27;62;morta;NA;NA;45.6;O;TRUE;2;NA;20.3;NA;NA;NA;NA;20150819;80.546.799.487.466;86.716.650.304.064
FN_A01;7;28;63;morta;NA;NA;11.5;O;TRUE;2;NA;2.69;NA;NA;NA;NA;20150819;80.541.125.675.184;86.718.033.246.416
FN_A01;7;28;64;tamanqueira;Zanthoxylum rhoifolium;Rutaceae;12.1;O;FALSE;NA;4.74;6.98;2.8;2.5;2.9;3;20150819;80.541.023.082.416;86.718.062.834.384
FN_A01;7;28;65;murta;Strychnos subcordata;Loganiaceae;13.2;O;FALSE;NA;6.49;13.29;1.9;1.5;1.7;1.7;20150819;805.410.184.795.408;867.180.834.744.032
FN_A01;7;28;66;andorinha;Casearia grandiflora;Salicaceae;14.4;O;FALSE;NA;9.26;14.97;1.7;2.1;2.2;2;20150819;8.054.123.084.484;8.671.809.946.424
FN_A01;7;28;67;mandioqueira;Qualea paraensis;Vochysiaceae;43;O;FALSE;NA;13.99;22.77;4.9;2.8;2.8;5.5;20150819;80.541.563.100.408;86.718.132.292.912
FN_A01;7;28;68;breu manga;Tetragastris altissima;Burseraceae;53.2;O;FALSE;NA;18.06;25.26;3.7;4.6;2.7;4.5;20150819;805.415.617.909.416;867.181.582.962.464
FN_A01;7;28;69;andorinha;Casearia grandiflora;Salicaceae;16.6;O;FALSE;NA;9.08;20.09;3.2;2.6;2.4;3.6;20150819;80.540.814.319.848;86.718.155.186.032
FN_A01;7;28;70;tatapiririca;Tapirira guianensis;Anacardiaceae;21.7;O;FALSE;NA;9.44;20.18;2.6;4.6;4.8;3.9;20150819;805.407.271.503.472;867.181.738.874.688
FN_A01;7;28;71;abiurana;Pouteria gongrijpii;Sapotaceae;40.2;O;FALSE;NA;17.61;24.63;2.7;2.8;2.9;3.1;20150819;80.540.458.822.192;86.718.225.568.208
FN_A01;7;28;72;breu branco;Protium paniculatum;Burseraceae;16.2;O;FALSE;NA;9.05;14.36;2.1;3.7;3.6;2.9;20150819;80.540.544.814.584;86.718.232.863.856
FN_A01;7;28;73;inga vermelho;Inga alba;Fabaceae;17;O;FALSE;NA;7.87;17;3;3.7;4.6;3;20150819;8.054.014.214.788;8.671.828.483.832
FN_A01;7;28;74;louro preto;Nectandra cuspidata;Lauraceae;25.8;O;FALSE;NA;12.41;17.51;4.9;4.5;3.9;3.9;20150819;8.054.055.929.858;8.671.829.278.088
FN_A01;7;28;75;araracanga;Aspidosperma spruceanum;Apocynaceae;16.7;O;FALSE;NA;13.07;19.06;4.2;3.3;4.4;3.5;20150819;8.054.037.392.656;8.671.831.414.824
FN_A01;7;28;76;breu sucuruba;Trattinnickia burserifolia;Burseraceae;13.4;O;FALSE;NA;7.76;13.24;2.1;3.2;1.6;2.1;20150819;80.540.255.128.144;86.718.348.367.616
FN_A01;7;28;77;inga branco;Inga thibaudiana;Fabaceae;10.7;O;FALSE;NA;7.49;15.33;6.6;1.1;2.1;3.4;20150819;8.054.028.939.482;8.671.837.047.752
FN_A01;7;28;78;morta;NA;NA;43;O;TRUE;3;3.42;3.76;4.6;3.3;4.1;3.7;20150819;80.540.232.146.056;86.718.450.792.944
FN_A01;7;28;79;breu branco;Protium paniculatum;Burseraceae;14.1;O;FALSE;NA;5.51;11.03;0.3;0.6;1;5.9;20150819;80.539.533.454;867.184.604.956
FN_A01;7;28;80;louro preto;Ocotea cernua;Lauraceae;36;O;FALSE;NA;10.58;15.89;2.4;2.6;3.2;2.1;20150819;805.400.227.042;867.184.472.492
FN_A01;7;28;81;breu sucuruba;Trattinnickia burserifolia;Burseraceae;44.5;O;FALSE;NA;10.22;17.45;5.5;4.6;3.2;2.6;20150819;805.411.968.394;867.183.651.244
FN_A01;7;28;82;quaruba;Vochysia guianensis;Vochysiaceae;62.3;O;FALSE;NA;7.23;19.52;5.6;3.6;4.1;2.6;20150819;8.054.247.932.464;8.671.847.490.856
FN_A01;7;28;83;cupiuba;Goupia glabra;Goupiaceae;38.1;O;FALSE;NA;23.37;24.18;6;4.6;5.8;4.7;20150819;8.054.238.154.804;8.671.853.418.296
FN_A01;7;28;84;sucuuba;Himatanthus sucuuba;Apocynaceae;51.5;O;FALSE;NA;20.49;32.93;8.3;4.9;4.6;5.9;20150819;8.054.411.755.328;8.671.860.867.992
FN_A01;7;28;85;mandioqueira;Qualea paraensis;Vochysiaceae;50;O;FALSE;NA;16.72;24.21;5.3;5.7;3.8;4.9;20150819;8.054.402.276.444;8.671.844.759.096
FN_A01;7;28;86;tachi vermelho;Tachigali paniculata;Fabaceae;42.9;O;FALSE;NA;16.53;22.81;6.4;5.8;4.1;4.7;20150819;8.054.468.137.024;8.671.841.914.616
FN_A01;7;28;87;morta;NA;NA;63.6;O;TRUE;3;NA;4.93;NA;NA;NA;NA;20150819;805.434.279.698;867.182.373.356
FN_A01;7;28;88;morta;NA;NA;37.1;O;TRUE;1;NA;19.19;NA;NA;NA;NA;20150819;8.054.478.156.248;8.671.826.537.672
FN_A01;7;28;89;morta;NA;NA;47;O;TRUE;1;NA;25.56;NA;NA;NA;NA;20150819;80.544.317.822;867.181.753.052
FN_A01;7;28;90;morta;NA;NA;39.5;O;TRUE;4;NA;3.61;NA;NA;NA;NA;20150819;8.054.418.489.776;8.671.814.959.064
FN_A01;8;29;95;caqui;Diospyros guianensis;Ebenaceae;22.8;O;FALSE;NA;8.29;12.61;1.7;2;5.5;0;20150819;805.373.232.036.073;867.130.552.146.675
FN_A01;8;29;96;tento;Ormosia grossa;Fabaceae;22.6;O;FALSE;NA;3.19;7.84;0.6;0.7;0.5;0.4;20150819;805.370.495.379.496;867.130.776.488.272
FN_A01;8;29;97;breu branco;Protium paniculatum;Burseraceae;22.6;O;FALSE;NA;3.38;14.94;4.4;3.2;6.8;3;20150819;805.370.255.942.368;867.130.844.014.976
FN_A01;8;29;98;tucuma;Astrocaryum aculeatum;Arecaceae;22.1;P;FALSE;NA;16.13;19.5;2.5;2;1.8;2.6;20150819;80.536.950.342.568;86.713.105.624.176
FN_A01;8;29;99;crista;Mucuna rostrata;Fabaceae;22.2;O;FALSE;NA;11.8;16.08;3.4;1;3.3;1.2;20150819;805.371.873.012.032;867.131.239.565.824
FN_A01;8;29;100;urucurana;Sloanea guianensis;Elaeocarpaceae;14.4;O;FALSE;NA;10.47;14.4;3.4;3.4;2.8;1.3;20150819;805.370.067.037.877;867.132.053.035.418
FN_A01;8;29;101;crista;Mucuna rostrata;Fabaceae;20.5;O;FALSE;NA;9.79;14.28;1.8;3;2;3.2;20150819;805.368.983.059.115;867.132.297.913.527
FN_A01;8;29;102;morta;NA;NA;45.1;O;TRUE;1;NA;21.92;NA;NA;NA;NA;20150819;805.364.441.040.688;867.132.483.949.216
FN_A01;8;29;103;louro-seda;Endlicheria ruforamula;Lauraceae;34.1;O;FALSE;NA;14.54;22.35;6.5;3;2.4;2.9;20150819;80.536.533.935.016;86.713.253.474.912
FN_A01;8;29;104;breu branco;Protium paniculatum;Burseraceae;25.9;O;FALSE;NA;7.24;13.24;3.2;4.6;4;0.3;20150819;8.053.654.281.772;8.671.327.530.128
FN_A01;8;29;105;itaubarana;Ormosia excelsa;Fabaceae;65;O;FALSE;NA;16.12;28.04;5.3;10;7.5;7.4;20150819;80.536.914.457.672;86.713.298.230.704
FN_A01;8;29;106;mandioqueira;Qualea paraensis;Vochysiaceae;45.4;O;FALSE;NA;10.41;20.64;4.2;5.4;6;3.5;20150819;8.053.697.051.292;8.671.334.325.064
FN_A01;8;29;107;fava orelha-de-macaco;Enterolobium schomburgkii;Fabaceae;17.8;O;FALSE;NA;7;13.54;1.8;1.6;2.4;2.7;20150819;8.053.651.566.036;8.671.334.987.192
FN_A01;8;29;108;breu manga;Tetragastris altissima;Burseraceae;14.2;O;FALSE;NA;5.83;9.08;0.8;0.8;1.2;0.8;20150819;805.363.643.115.424;867.133.621.413.568
FN_A01;8;29;109;inga vermelho;Inga alba;Fabaceae;10.5;O;FALSE;NA;10.36;13.62;1.5;1.1;2.2;1.8;20150819;80.536.326.024.876;86.713.375.980.512
FN_A01;8;29;110;morta;NA;NA;13;O;TRUE;2;NA;11.2;NA;NA;NA;NA;20150819;8.053.631.637.244;8.671.337.566.128
FN_A01;8;29;111;breu branco;Protium paniculatum;Burseraceae;17.6;O;FALSE;NA;7.11;11.95;3.2;3.2;3.5;2.7;20150819;80.535.547.925.104;86.713.501.137.728
FN_A01;8;29;112;abiurana vermelha;Pouteria gongrijpii;Sapotaceae;65;O;FALSE;NA;14.02;18.06;3.8;2.7;4;1.7;20150819;8.054.064.077.636;8.671.346.389.912
FN_A01;8;29;113;breu manga;Tetragastris altissima;Burseraceae;41.2;O;FALSE;NA;16.2;25.72;1.7;2;7.4;0.7;20150819;8.054.034.336.456;8.671.348.694.752
FN_A01;8;29;114;uxirana;Sacoglottis guianensis;Humiriaceae;50.4;O;FALSE;NA;20.82;31.04;8;2.8;2.4;3.3;20150819;8.054.133.620.212;8.671.326.777.144
FN_A01;8;29;115;abiurana;Pouteria gongrijpii;Sapotaceae;51.6;O;FALSE;NA;15.16;28.84;5.6;4.4;4;4.8;20150819;805.410.672.428.816;867.131.915.518.912
FN_A01;8;29;116;louro-seda;Endlicheria ruforamula;Lauraceae;51;O;FALSE;NA;18.97;29.37;7.7;8;4.6;4.5;20150819;80.539.849.135.992;86.713.230.942.944
FN_A01;8;30;117;tamanqueira;Zanthoxylum rhoifolium;Rutaceae;14.4;O;FALSE;NA;4;11.62;2;2;2.9;1.8;20150819;80.532.267.048.464;86.714.464.292.524
FN_A01;8;30;118;breu manga;Tetragastris altissima;Burseraceae;24.4;O;FALSE;NA;9.87;15.94;1.5;3.7;2.3;1.8;20150819;805.324.451.583.864;867.144.787.372.324
FN_A01;8;30;119;casca seca;Licania canescens;Chrysobalanaceae;12.2;O;FALSE;NA;4.03;10.2;2.3;1.7;1.8;1.6;20150819;80.532.504.643.368;86.714.495.034.088
FN_A01;8;30;120;louro amarelo;Aniba parviflora;Lauraceae;40.8;O;FALSE;NA;12.15;18.01;10.2;1.4;4;4;20150819;805.326.612.022.661;867.145.398.312.633
FN_A01;8;30;121;breu manga;Tetragastris altissima;Burseraceae;37.1;O;FALSE;NA;13.29;22.8;4.8;2.2;2;4;20150819;80.533.465.597.232;86.714.510.798.812
FN_A01;8;30;122;louro amarelo;Aniba parviflora;Lauraceae;51.2;O;FALSE;NA;13.13;25.1;3.3;6;5.3;9.7;20150819;80.533.707.941.592;86.714.638.379.872
FN_A01;8;30;123;andorinha;Casearia grandiflora;Salicaceae;16.4;O;FALSE;NA;12.61;17.92;3.4;1.4;3;1.2;20150819;805.318.469.951.152;867.146.976.530.032
FN_A01;8;30;124;breu manga;Tetragastris altissima;Burseraceae;40.3;O;FALSE;NA;15.22;22.44;2.6;4.4;1.4;3;20150819;80.531.585.415.364;86.714.744.571.174
FN_A01;8;30;125;breu branco;Protium paniculatum;Burseraceae;10.9;O;FALSE;NA;5.85;10.24;1;3.7;2.3;1.5;20150819;805.315.911.568.424;867.147.394.160.884
FN_A01;8;30;126;inhare;Helicostylis sp.;Moraceae;31.5;O;FALSE;NA;13.12;15.84;1.6;1.4;1.3;1.2;20150819;8.053.156.995.236;8.671.474.935.236
FN_A01;8;30;127;tento;Ormosia coccinea;Fabaceae;17.7;O;FALSE;NA;5.5;13.3;4;2.3;3;4.2;20150819;805.315.274.863.136;867.147.692.219.776
FN_A01;8;30;128;morta;NA;NA;49.1;O;TRUE;2;NA;5.44;NA;NA;NA;NA;20150819;805.328.618.924.248;867.148.215.676.668
FN_A01;8;30;129;morta;NA;NA;40.6;O;TRUE;2;NA;0.88;NA;NA;NA;NA;20150819;8.053.364.449.908;8.671.472.182.048
FN_A01;8;30;130;cumaru;Dipteryx odorata;Fabaceae;44.5;O;FALSE;NA;12.48;19.91;11.7;1.4;4.5;5;20150819;805.324.518.969.296;867.148.133.316.736
FN_A01;8;30;131;joao-mole;Neea oppositifolia;Nyctaginaceae;17.1;O;FALSE;NA;4.34;7.66;2.3;0.5;2.7;0.5;20150819;80.531.658.438.516;86.714.822.615.056
FN_A01;8;30;132;ucuuba;Virola michelii;Myristicaceae;18.3;O;FALSE;NA;10.59;14.55;2.2;1;1.5;1;20150819;805.316.780.170.497;867.148.265.896.682
FN_A01;8;30;133;envira preta;Guatteria schomburgkiana;Annonaceae;20.4;O;FALSE;NA;8.98;14.7;4.8;1.7;4;3.5;20150819;805.311.021.640.696;867.148.270.760.236
FN_A01;8;30;134;parapara;Jacaranda copaia;Bignoniaceae;15.2;O;FALSE;NA;12.69;13.7;1.6;0.6;0.8;0.6;20150819;805.309.853.682.728;867.148.634.500.948
FN_A01;8;30;135;morta;NA;NA;35.3;O;TRUE;2;NA;3.77;NA;NA;NA;NA;20150819;805.312.105.515.472;867.148.538.023.552
FN_A01;8;30;136;mamoninha;Esenbeckia febrifuga;Rutaceae;35;O;FALSE;NA;10.04;15.73;2.2;4.8;0.7;4.5;20150819;805.309.632.957.008;867.149.303.091.328
FN_A01;8;30;137;itaubarana;Ormosia excelsa;Fabaceae;78;O;FALSE;NA;10.02;23.28;9;4.4;5.3;5.2;20150819;80.534.614.551.304;86.714.855.698.864
FN_A01;8;30;138;carapanauba;Aspidosperma excelsum;Apocynaceae;73;O;FALSE;NA;16.89;25.38;6;4.3;4;6.4;20150819;80.532.459.082.272;86.714.837.229.412
FN_A01;8;30;139;morta;NA;NA;56;O;TRUE;1;NA;4.24;NA;NA;NA;NA;20150819;8.053.664.450.032;8.671.473.052.872
FN_A01;8;30;140;cumaru;Dipteryx odorata;Fabaceae;61.9;O;FALSE;NA;11.7;14.29;0.6;1;1.2;2.7;20150819;80.534.632.912.016;86.714.942.088.556
FN_A01;8;31;141;quarubarana;Erisma uncinatum;Vochysiaceae;23;O;FALSE;NA;9.77;15.19;2.5;2;2.2;3;20150819;80.527.876.393.676;867.158.904.282.424
FN_A01;8;31;142;breu branco;Protium paniculatum;Burseraceae;24.5;O;FALSE;NA;9.6;15.98;2.7;2.3;4;2;20150819;80.527.735.596.576;867.159.352.273.344
FN_A01;8;31;143;sucuuba;Himatanthus sucuuba;Apocynaceae;42.3;O;FALSE;NA;17.92;29.28;3.3;3;3.3;2.6;20150819;80.527.558.486.596;867.159.555.483.304
FN_A01;8;31;144;crista;Mucuna rostrata;Fabaceae;13.7;O;FALSE;NA;8.72;13.76;2.4;1.4;3.5;1.2;20150819;805.277.302.747.126;867.159.683.022.596
FN_A01;8;31;145;jacareuba;Calophyllum brasiliense;Calophyllaceae;32.4;O;FALSE;NA;11.78;22.72;5.2;3.2;4;3.8;20150819;8.052.753.331.024;86.715.991.267.296
FN_A01;8;31;146;carapanauba;Aspidosperma excelsum;Apocynaceae;86.4;O;FALSE;NA;24.27;31.68;5.6;5.7;4.2;7;20150819;8.052.803.858.952;86.716.022.923.728
FN_A01;8;31;147;abiurana;Pouteria gongrijpii;Sapotaceae;35.3;O;FALSE;NA;8.79;17.53;3.2;3.3;1.5;2.8;20150819;8.052.812.535.138;86.716.110.840.212
FN_A01;8;31;148;morta;NA;NA;91;O;TRUE;3;NA;3.84;NA;NA;NA;NA;20150819;8.052.798.067.362;86.716.122.117.108
FN_A01;8;31;149;parapara;Jacaranda copaia;Bignoniaceae;19.4;O;FALSE;NA;16.51;17.81;3.7;0.6;0.9;2.7;20150819;80.526.876.590.094;867.161.450.788.156
FN_A01;8;31;150;envira preta;Guatteria schomburgkiana;Annonaceae;11.4;O;FALSE;NA;6.58;14.37;4;0.8;1;2.2;20150819;805.283.673.020.952;867.160.293.054.373
FN_A01;8;31;151;cumaru;Dipteryx odorata;Fabaceae;60.4;O;FALSE;NA;13.74;22.74;1.4;9.5;3;7;20150819;805.277.415.096;8.671.621.371.728
FN_A01;8;31;152;copaiba;Copaifera reticulata;Fabaceae;50.5;O;FALSE;NA;14.81;22.55;2.5;4.7;7;1.6;20150819;8.052.795.240.128;86.716.265.499.392
FN_A01;8;31;153;morta;NA;NA;78;O;TRUE;3;NA;5.26;NA;NA;NA;NA;20150819;805.277.603.998;86.716.289.609.736
FN_A01;8;31;154;mamoninha;Esenbeckia febrifuga;Rutaceae;39;O;FALSE;NA;11.55;17.97;1.8;3;2.9;2.6;20150819;80.528.935.469.058;867.163.539.338.132
FN_A01;8;31;155;itaubarana;Ormosia excelsa;Fabaceae;48.9;O;FALSE;NA;16.58;22.69;6;3.3;3;3.7;20150819;8.052.873.088.178;86.716.453.716.692
FN_A01;8;31;156;abiurana;Pouteria gongrijpii;Sapotaceae;35.1;O;FALSE;NA;13.65;22.88;2.4;2.8;2.6;1.7;20150819;8.052.899.676.752;86.716.462.217.888
FN_A01;8;31;157;morta;NA;NA;54.5;O;TRUE;2;NA;19.72;NA;NA;NA;NA;20150819;80.529.043.145.436;867.164.531.660.424
FN_A01;8;31;158;quarubarana;Erisma uncinatum;Vochysiaceae;46;O;FALSE;NA;15.64;26.23;3.4;5.2;9;3;20150819;80.529.206.934.272;867.164.373.921.328
FN_A01;8;31;159;carapanauba;Aspidosperma excelsum;Apocynaceae;47.4;O;FALSE;NA;11.53;19.29;4.6;2;3.8;3;20150819;8.053.074.597.184;86.716.405.467.216
FN_A01;8;31;160;jatoba;Hymenaea courbaril;Fabaceae;71.4;O;FALSE;NA;19.42;35.06;9;10;6.2;10;20150819;8.053.037.633.208;86.716.371.891.312
FN_A01;8;31;161;caripe;Licania octandra;Chrysobalanaceae;35.2;O;FALSE;NA;8.09;17.09;6.7;5;5.3;3.8;20150819;8.053.056.605.468;86.716.326.251.352
FN_A01;8;31;162;cupiuba;Goupia glabra;Goupiaceae;38;O;FALSE;NA;9.28;16.27;4;3;3.5;6.7;20150819;80.530.057.333;867.163.502.562
FN_A01;8;31;163;abiurana;Pouteria gongrijpii;Sapotaceae;50;O;FALSE;NA;16.6;23.69;4;4;3.6;4.7;20150819;80.529.538.346;86.716.224.778
FN_A01;8;31;164;casca seca;Licania canescens;Chrysobalanaceae;46.5;O;FALSE;NA;14.6;25.58;4.7;4.2;5.2;5;20150819;8.053.074.195.324;86.716.258.998.376
FN_A01;8;31;165;jutai-pororoca;Dialium guianense;Fabaceae;37.8;O;FALSE;NA;8.35;14.07;6.6;4.7;2.3;7;20150819;80.527.464.965;8.671.631.471.756
FN_A01;8;31;166;itaubarana;Ormosia excelsa;Fabaceae;50;O;FALSE;NA;12.94;24.13;5.6;6.3;4;5;20150819;8.052.646.889.536;86.716.258.395.984
FN_A01;8;31;167;mandioqueira;Qualea paraensis;Vochysiaceae;55.4;O;FALSE;NA;13.49;20.22;6.4;1;5.8;2.5;20150819;8.052.786.894.864;86.716.124.601.088
FN_A01;8;31;168;fava orelha-de-macaco;Enterolobium schomburgkii;Fabaceae;54.8;O;FALSE;NA;21.29;26.7;3.7;5.3;6;6.8;20150819;80.528.679.527.776;867.161.276.786.784
FN_A01;8;31;169;louro amarelo;Aniba parviflora;Lauraceae;55.9;O;FALSE;NA;12.29;23.36;4.6;4.7;2.5;11.2;20150819;805.296.314.397.016;867.159.825.458.942
FN_A01;8;32;170;envira preta;Guatteria schomburgkiana;Annonaceae;11.1;O;FALSE;NA;11.23;19.49;4.4;2.4;3.6;3.3;20150819;80.523.018.397.688;86.717.309.484.456
FN_A01;8;32;171;sardinheiro;NA;NA;15.8;O;FALSE;NA;11;17.67;3.5;2.3;3.2;3.6;20150819;80.523.233.953.948;86.717.356.613.836
FN_A01;8;32;172;freijo;Cordia goeldiana;Boraginaceae;11.6;O;FALSE;NA;13.2;16.43;1;1.9;4.1;1;20150819;805.225.722.790.872;867.174.133.010.264
FN_A01;8;32;173;freijo branco;Cordia scabrifolia;Boraginaceae;16.5;O;FALSE;NA;13.37;18.54;0.8;2.8;2.5;5.8;20150819;805.226.029.152.784;867.174.306.195.808
FN_A01;8;32;174;muruci;Byrsonima crispa;Malpighiaceae;24;O;FALSE;NA;12.96;17.45;2;3.4;3.8;3.6;20150819;805.225.773.527.113;867.174.341.286.443
FN_A01;8;32;175;andorinha;Casearia grandiflora;Salicaceae;15.1;O;FALSE;NA;17.29;26.39;4;3.6;1.8;3.8;20150819;80.522.486.329.632;86.717.433.302.384
FN_A01;8;32;176;parapara;Jacaranda copaia;Bignoniaceae;28.3;O;FALSE;NA;17.48;20.79;3.3;2.2;2.3;4.3;20150819;8.052.261.956.366;8.671.747.581.792
FN_A01;8;32;177;inga vermelho;Inga alba;Fabaceae;29.1;O;FALSE;NA;9.85;18.08;2.6;5.9;2.2;6.6;20150819;805.223.118.859.344;867.175.255.276.328
FN_A01;8;32;178;inga amarelo;Inga sp.;Fabaceae;13.3;O;FALSE;NA;10.01;16.17;3.2;1.2;5.1;1.4;20150819;805.222.802.625.184;867.175.353.769.408
FN_A01;8;32;179;tamanqueira;Zanthoxylum rhoifolium;Rutaceae;13.2;O;FALSE;NA;5.16;10.2;3.9;3.1;2.5;2.2;20150819;805.220.729.536.808;867.175.294.993.896
FN_A01;8;32;180;breu branco;Protium paniculatum;Burseraceae;11.8;O;FALSE;NA;3.94;5.37;3;2.1;2.2;1;20150819;80.521.913.333.264;86.717.566.644.768
FN_A01;8;32;181;embauba branca;Cecropia palmata;Urticaceae;30.1;O;FALSE;NA;17.98;24.26;2.7;1.9;3.1;4;20150819;805.222.281.084.514;867.175.871.417.043
FN_A01;8;32;182;mamoninha;Esenbeckia febrifuga;Rutaceae;11;O;FALSE;NA;5.72;9.06;3.1;2.6;3.1;4.2;20150819;805.218.678.692.717;867.176.044.051.242
FN_A01;8;32;183;louro preto;Ocotea cernua;Lauraceae;17.9;O;FALSE;NA;10.04;15.11;4.7;3.8;0.5;7.8;20150819;805.218.817.555.912;867.176.234.609.944
FN_A01;8;32;184;morototo;Schefflera morototoni;Araliaceae;15.5;O;FALSE;NA;13.21;16.26;2.1;2.3;1.8;2.6;20150819;80.521.433.288.992;86.717.703.215.104
FN_A01;8;32;185;urucurana;Sloanea guianensis;Elaeocarpaceae;10.4;O;FALSE;NA;5.76;9.5;4.3;2.1;3.1;2.6;20150819;805.214.016.914.064;867.177.130.698.968
FN_A01;8;32;186;embauba;Cecropia ficifolia;Urticaceae;23.7;O;FALSE;NA;7.69;19.34;5.4;1.8;3.6;4;20150819;80.521.053.838.712;86.717.766.658.344
FN_A01;8;32;187;quaruba;Vochysia guianensis;Vochysiaceae;41.7;O;FALSE;NA;18.63;25.35;1.4;5.7;7.6;6.9;20150819;80.523.769.930.416;86.717.806.560.992
FN_A01;8;32;188;itaubarana;Ormosia excelsa;Fabaceae;53.8;O;FALSE;NA;19.78;28.76;4.2;3.5;5.1;4.5;20150819;8.052.460.841.584;8.671.768.006.408
FN_A01;8;32;189;breu manga;Tetragastris altissima;Burseraceae;36.8;O;FALSE;NA;15.56;25.01;4.8;5.5;1.2;6.7;20150819;8.052.427.007.848;8.671.755.814.576
FN_A01;8;32;190;itaubarana;Ormosia excelsa;Fabaceae;35.5;O;FALSE;NA;12.99;29.73;4.9;4.4;3.9;3.7;20150819;8.052.521.865.724;8.671.786.824.688
FN_A01;8;32;191;louro amarelo;Aniba parviflora;Lauraceae;68;O;FALSE;NA;12.99;29.73;7.6;5.6;4.8;6.1;20150819;80.523.423.412.624;86.717.838.861.088
FN_A01;9;33;1;tatapiririca;Tapirira guianensis;Anacardiaceae;11.7;O;FALSE;NA;10.5;12;2.3;1.7;2.4;12;20150818;805.184.073.955.648;867.124.300.918.176
FN_A01;9;33;2;mandioqueira;Qualea paraensis;Vochysiaceae;47.4;O;FALSE;NA;18.58;26.09;5.2;3.5;3.7;4.5;20150818;805.183.074.632.816;867.124.563.620.592
FN_A01;9;33;3;inga amarelo;Inga sp.;Fabaceae;14.3;O;FALSE;NA;10.81;15.29;2.8;5;4.3;5;20150818;805.181.025.632.176;867.124.827.456.112
FN_A01;9;33;4;tatapiririca;Tapirira guianensis;Anacardiaceae;17;O;FALSE;NA;10.32;16.54;1.5;1.4;2;1.5;20150818;805.180.300.056.892;867.125.017.412.704
FN_A01;9;33;5;louro preto;Ocotea cernua;Lauraceae;15.1;O;FALSE;NA;10.55;15.6;4;13;4.4;2.3;20150818;805.179.885.442.444;867.125.125.959.328
FN_A01;9;33;6;breu branco;Protium paniculatum;Burseraceae;20.4;O;FALSE;NA;10.27;14.38;2;4.8;2.8;3;20150818;805.177.489.903.631;867.125.780.887.339
FN_A01;9;33;7;mandioqueira;Qualea paraensis;Vochysiaceae;64.5;O;FALSE;NA;21.55;35.63;5.4;6.6;8;6.8;20150818;805.176.603.078.064;867.125.985.286.768
FN_A01;9;33;8;inga amarelo;Inga sp.;Fabaceae;12.6;O;FALSE;NA;8.84;13.51;3;4;2.1;5.2;20150818;80.517.230.100.471;86.712.697.022.052
FN_A01;9;33;9;breu branco;Protium paniculatum;Burseraceae;10.8;O;FALSE;NA;6.68;11.66;1.7;1.8;2.4;1.6;20150818;805.171.875.563.816;867.127.109.649.392
FN_A01;9;33;10;joao-mole;Neea oppositifolia;Nyctaginaceae;38.5;O;FALSE;NA;13.4;26.32;3.4;2.9;2.5;3.4;20150818;80.517.190.411.432;86.712.721.548.184
FN_A01;9;33;11;morta;NA;NA;22.6;O;TRUE;3;NA;9.03;NA;NA;NA;NA;20150818;80.517.240.155.848;86.712.765.550.376
FN_A01;9;33;12;morta;NA;NA;13.1;O;TRUE;2;NA;6.02;NA;NA;NA;NA;20150818;805.172.332.823.256;867.127.673.647.472
FN_A01;9;33;13;breu manga;Tetragastris altissima;Burseraceae;37.1;O;FALSE;NA;10.18;18.03;5;3.8;4.5;3.6;20150818;805.187.967.109.524;867.127.558.801.688
FN_A01;9;33;14;itaubarana;Ormosia excelsa;Fabaceae;66.1;O;FALSE;NA;18.38;26.59;6.3;7.2;5.3;5;20150818;80.518.656.132.008;86.712.644.506.496
FN_A01;9;33;15;morta;NA;NA;50.8;O;TRUE;1;NA;30.18;NA;NA;NA;NA;20150818;805.191.131.472.988;867.125.478.761.056
FN_A01;9;33;16;fava-bolota;Parkia pendula;Fabaceae;55;O;FALSE;NA;14.91;26.19;13;8.5;1.5;10.7;20150818;8.051.959.912.048;8.671.258.677.076
FN_A01;9;33;17;breu sucuruba;Trattinnickia burserifolia;Burseraceae;46.9;O;FALSE;NA;16.73;32.1;7;5.2;5.4;5;20150818;8.052.234.655.256;8.671.256.404.892
FN_A01;9;33;18;mandioqueira;Qualea paraensis;Vochysiaceae;49.1;O;FALSE;NA;13.1;25.71;10;1.5;7.6;2.2;20150818;8.052.127.469.752;8.671.273.816.744
FN_A01;9;33;19;parapara;Jacaranda copaia;Bignoniaceae;40;O;FALSE;NA;19.58;25.52;9.2;2;1.3;10.3;20150818;805.215.968.564;8671296.87
FN_A01;9;34;20;embauba branca;Cecropia palmata;Urticaceae;22.3;O;FALSE;NA;17.11;20.02;2.7;3.7;2.8;3.8;20150818;80.513.711.349.684;867.138.306.075
FN_A01;9;34;21;morototo;Schefflera morototoni;Araliaceae;19;O;FALSE;NA;20.35;27.19;2.7;1;1.7;2.6;20150818;80.513.706.930.536;8.671.385.077.704
FN_A01;9;34;22;morototo;Schefflera morototoni;Araliaceae;17.2;O;FALSE;NA;16.64;20.47;1.4;1.7;1.2;1.4;20150818;805.139.423.882.446;86.713.850.986.467
FN_A01;9;34;23;morototo;Schefflera morototoni;Araliaceae;13.5;O;FALSE;NA;15.92;21.64;1.7;0.8;1.7;1.2;20150818;805.138.779.442.312;86.713.858.877.724
FN_A01;9;34;24;morototo;Schefflera morototoni;Araliaceae;11.7;O;FALSE;NA;18.64;20.6;0.8;0.8;0.5;1.6;20150818;80.513.685.853.154;8.671.385.569.085
FN_A01;9;34;25;morototo;Schefflera morototoni;Araliaceae;15.2;O;FALSE;NA;17.71;20.23;1.7;2.2;1.7;2;20150818;8.051.373.367.944;8.671.386.856.512
FN_A01;9;34;26;louro preto;Nectandra cuspidata;Lauraceae;14.3;O;FALSE;NA;12.23;19.41;3.7;2;1.7;3.5;20150818;805.138.596.165.248;86.713.887.371.536
FN_A01;9;34;27;morta;NA;NA;10.1;O;TRUE;1;NA;12.63;NA;NA;NA;NA;20150818;8.051.340.245.763;8.671.390.244.315
FN_A01;9;34;28;envira preta;Guatteria schomburgkiana;Annonaceae;10;O;FALSE;NA;10.12;18.18;2.5;1.8;1.4;2.5;20150818;8.051.338.130.064;867.139.073.634
FN_A01;9;34;29;louro-seda;Endlicheria ruforamula;Lauraceae;16;O;FALSE;NA;14.73;21.83;3.6;2;1.6;2.8;20150818;8.051.330.371.744;867.139.496.352
FN_A01;9;34;30;pintadinho;Poeppigia procera;Fabaceae;13.4;O;FALSE;NA;8.36;13.84;2.5;2.6;2.9;2.5;20150818;80.513.008.937.616;867.139.939.598
FN_A01;9;34;31;joao-mole;Neea oppositifolia;Nyctaginaceae;36.4;O;FALSE;NA;8.66;18.79;6.3;2.4;4;2;20150818;805.133.711.461;867.140.072.451
FN_A01;9;34;32;cupiuba;Goupia glabra;Goupiaceae;42.5;O;FALSE;NA;14.4;24.88;6.6;5.7;6.4;6;20150818;8.051.360.822.872;867.140.254.608
FN_A01;9;34;33;morta;NA;NA;35.7;O;TRUE;1;14.65;21.66;5.7;1.8;2.4;3.5;20150818;80.513.955.379.666;8.671.401.744.525
FN_A01;9;34;34;abiurana;Pouteria gongrijpii;Sapotaceae;42.9;O;FALSE;NA;15.06;24.54;2.5;4.3;3.8;4;20150818;805.149.523.696.284;86.713.999.813.378
FN_A01;9;34;35;sucupira preta;Bowdichia nitida;Fabaceae;38.1;O;FALSE;NA;20.41;29.47;3.5;2.3;3.8;3.4;20150818;8.051.246.141.824;867.141.461.232
FN_A01;9;34;36;cafezinho;Heisteria densifrons;Olacaceae;12.7;O;FALSE;NA;4.5;7.07;3;1.4;2.3;4.5;20150818;80.512.498.389.044;8.671.416.244.262
FN_A01;9;34;37;envira preta;Guatteria schomburgkiana;Annonaceae;12.2;O;FALSE;NA;9.55;14.08;2.7;2.2;2.5;1.7;20150818;80.512.298.062.752;867.141.592.802
FN_A01;9;34;38;abiurana;Pouteria gongrijpii;Sapotaceae;45.1;O;FALSE;NA;21.68;31.12;4;4.8;3.2;4.5;20150818;8.051.263.743.632;867.142.052.744
FN_A01;9;34;39;itaubarana;Ormosia excelsa;Fabaceae;89;O;FALSE;NA;21.44;39.59;9.2;8.4;5.2;10;20150818;80.513.602.979.548;867.141.555.564
FN_A01;9;34;40;inga vermelho;Inga alba;Fabaceae;14.3;O;FALSE;NA;12.17;18.08;2.4;1.6;2.2;4;20150818;8.051.181.568.338;867.142.714.619
FN_A01;9;34;41;mandioqueira;Qualea paraensis;Vochysiaceae;46.2;O;FALSE;NA;21.36;28.82;5;5;4;6.7;20150818;805.133.887.344;867.141.280.432
FN_A01;9;34;42;mandioqueira;Qualea paraensis;Vochysiaceae;85.7;O;FALSE;NA;21.49;30.28;9.5;7.3;8.2;8;20150818;8.051.397.132.642;867.142.187.679
FN_A01;9;34;43;caripe;Licania octandra;Chrysobalanaceae;37.9;O;FALSE;NA;13.07;27.75;3.7;4.4;2.5;5.2;20150818;805.129.593.823;867.142.565.289
FN_A01;9;34;44;cupiuba;Goupia glabra;Goupiaceae;38.2;O;FALSE;NA;17.49;27.44;4.6;4;7.7;7;20150818;805.166.622.657;867.143.493.591
FN_A01;9;34;45;breu manga;Tetragastris altissima;Burseraceae;48.8;O;FALSE;NA;16.52;22.85;1.3;6;2.7;2.4;20150818;8.051.348.593.248;867.142.591.444
FN_A01;9;34;46;abiurana;Pouteria gongrijpii;Sapotaceae;41;O;FALSE;NA;16.62;27.19;4.3;3.6;4.2;2.4;20150818;8.051.215.419.522;867.141.927.379
FN_A01;9;34;47;abiurana;Pouteria gongrijpii;Sapotaceae;38;O;FALSE;NA;15.41;25.46;2.5;3.6;2.6;2.8;20150818;8.051.262.987.808;867.141.068.256
FN_A01;9;34;48;mandioqueira;Qualea paraensis;Vochysiaceae;36.3;O;FALSE;NA;15.92;24.7;5.7;3;4;5.4;20150818;8.051.314.528.314;867.141.103.427
FN_A01;9;35;49;urucurana;Sloanea guianensis;Elaeocarpaceae;12.1;O;FALSE;NA;8.27;13.79;3;1.8;3.2;1.3;20150818;80.508.596.658.504;8.671.525.127.054
FN_A01;9;35;50;morototo;Schefflera morototoni;Araliaceae;18.3;O;FALSE;NA;13.1;18;2.2;1;1;2.1;20150818;805.084.617.061.328;86.715.296.287.428
FN_A01;9;35;51;louro-seda;Endlicheria ruforamula;Lauraceae;11.8;O;FALSE;NA;8.39;13.09;1.4;2.6;4.2;1;20150818;805.086.177.492.829;867.153.444.471.088
FN_A01;9;35;52;morta;NA;NA;47.2;O;TRUE;1;NA;23.07;NA;NA;NA;NA;20150818;8.050.809.792.148;867.154.176.373
FN_A01;9;35;53;louro-seda;Endlicheria ruforamula;Lauraceae;19.5;O;FALSE;NA;10.28;16.31;9.8;0.8;2.2;2;20150818;805.079.747.040.976;86.715.458.739.676
FN_A01;9;35;54;breu manga;Tetragastris altissima;Burseraceae;12;O;FALSE;NA;10.22;14.94;1.7;1.3;1.9;1.4;20150818;805.083.471.886.005;867.154.696.588.848
FN_A01;9;35;55;inga vermelho;Inga alba;Fabaceae;12.7;O;FALSE;NA;10.41;14.89;4;1;3;1.8;20150818;8.050.832.837.732;867.154.829.572
FN_A01;9;35;56;inga vermelho;Inga alba;Fabaceae;13.2;O;FALSE;NA;13.4;21.11;4;1.7;1;2.4;20150818;80.507.907.227.912;8.671.548.124.812
FN_A01;9;35;57;envira-cana;Xylopia nitida;Annonaceae;18.4;O;FALSE;NA;14.02;19.34;5.8;1.7;2.7;3.8;20150818;805.080.451.840.235;867.154.991.443.552
FN_A01;9;35;58;inga vermelho;Inga alba;Fabaceae;15.2;O;FALSE;NA;17.74;21.54;2.7;1.4;0.8;2.3;20150818;805.079.259.593.296;86.715.567.016.896
FN_A01;9;35;59;abiurana;Pouteria gongrijpii;Sapotaceae;39.3;O;FALSE;NA;12.14;16.69;1.3;1.3;1.7;1.9;20150818;80.507.991.500.936;8.671.559.453.356
FN_A01;9;35;60;abiurana;Pouteria gongrijpii;Sapotaceae;12.5;O;FALSE;NA;7.18;9.02;1;0.6;0.8;0.7;20150818;80.508.000.366.104;8.671.559.159.734
FN_A01;9;35;61;cupiuba;Goupia glabra;Goupiaceae;46.6;O;FALSE;NA;19.06;30.5;6.4;7.8;7.6;2;20150818;80.508.148.935.296;8.671.560.558.496
FN_A01;9;35;62;breu sucuruba;Trattinnickia burserifolia;Burseraceae;15.6;O;FALSE;NA;9.49;13.59;3.4;1;2;0.7;20150818;805.077.230.709.824;86.715.648.421.824
FN_A01;9;35;63;morototo;Schefflera morototoni;Araliaceae;21.7;O;FALSE;NA;17.59;21.48;1.6;1.7;3;2.8;20150818;80.507.423.159.624;8.671.564.272.174
FN_A01;9;35;64;andorinha;Casearia grandiflora;Salicaceae;16.8;O;FALSE;NA;16.12;21.78;2;2.2;4;1.3;20150818;8.050.736.448.468;867.156.622.943
FN_A01;9;35;65;mandioqueira;Qualea paraensis;Vochysiaceae;49.2;O;FALSE;NA;19.04;25.87;3.6;5;8;3.3;20150818;805.107.526.938.128;86.715.757.595.928
FN_A01;9;35;66;cumaru;Dipteryx odorata;Fabaceae;80;O;FALSE;NA;14.37;30.22;10;4;7.2;6;20150818;80.511.000.180.808;8.671.578.640.308
FN_A01;9;35;67;quaruba;Vochysia guianensis;Vochysiaceae;44.8;O;FALSE;NA;13.5;22.28;3.7;4;3;5.6;20150818;8.051.206.094.684;867.157.212.484
FN_A01;9;35;68;breu manga;Tetragastris altissima;Burseraceae;70.3;O;FALSE;NA;20.92;32.81;6.5;4.7;4.8;6;20150818;8.051.092.433.092;867.156.769.262
FN_A01;9;35;69;mandioqueira;Qualea paraensis;Vochysiaceae;65.8;O;FALSE;NA;11.57;34.39;12.3;8;8;4.3;20150818;8.051.050.392.732;867.156.752.132
FN_A01;9;35;70;abiurana;Pouteria gongrijpii;Sapotaceae;38.5;O;FALSE;NA;11.73;18.47;2.6;3.4;4;3;20150818;80.512.344.449.664;8.671.560.078.464
FN_A01;9;35;71;morta;NA;NA;38;O;TRUE;1;NA;9.8;NA;NA;NA;NA;20150818;80.511.057.024.457;867.153.908.008.296
FN_A01;9;35;72;itaubarana;Ormosia excelsa;Fabaceae;85;O;FALSE;NA;23.55;36.35;8;8.6;7.2;6.4;20150818;80.510.347.000.564;8.671.534.883.684
FN_A01;9;36;73;caferana;Quiina florida;Ochnaceae;13.1;O;FALSE;NA;5.83;10.63;3;1.2;2;2.3;20150818;80.504.086.696.072;86.716.665.577.698
FN_A01;9;36;74;mandioqueira;Qualea paraensis;Vochysiaceae;14.8;O;FALSE;NA;11.07;17.14;2.6;3.2;2.4;2.5;20150818;80.504.096.029.666;86.716.665.824.269
FN_A01;9;36;75;louro-seda;Endlicheria ruforamula;Lauraceae;11.4;O;FALSE;NA;NA;NA;2.2;1.8;3;1.2;20150818;80.504.161.404.256;86.716.679.561.934
FN_A01;9;36;76;abiurana;Pouteria gongrijpii;Sapotaceae;14.2;O;FALSE;NA;9.65;15.32;1.8;2.5;1.2;2.7;20150818;805.037.975.821.744;867.166.669.192.616
FN_A01;9;36;77;inga vermelho;Inga alba;Fabaceae;10.4;O;FALSE;NA;8.42;12.15;1.8;1;1.8;2;20150818;805.039.098.291.184;867.166.938.818.776
FN_A01;9;36;78;inga vermelho;Inga alba;Fabaceae;14.8;O;FALSE;NA;8.21;14.53;4.7;5.8;3.2;6.3;20150818;80.503.670.776.548;86.716.689.495.472
FN_A01;9;36;79;mamoninha;Esenbeckia febrifuga;Rutaceae;15.5;O;FALSE;NA;8.78;15.61;4;2.3;2.4;3;20150818;80.503.563.178.448;86.716.766.574.272
FN_A01;9;36;80;cumaru;Dipteryx odorata;Fabaceae;57.1;O;FALSE;NA;6.06;14.04;3.8;3.5;4;8.5;20150818;805.040.682.711.559;867.168.237.223.839
FN_A01;9;36;81;parapara;Jacaranda copaia;Bignoniaceae;15.7;O;FALSE;NA;11.87;14.92;1;0.7;0.6;1.1;20150818;80.503.315.865.104;86.716.839.920.256
FN_A01;9;36;82;morototo;Schefflera morototoni;Araliaceae;15.7;O;FALSE;NA;14.36;19.66;0.3;0.3;0.5;0.4;20150818;805.031.989.140.048;867.168.446.567.072
FN_A01;9;36;83;morta;NA;NA;20.2;O;TRUE;1;15.39;20.44;NA;NA;NA;NA;20150818;805.030.878.209.424;867.168.776.389.136
FN_A01;9;36;84;inga amarelo;Inga sp.;Fabaceae;17.4;O;FALSE;NA;NA;9.51;2.8;1.3;0.8;7.8;20150818;80.503.084.735.024;86.716.878.555.086
FN_A01;9;36;85;parapara;Jacaranda copaia;Bignoniaceae;20.1;O;FALSE;NA;6.54;10.57;0.5;0.5;0.5;0.7;20150818;8.050.343.726.076;8.671.689.363.814
FN_A01;9;36;86;morta;NA;NA;12.5;O;TRUE;2;NA;9.21;NA;NA;NA;NA;20150818;805.030.936.065.568;867.168.938.769.152
FN_A01;9;36;87;morta;NA;NA;19;O;TRUE;2;NA;8.03;NA;NA;NA;NA;20150818;805.030.353.603.296;867.168.932.138.444
FN_A01;9;36;88;inga amarelo;Inga sp.;Fabaceae;14.8;O;FALSE;NA;11.41;22.29;1.7;2.3;2.8;1.5;20150818;805.032.821.632.515;867.169.335.336.973
FN_A01;9;36;89;mandioqueira;Qualea paraensis;Vochysiaceae;23.6;O;FALSE;NA;8.25;14.33;2.7;2.4;3.3;2.8;20150818;805.030.282.626.817;867.169.282.009.926
FN_A01;9;36;90;inga vermelho;Inga alba;Fabaceae;10;O;FALSE;NA;8.55;14.53;2;2.9;3;2;20150818;80.502.697.581.744;86.717.023.285.216
FN_A01;9;36;91;muuba;Bellucia grossularioides;Melastomataceae;21.2;O;FALSE;NA;14.53;18.62;4;5;2;3.4;20150818;80.502.602.930.904;86.717.081.057.256
FN_A01;9;36;92;louro preto;Nectandra cuspidata;Lauraceae;11;O;FALSE;NA;11.26;16.96;1;5;1.7;1.2;20150818;80.502.762.843.856;86.717.093.013.834
FN_A01;9;36;93;breu manga;Tetragastris altissima;Burseraceae;73.1;O;FALSE;NA;21.08;34.7;4.5;5.4;2;10.7;20150818;8.050.748.287.732;8.671.689.472.348
FN_A01;9;36;94;itaubarana;Ormosia excelsa;Fabaceae;60;O;FALSE;NA;26.25;38.29;7;1.7;7.5;5.7;20150818;80.503.367.029.304;86.717.033.135.156
