area,group_code,plot,common_name,scienfic_name,family_name,tree,WSD,DBH,type,canopy,Light,Dead,D_class,date,UTM_Easting,UTM_Northing,
JAM_A02,T01,T01_P1,QUARUBA,Vochysia guianensis,Vochysiaceae,8,0.51,26.1,O,C,2,A,NA,20131217,498887.0032,8990912.63,
JAM_A02,T01,T01_P4,TAXI PRETO,Tachigali myrmecophila,Fabaceae,55,0.53,16.7,O,S,2,A,NA,20131217,498881.9628,8990488.091,
JAM_A02,T01,T01_P4,MORTA,NA,NA,63,NA,30.3,O,NA,NA,D,1,20131217,498881.4822,8990469.582,
JAM_A02,T02,T02_P3,MATAMATA BRANCO,Eschweilera coriacea,Lecythidaceae,50,0.85,11.1,O,S,2,A,NA,20131216,498982.394,8990052.203,
JAM_A02,T03,T03_P1,BREU BARROTE,Tetragastris panamensis,Burseraceae,10,0.73,25.9,O,S,2,A,NA,20131219,499726.3186,8990357.19,
JAM_A02,T03,T03_P2,UCUUBA DA TERRA FIRME,Virola sebifera,Myristicaceae,33,0.45,17.8,O,S,2,A,NA,20131219,499726.2947,8990208.088,
JAM_A02,T03,T03_P2,ENVIRA,Xylopia sp.,Annonaceae,34,0.57,15.1,O,S,2,A,NA,20131219,499725.0251,8990204.464,
JAM_A02,T04,T04_P2,UXIRANA,Sacoglottis guianensis,Humiriaceae,19,0.84,18.6,O,S,2,A,NA,20131217,498877.6725,8988970.265,
JAM_A02,T01,T01_P1,LOURO PRETO,Nectandra cuspidata,Lauraceae,1,0.56,28.9,l,S,2,A,NA,20131217,498887.2825,8990933.628,
JAM_A02,T01,T01_P1,AMARELAO,Apuleia leiocarpa,Fabaceae,2,0.77,58,O,C,1,A,NA,20131217,498869.9919,8990930.248,
JAM_A02,T01,T01_P1,TATAJUBA,Bagassa guianensis,Moraceae,6a,0.71,67,O,E,1,A,NA,20131217,498877.7839,8990916.5,
JAM_A02,T01,T01_P1,INHARE,Helicostylis sp.,Moraceae,3,0.65,39.6,O,C,1,A,NA,20131217,498878.7529,8990914.407,
JAM_A02,T01,T01_P1,COPAIBA,Copaifera reticulata,Fabaceae,4,0.61,35,O,S,2,A,NA,20131217,498884.7798,8990917.845,
JAM_A02,T01,T01_P1,CANELA DE JACAMIM,Rinorea passoura,Violaceae,5,0.68,10.8,O,S,2,A,NA,20131217,498884.7771,8990917.645,
JAM_A02,T01,T01_P1,BABA큣,Attalea speciosa,Arecaceae,6,0.33,23.5,P,S,2,A,NA,20131217,498887.0763,8990918.13,
JAM_A02,T01,T01_P1,TAXI PRETO,Tachigali myrmecophila,Fabaceae,7,0.53,29,O,S,1,A,NA,20131217,498885.2638,8990901.781,
JAM_A02,T01,T01_P1,CASTANHEIRA,Bertholletia excelsa,Lecythidaceae,9,0.64,55.1,O,E,1,A,NA,20131217,498855.071,8990932.651,
JAM_A02,T01,T01_P1,IPE AMARELO,Handroanthus serratifolius,Bignoniaceae,10,0.64,60.8,O,C,1,A,NA,20131217,498845.2346,8990942.586,
JAM_A02,T01,T01_P1,PENTE DE MACACO,Apeiba echinata,Malvaceae,11,0.28,45.5,O,C,1,A,NA,20131217,498843.2301,8990941.773,
JAM_A02,T01,T01_P1,ANGELIM PEDRA,Hymenolobium petraeum,Fabaceae,12,0.71,39.4,O,C,1,A,NA,20131217,498841.2787,8990944.96,
JAM_A02,T01,T01_P2,CUPIU,NI,NI,13,0.64,12.8,O,S,2,A,NA,20131217,498886.9065,8990785.238,
JAM_A02,T01,T01_P2,MATAMATA VERMELHO,Eschweilera grandifolia,Lecythidaceae,14,0.88,13.6,O,S,2,A,NA,20131217,498889.3023,8990785.097,
JAM_A02,T01,T01_P2,FREIJO BRANCO,Cordia scabrifolia,Boraginaceae,15,0.47,17.9,O,S,1,A,NA,20131217,498889.3011,8990783.606,
JAM_A02,T01,T01_P2,FAVA AMARGOSA,Vataireopsis speciosa,Fabaceae,16,0.65,15.8,O,S,1,A,NA,20131217,498889.4474,8990758.748,
JAM_A02,T01,T01_P2,ANGELIM PEDRA,Hymenolobium petraeum,Fabaceae,17,0.71,26.5,O,S,2,A,NA,20131217,498887.4903,8990758.268,
JAM_A02,T01,T01_P2,PENTE DE MACACO,Apeiba echinata,Malvaceae,90a,0.28,37.9,O,S,2,A,NA,20131217,498885.7831,8990753.995,
JAM_A02,T01,T01_P2,TAXI VERMELHO,Tachigali alba,Fabaceae,89a,0.56,38,O,C,1,A,NA,20131217,498884.8177,8990753.555,
JAM_A02,T01,T01_P2,TAUARI,Couratari stellata,Lecythidaceae,18,0.63,11,O,S,1,A,NA,20131217,498891.2735,8990753.671,
JAM_A02,T01,T01_P2,BABA큣,Attalea speciosa,Arecaceae,19,0.33,31,P,C,1,A,NA,20131217,498890.5735,8990752.221,
JAM_A02,T01,T01_P2,TAXI VERMELHO,Tachigali alba,Fabaceae,20,0.56,15,O,S,2,A,NA,20131217,498891.4247,8990751.376,
JAM_A02,T01,T01_P2,COPAIBA,Copaifera reticulata,Fabaceae,21,0.61,13.3,O,S,2,A,NA,20131217,498888.0097,8990750.385,
JAM_A02,T01,T01_P2,TAXI PRETO,Tachigali myrmecophila,Fabaceae,26a,0.53,53,O,C,2,A,NA,20131217,498880.463,8990759.279,
JAM_A02,T01,T01_P2,TANGIRANA,NI,NI,22,0.64,49.5,O,E,1,A,NA,20131217,498864.4251,8990761.221,
JAM_A02,T01,T01_P2,BREU BARROTE,Tetragastris panamensis,Burseraceae,23,0.73,36.7,O,C,2,A,NA,20131217,498857.8318,8990755.646,
JAM_A02,T01,T01_P2,MORTA,NA,NA,24,NA,70,O,NA,NA,D,1,20131217,498850.9097,8990755.061,
JAM_A02,T01,T01_P2,ALGODAO BRABO,NI,NI,25,0.64,43.5,O,C,2,A,NA,20131217,498869.9545,8990767.852,
JAM_A02,T01,T01_P2,MORTA,NA,NA,26,NA,36.2,O,NA,NA,D,4,20131217,498858.8421,8990770.496,
JAM_A02,T01,T01_P2,INHARE,Helicostylis sp.,Moraceae,27,0.65,46.3,O,E,1,A,NA,20131217,498867.6413,8990787.867,
JAM_A02,T01,T01_P2,MORTA,NA,NA,28,NA,54.6,O,NA,NA,D,3,20131217,498865.5133,8990789.981,
JAM_A02,T01,T01_P2,ABIURANA VERMELHA,Pouteria gongrijpii,Sapotaceae,29,0.80,57.8,O,C,1,A,NA,20131217,498861.9925,8990798.141,
JAM_A02,T01,T01_P2,MATAMATA VERMELHO,Eschweilera grandifolia,Lecythidaceae,30,0.88,70.4,O,E,1,A,NA,20131217,498852.2729,8990794.739,
JAM_A02,T01,T01_P2,INHARE,Helicostylis sp.,Moraceae,31,0.65,40.5,O,C,2,A,NA,20131217,498856.3196,8990778.597,
JAM_A02,T01,T01_P3,MORTA,NA,NA,32,NA,51.6,O,NA,NA,D,3,20131217,498854.3801,8990645.819,
JAM_A02,T01,T01_P3,NI,NI,NI,33,0.64,50.7,O,C,1,A,NA,20131217,498857.369,8990646.076,
JAM_A02,T01,T01_P3,COPAIBA,Copaifera reticulata,Fabaceae,36a,0.61,58.2,O,C,2,A,NA,20131217,498865.37,8990645.763,
JAM_A02,T01,T01_P3,INHARE,Helicostylis sp.,Moraceae,34,0.65,11.2,O,S,2,A,NA,20131217,498882.9887,8990641.268,
JAM_A02,T01,T01_P3,MASSARANDUBA,Manilkara huberi,Sapotaceae,35,0.93,34,O,C,1,A,NA,20131217,498879.685,8990634.971,
JAM_A02,T01,T01_P3,CABREUVA,NI,NI,36,0.64,12.2,O,S,2,A,NA,20131217,498880.8157,8990630.658,
JAM_A02,T01,T01_P3,CACAU,Theobroma glaucum,Malvaceae,37,0.53,10.4,O,S,2,A,NA,20131217,498884.1952,8990627.943,
JAM_A02,T01,T01_P3,UXIRANA,Sacoglottis guianensis,Humiriaceae,38,0.84,12.2,O,S,2,A,NA,20131217,498880.9562,8990626.061,
JAM_A02,T01,T01_P3,CATAUARI,Couepia racemosa,Chrysobalanaceae,39,0.79,20.5,O,S,1,A,NA,20131217,498882.145,8990619.849,
JAM_A02,T01,T01_P3,BREU MANGA,Tetragastris altissima,Burseraceae,40,0.71,49.5,O,E,1,A,NA,20131217,498879.3486,8990613.295,
JAM_A02,T01,T01_P3,ENVIRA CHEIROSA,Fusaea longifolia,Annonaceae,41,0.74,21,O,S,2,A,NA,20131217,498880.9768,8990602.511,
JAM_A02,T01,T01_P3,TAXI PRETO,Tachigali myrmecophila,Fabaceae,42,0.53,29.8,O,C,2,A,NA,20131217,498881.0531,8990600.013,
JAM_A02,T01,T01_P3,NI,NI,NI,43,0.64,30,O,C,1,A,NA,20131217,498883.7584,8990599.745,
JAM_A02,T01,T01_P3,ARARACANGA,Aspidosperma spruceanum,Apocynaceae,44,0.75,62.9,O,E,1,A,NA,20131217,498877.6737,8990602.728,
JAM_A02,T01,T01_P3,ANANI,Symphonia globulifera,Clusiaceae,45,0.60,48.2,O,E,1,A,NA,20131217,498868.2181,8990617.948,
JAM_A02,T01,T01_P3,ACARIQUARA,Minquartia guianensis,Olacaceae,39a,0.77,38,O,S,2,A,NA,20131217,498861.0759,8990622.845,
JAM_A02,T01,T01_P3,QUARUBA,Vochysia guianensis,Vochysiaceae,46,0.51,42.6,O,C,2,A,NA,20131217,498858.255,8990617.09,
JAM_A02,T01,T01_P3,TAXI VERMELHO,Tachigali alba,Fabaceae,47,0.56,44.3,O,C,2,A,NA,20131217,498847.5705,8990607.15,
JAM_A02,T01,T01_P3,TIMBORANA,Pseudopiptadenia suaveolens,Fabaceae,48,0.68,46.2,O,C,2,A,NA,20131217,498839.9056,8990596.468,
JAM_A02,T01,T01_P3,FAVA MAPUXIQUI,NI,NI,49,0.64,43.3,O,C,2,A,NA,20131217,498855.6021,8990605.837,
JAM_A02,T01,T01_P3,ALGODAO BRABO,NI,NI,50,0.64,36,O,C,2,A,NA,20131217,498853.8539,8990597.669,
JAM_A02,T01,T01_P3,CAUCHO,Castilla ulei,Moraceae,51,0.75,54.4,O,C,1,A,NA,20131217,498863.6031,8990605.524,
JAM_A02,T01,T01_P4,MATAMATA,Eschweilera parviflora,Lecythidaceae,52,0.89,12.3,O,S,2,A,NA,20131217,498884.9098,8990492.947,
JAM_A02,T01,T01_P4,MUIRATINGA,Maquira sclerophylla,Moraceae,53,0.53,12.3,O,S,2,A,NA,20131217,498884.5193,8990488.219,
JAM_A02,T01,T01_P4,TAXI PRETO,Tachigali myrmecophila,Fabaceae,54,0.53,44.2,O,C,2,A,NA,20131217,498883.241,8990488.255,
JAM_A02,T01,T01_P4,TANIBUCA,Terminalia amazonia,Combretaceae,56,0.68,17.9,O,S,2,A,NA,20131217,498885.1098,8990487.211,
JAM_A02,T01,T01_P4,QUARUBA,Vochysia guianensis,Vochysiaceae,57,0.51,18.2,O,S,2,A,NA,20131217,498884.5215,8990484.519,
JAM_A02,T01,T01_P4,TATAPIRIRICA,Tapirira guianensis,Anacardiaceae,58,0.46,35.8,O,C,1,A,NA,20131217,498882.0637,8990483.773,
JAM_A02,T01,T01_P4,BABA큣,Attalea speciosa,Arecaceae,59,0.33,19.9,P,S,2,A,NA,20131217,498881.0802,8990484.155,
JAM_A02,T01,T01_P4,BREU BARROTE,Tetragastris panamensis,Burseraceae,60,0.73,19.7,O,S,2,A,NA,20131217,498885.7024,8990482.802,
JAM_A02,T01,T01_P4,INHARE,Helicostylis sp.,Moraceae,61,0.65,40.6,O,C,2,A,NA,20131217,498885.5059,8990482.638,
JAM_A02,T01,T01_P4,CANELA DE VELHO,Casearia javitensis,Salicaceae,62,0.76,13.8,O,S,1,A,NA,20131217,498885.709,8990471.802,
JAM_A02,T01,T01_P4,BABA큣,Attalea speciosa,Arecaceae,64,0.33,29.4,P,S,1,A,NA,20131217,498884.1409,8990463.092,
JAM_A02,T01,T01_P4,BREU,Protium hepytaphillum ,Burseraceae,65,0.63,10.4,O,S,2,A,NA,20131217,498882.2743,8990460.437,
JAM_A02,T01,T01_P4,A큐I,Euterpe oleracea,Arecaceae,66,0.41,16.1,P,C,1,A,NA,20131217,498883.4554,8990458.419,
JAM_A02,T01,T01_P4,TAXI VERMELHO,Tachigali alba,Fabaceae,67a,0.56,62.5,O,E,1,A,NA,20131217,498862.1138,8990466.159,
JAM_A02,T01,T01_P4,PIQUIARANA,Caryocar glabrum,Caryocaraceae,68,0.68,70.5,O,C,1,A,NA,20131217,498850.3215,8990454.337,
JAM_A02,T01,T01_P4,ROXINHO,Peltogyne leicointei,Fabaceae,69,0.80,76,O,E,1,A,NA,20131217,498839.4966,8990469.335,
JAM_A02,T01,T01_P4,ALGODAO BRABO,NI,NI,70,0.64,95,O,E,1,A,NA,20131217,498837.5239,8990479.698,
JAM_A02,T01,T01_P4,TAUARI,Couratari stellata,Lecythidaceae,71,0.63,38.5,O,C,2,A,NA,20131217,498837.5265,8990475.198,
JAM_A02,T01,T01_P4,CUMARU,Dipteryx odorata,Fabaceae,72,0.92,41.2,O,C,2,A,NA,20131217,498839.4841,8990490.335,
JAM_A02,T01,T01_P4,UCUUBA BRANCA,Virola crebrinervia,Myristicaceae,73,0.50,40.6,O,E,1,A,NA,20131217,498837.5102,8990502.698,
JAM_A02,T01,T01_P4,INGA VERMELHO,Inga alba,Fabaceae,74,0.59,48.3,O,C,1,A,NA,20131217,498842.4271,8990501.79,
JAM_A02,T02,T02_P1,INHARE,Helicostylis sp.,Moraceae,1,0.65,11.4,O,S,2,A,NA,20131216,498981.5583,8990393.213,
JAM_A02,T02,T02_P1,PENTE DE MACACO,Apeiba echinata,Malvaceae,2,0.28,21.2,O,S,2,A,NA,20131216,498981.6786,8990388.911,
JAM_A02,T02,T02_P1,JUTAI MIRIM,Hymenaea intermedia,Fabaceae,3,0.82,48.6,O,C,2,A,NA,20131216,498978.5911,8990384.472,
JAM_A02,T02,T02_P1,ALGODAO BRABO,NI,NI,4,0.64,71,O,C,1,A,NA,20131216,498968.2224,8990385.377,
JAM_A02,T02,T02_P1,ALGODAO BRABO,NI,NI,143a,0.64,70,O,C,1,A,NA,20131216,498976.0035,8990380.023,
JAM_A02,T02,T02_P1,MUIRAPIRANGA,Brosimum rubescens,Moraceae,5,0.83,12.1,O,S,2,A,NA,20131216,498982.4479,8990378.596,
JAM_A02,T02,T02_P1,COPAIBA,Copaifera reticulata,Fabaceae,6,0.61,14.1,O,S,2,A,NA,20131216,498979.8982,8990377.447,
JAM_A02,T02,T02_P1,MUIRATINGA,Maquira sclerophylla,Moraceae,7,0.53,13.6,O,S,2,A,NA,20131216,498979.2186,8990373.16,
JAM_A02,T02,T02_P1,TINTERO,Miconia surinamensis,NI,8,0.61,13.8,O,S,2,A,NA,20131216,498980.1976,8990372.641,
JAM_A02,T02,T02_P1,MUIRATINGA,Maquira sclerophylla,Moraceae,9,0.53,29.3,O,C,2,A,NA,20131216,498980.4091,8990365.737,
JAM_A02,T02,T02_P1,ANGELIM RAJADO,Zygia racemosa,Fabaceae,10,0.75,12.5,O,S,2,A,NA,20131216,498978.5432,8990368.974,
JAM_A02,T02,T02_P1,PINTADINHO,Poeppigia sp.,Fabaceae,11,0.69,15.5,O,S,2,A,NA,20131216,498977.2509,8990362,
JAM_A02,T02,T02_P1,JATOBA,Hymenaea courbaril,Fabaceae,12,0.79,64,O,E,1,A,NA,20131216,498971.3398,8990364.217,
JAM_A02,T02,T02_P1,INHARE,Helicostylis sp.,Moraceae,13,0.65,36.3,O,C,2,A,NA,20131216,498962.4837,8990367.792,
JAM_A02,T02,T02_P1,CAJUA큣,Anacardium spruceanum,Anacardiaceae,14,0.48,39,O,C,1,A,NA,20131216,498959.8186,8990375.844,
JAM_A02,T02,T02_P1,MANDIOQUEIRA,Qualea paraensis,Vochysiaceae,15,0.69,99.1,O,E,1,A,NA,20131216,498944.6126,8990371.145,
JAM_A02,T02,T02_P1,TAXI VERMELHO,Tachigali alba,Fabaceae,16,0.56,38.8,O,C,1,A,NA,20131216,498957.4042,8990389.891,
JAM_A02,T02,T02_P1,PENTE DE MACACO,Apeiba echinata,Malvaceae,17,0.28,38.9,O,C,1,A,NA,20131216,498936.1576,8990384.312,
JAM_A02,T02,T02_P1,CASCA DOCE,Glycydendron amazonicum,Euphorbiaceae,18,0.67,64.1,O,C,2,A,NA,20131216,498959.4007,8990365.853,
JAM_A02,T02,T02_P1,TAXI VERMELHO,Tachigali alba,Fabaceae,19,0.56,20.6,O,S,2,A,NA,20131216,498977.0285,8990349.505,
JAM_A02,T02,T02_P2,MORTA,NA,NA,20,NA,20,O,NA,NA,D,3,20131216,498982.3657,8990243.648,
JAM_A02,T02,T02_P2,TAXI VERMELHO,Tachigali alba,Fabaceae,20a,0.56,53.2,O,E,1,A,NA,20131216,498973.9781,8990244.163,
JAM_A02,T02,T02_P2,UCUUBA DA TERRA FIRME,Virola sebifera,Myristicaceae,21,0.45,17.9,O,S,2,A,NA,20131216,498978.8256,8990236.917,
JAM_A02,T02,T02_P2,MATAMATA VERMELHO,Eschweilera grandifolia,Lecythidaceae,22,0.88,11.5,O,S,2,A,NA,20131216,498978.7237,8990236.822,
JAM_A02,T02,T02_P2,A큐I,Euterpe oleracea,Arecaceae,23,0.41,14.1,P,S,1,A,NA,20131216,498981.0559,8990233.604,
JAM_A02,T02,T02_P2,MORTA,NA,NA,24,NA,64,O,NA,NA,D,1,20131216,498980.3484,8990233.239,
JAM_A02,T02,T02_P2,TENTO,Ormosia coccinea,Fabaceae,25,0.63,14.5,O,S,2,A,NA,20131216,498982.9034,8990231.111,
JAM_A02,T02,T02_P2,UCUUBA VERMELHA,Virola elongata,Myristicaceae,26,0.52,13.1,O,S,2,A,NA,20131216,498981.7049,8990231.17,
JAM_A02,T02,T02_P2,TAXI VERMELHO,Tachigali alba,Fabaceae,27,0.56,76,O,E,1,A,NA,20131216,498963.2229,8990227.081,
JAM_A02,T02,T02_P2,CEDROARANA,Cedrelinga cateniformis,Fabaceae,28,0.50,64,O,E,1,A,NA,20131216,498936.0469,8990218.418,
JAM_A02,T02,T02_P2,LACRE,Mauriri chamissoana,Melastomataceae,29,0.64,36.4,O,S,1,A,NA,20131216,498967.6733,8990200.839,
JAM_A02,T02,T02_P2,MORTA,NA,NA,37a,NA,37.8,O,NA,NA,D,1,20131216,498970.5442,8990194.692,
JAM_A02,T02,T02_P2,MUIRACATIARA,Astronium gracile,Anacardiaceae,30,0.73,20,O,S,2,A,NA,20131216,498982.5026,8990216.719,
JAM_A02,T02,T02_P2,ITAUBA,Mezilaurus itauba,Lauraceae,31,0.72,14.4,O,S,2,A,NA,20131216,498982.2798,8990215.629,
JAM_A02,T02,T02_P2,BREU BARROTE,Tetragastris panamensis,Burseraceae,32,0.73,10.6,O,S,2,A,NA,20131216,498979.604,8990216.762,
JAM_A02,T02,T02_P2,CUPUI,Theobroma subincanum,Malvaceae,33,0.47,11.7,O,S,2,A,NA,20131216,498981.9279,8990213.144,
JAM_A02,T02,T02_P2,URUCURANA,Sloanea guianensis,Elaeocarpaceae,34,0.82,14.6,O,S,1,A,NA,20131216,498979.431,8990213.268,
JAM_A02,T02,T02_P2,ENVIRA BRANCA,Annona exsucca,Annonaceae,35,0.44,12.3,O,S,1,A,NA,20131216,498980.138,8990208.829,
JAM_A02,T02,T02_P3,TAXI PRETO,Tachigali myrmecophila,Fabaceae,36,0.53,65.4,O,E,1,A,NA,20131216,498978.4763,8990089.539,
JAM_A02,T02,T02_P3,URUCU,Bixa arborea,Bixaceae,37,0.37,23.7,O,S,2,A,NA,20131216,498980.4778,8990086.021,
JAM_A02,T02,T02_P3,FREIJO BRANCO,Cordia scabrifolia,Boraginaceae,38,0.47,13.1,O,S,2,A,NA,20131216,498982.3802,8990081.003,
JAM_A02,T02,T02_P3,CACAU,Theobroma glaucum,Malvaceae,39,0.53,11.9,O,S,2,A,NA,20131216,498981.9804,8990080.507,
JAM_A02,T02,T02_P3,ENVIRA PRETA,Guatteria schomburgkiana,Annonaceae,40,0.60,37.7,O,C,2,A,NA,20131216,498947.9891,8990065.822,
JAM_A02,T02,T02_P3,QUARUBA,Vochysia guianensis,Vochysiaceae,41,0.51,52.8,O,C,2,A,NA,20131216,498958.9821,8990079.22,
JAM_A02,T02,T02_P3,ABIURANA VERMELHA,Pouteria gongrijpii,Sapotaceae,42,0.80,55,O,C,2,A,NA,20131216,498958.986,8990071.22,
JAM_A02,T02,T02_P3,CARAPANAUBA,Aspidosperma nitidum,Apocynaceae,43,0.76,76,O,C,2,A,NA,20131216,498948.9864,8990071.313,
JAM_A02,T02,T02_P3,TAXI VERMELHO,Tachigali alba,Fabaceae,44,0.56,42.4,O,C,2,A,NA,20131216,498939.994,8990056.396,
JAM_A02,T02,T02_P3,BREU BARROTE,Tetragastris panamensis,Burseraceae,45,0.73,36,O,C,2,A,NA,20131216,498949.994,8990055.303,
JAM_A02,T02,T02_P3,EMBAUBA TOREN,Cecropia engleriana,Urticaceae,46,0.49,35.4,O,C,2,A,NA,20131216,498945.9947,8990054.341,
JAM_A02,T02,T02_P3,TIMBORANA,Pseudopiptadenia suaveolens,Fabaceae,47,0.68,36,O,C,2,A,NA,20131216,498957.9941,8990054.229,
JAM_A02,T02,T02_P3,TAXI PRETO,Tachigali myrmecophila,Fabaceae,53a,0.53,46.1,O,C,2,A,NA,20131216,498972.9959,8990049.09,
JAM_A02,T02,T02_P3,TAXI PRETO,Tachigali myrmecophila,Fabaceae,48,0.53,41,O,C,2,A,NA,20131216,498978.998,8990044.035,
JAM_A02,T02,T02_P3,ABIU ROSADINHO,Pouteria anibifolia,Sapotaceae,49,0.66,12.2,O,S,2,A,NA,20131216,498983.7775,8990086.49,
JAM_A02,T02,T02_P4,ANGELIM RAJADO,Zygia racemosa,Fabaceae,51,0.75,10.4,O,S,2,A,NA,20131216,498985.0914,8989943.681,
JAM_A02,T02,T02_P4,CASCA SECA,Licania canescens,Chrysobalanaceae,52,0.88,14.5,O,S,2,A,NA,20131216,498980.9043,8989941.505,
JAM_A02,T02,T02_P4,TUCUMA A큣,Astrocaryum aculeatum ,Arecaceae,53,0.51,18.4,P,S,2,A,NA,20131216,498983.0811,8989939.996,
JAM_A02,T02,T02_P4,JATEREU,Lecythis idatimon,Lecythidaceae,54,0.82,20.1,O,S,2,A,NA,20131216,498984.8347,8989929.205,
JAM_A02,T02,T02_P4,LOURO PIMENTA,Ocotea canaliculata,Lauraceae,55,0.48,22.2,O,S,2,A,NA,20131216,498985.6885,8989926.205,
JAM_A02,T02,T02_P4,URUCU,Bixa arborea,Bixaceae,56,0.37,16.9,O,S,1,A,NA,20131216,498982.2807,8989920.531,
JAM_A02,T02,T02_P4,ABIURANA VERMELHA,Pouteria gongrijpii,Sapotaceae,83a,0.80,44.9,O,C,2,A,NA,20131216,498976.2323,8989931.244,
JAM_A02,T02,T02_P4,ACARIQUARA,Minquartia guianensis,Olacaceae,57,0.77,37.7,O,S,2,A,NA,20131216,498968.0786,8989934.28,
JAM_A02,T02,T02_P4,LACRE,Mauriri chamissoana,Melastomataceae,73a,0.64,48.9,O,C,2,A,NA,20131216,498971.6941,8989941.75,
JAM_A02,T02,T02_P4,INHARE,Helicostylis sp.,Moraceae,58,0.65,38.3,O,C,2,A,NA,20131216,498959.9762,8989936.317,
JAM_A02,T02,T02_P4,ALGODAO BRABO,NI,NI,59,0.64,42,O,C,1,A,NA,20131216,498954.8738,8989938.34,
JAM_A02,T02,T02_P4,PITAICA,Swartzia polyphylla,Fabaceae,60,0.69,48.4,O,C,1,A,NA,20131216,498952.8738,8989938.35,
JAM_A02,T02,T02_P4,MORTA,NA,NA,61,NA,51.2,O,NA,NA,D,4,20131216,498946.0276,8989935.388,
JAM_A02,T02,T02_P4,MORTA,NA,NA,62,NA,43,O,NA,NA,D,4,20131216,498960.0015,8989916.349,
JAM_A02,T02,T02_P4,MATAMATA BRANCO,Eschweilera coriacea,Lecythidaceae,63,0.85,39.5,O,C,2,A,NA,20131216,498939.1042,8989914.456,
JAM_A02,T02,T02_P4,CASTANHEIRA,Bertholletia excelsa,Lecythidaceae,64,0.64,66.3,O,E,1,A,NA,20131216,498945.3092,8989910.431,
JAM_A02,T02,T02_P4,MANDIOQUEIRA,Qualea paraensis,Vochysiaceae,65,0.69,54.6,O,C,2,A,NA,20131216,498940.8731,8989899.47,
JAM_A02,T02,T02_P4,MANDIOQUEIRA,Qualea paraensis,Vochysiaceae,80a,0.69,39.2,O,C,1,A,NA,20131216,498977.7702,8989901.284,
JAM_A02,T02,T02_P4,TAXI PRETO,Tachigali myrmecophila,Fabaceae,66,0.53,50.2,O,E,1,A,NA,20131216,498976.4113,8989908.28,
JAM_A02,T02,T02_P4,A큐I,Euterpe oleracea,Arecaceae,67,0.41,12.3,P,S,1,A,NA,20131216,498987.1751,8989897.243,
JAM_A02,T02,T02_P4,UCUUBA VERMELHA,Virola elongata,Myristicaceae,68,0.52,12.6,O,S,1,A,NA,20131216,498987.0163,8989904.233,
JAM_A02,T02,T02_P4,MORTA,NA,NA,69,NA,21.9,O,NA,NA,D,4,20131216,498984.4728,8989907.041,
JAM_A02,T03,T03_P1,ENVIRA BRANCA,Annona exsucca,Annonaceae,1,0.44,11,O,S,2,A,NA,20131219,499726.165,8990394.853,
JAM_A02,T03,T03_P1,UCUUBA DA TERRA FIRME,Virola sebifera,Myristicaceae,2,0.45,10.1,O,S,2,A,NA,20131219,499725.7131,8990386.099,
JAM_A02,T03,T03_P1,CATAUARI,Couepia racemosa,Chrysobalanaceae,3,0.79,22.7,O,S,2,A,NA,20131219,499730.2039,8990381.287,
JAM_A02,T03,T03_P1,ESCORREGA MACACO,Capirona decorticans,Rubiaceae,4,0.59,21.6,O,S,2,A,NA,20131219,499728.2457,8990369.488,
JAM_A02,T03,T03_P1,A큞ITA CAVALO,Luehea speciosa,Malvaceae,5,0.51,20.9,O,S,2,A,NA,20131219,499728.789,8990368.775,
JAM_A02,T03,T03_P1,COPAIBA,Copaifera reticulata,Fabaceae,6,0.61,14.1,O,S,2,A,NA,20131219,499728.201,8990365.405,
JAM_A02,T03,T03_P1,INHARE,Helicostylis sp.,Moraceae,7,0.65,27.9,O,S,2,A,NA,20131219,499730.4678,8990361.056,
JAM_A02,T03,T03_P1,TENTO,Ormosia coccinea,Fabaceae,8,0.63,11.1,O,S,2,A,NA,20131219,499727.3438,8990359.95,
JAM_A02,T03,T03_P1,TAXI BRANCO,Tachigali paniculata,Fabaceae,9,0.56,12.8,O,S,2,A,NA,20131219,499727.0564,8990359.759,
JAM_A02,T03,T03_P1,MUIRATINGA,Maquira sclerophylla,Moraceae,11,0.53,15.5,O,C,2,A,NA,20131219,499730.842,8990358.255,
JAM_A02,T03,T03_P1,UCUUBA VERMELHA,Virola elongata,Myristicaceae,12,0.52,22.7,O,S,2,A,NA,20131219,499727.886,8990354.455,
JAM_A02,T03,T03_P1,LOURO PIMENTA,Ocotea canaliculata,Lauraceae,13,0.48,15.7,O,S,2,A,NA,20131219,499731.5904,8990352.655,
JAM_A02,T03,T03_P1,ANANI,Symphonia globulifera,Clusiaceae,14,0.60,10.5,O,C,2,A,NA,20131219,499728.2782,8990348.167,
JAM_A02,T03,T03_P1,MUTUTI,Pterocarpus sp.,Fabaceae,125a,0.51,35.1,O,C,2,A,NA,20131219,499724.2798,8990348.282,
JAM_A02,T03,T03_P1,TAXI VERMELHO,Tachigali alba,Fabaceae,5a,0.56,45.8,O,C,2,A,NA,20131219,499718.8462,8990355.413,
JAM_A02,T03,T03_P1,SUMAUMA DA TERRA FIRME,Bombax paraense,Malvaceae,15,0.39,53.2,O,E,1,A,NA,20131219,499706.54,8990360.749,
JAM_A02,T03,T03_P1,A큞ITA CAVALO,Luehea speciosa,Malvaceae,16,0.51,43,O,C,2,A,NA,20131219,499697.2325,8990365.999,
JAM_A02,T03,T03_P1,INHARE,Helicostylis sp.,Moraceae,17,0.65,35,O,C,1,A,NA,20131219,499699.8541,8990355.961,
JAM_A02,T03,T03_P1,INHARE,Helicostylis sp.,Moraceae,18,0.65,43.2,O,E,1,A,NA,20131219,499699.045,8990368.935,
JAM_A02,T03,T03_P1,ACARIQUARA,Minquartia guianensis,Olacaceae,19,0.77,49.9,O,C,2,A,NA,20131219,499700.8574,8990371.872,
JAM_A02,T03,T03_P1,CATUABA,Abuta grandifolia,Menispermaceae,20,0.45,52.2,O,C,2,A,NA,20131219,499684.452,8990346.94,
JAM_A02,T03,T03_P1,JUTAI MIRIM,Hymenaea intermedia,Fabaceae,21,0.82,35.3,O,C,2,A,NA,20131219,499682.2991,8990357.463,
JAM_A02,T03,T03_P1,ROXINHO,Peltogyne leicointei,Fabaceae,22,0.80,60,O,C,1,A,NA,20131219,499682.2388,8990366.431,
JAM_A02,T03,T03_P1,MUIRACATIARA,Astronium gracile,Anacardiaceae,23,0.73,36.7,O,E,1,A,NA,20131219,499715.5437,8990392.37,
JAM_A02,T03,T03_P1,MATAMATA,Eschweilera parviflora,Lecythidaceae,130a,0.89,38.3,O,NA,NA,A,NA,20131219,499720.6039,8990391.228,
JAM_A02,T03,T03_P1,TANGIRANA,NI,NI,3a,0.64,51.9,O,C,1,A,NA,20131219,499716.2284,8990381.391,
JAM_A02,T03,T03_P2,TENTO,Ormosia coccinea,Fabaceae,24,0.63,10.2,O,S,2,A,NA,20131219,499728.1468,8990240.034,
JAM_A02,T03,T03_P2,TAXI VERMELHO,Tachigali alba,Fabaceae,22a,0.56,47.5,O,C,2,A,NA,20131219,499716.1562,8990236.515,
JAM_A02,T03,T03_P2,ROXINHO,Peltogyne leicointei,Fabaceae,25,0.80,13.6,O,S,2,A,NA,20131219,499725.7232,8990230.273,
JAM_A02,T03,T03_P2,ALGODAO BRABO,NI,NI,26,0.64,12.7,O,S,1,A,NA,20131219,499726.2288,8990223.525,
JAM_A02,T03,T03_P2,JOAO MOLE,Neea oppositifolia,Nyctaginaceae,27,0.89,12.5,O,S,2,A,NA,20131219,499728.5838,8990221.466,
JAM_A02,T03,T03_P2,ABIURANA,Pouteria gongrijpii,Sapotaceae,28,0.80,34.5,O,C,2,A,NA,20131219,499728.4515,8990219.671,
JAM_A02,T03,T03_P2,ALGODAO BRABO,NI,NI,29,0.64,46,O,C,2,A,NA,20131219,499728.7668,8990217.145,
JAM_A02,T03,T03_P2,JATEREU,Lecythis idatimon,Lecythidaceae,30,0.82,17.7,O,S,2,A,NA,20131219,499724.7607,8990217.208,
JAM_A02,T03,T03_P2,CAFEZINHO,Heisteria densifrons,Olacaceae,31,0.65,16.4,O,S,2,A,NA,20131219,499726.285,8990213.4,
JAM_A02,T03,T03_P2,MORTA,NA,NA,32,NA,11.3,O,NA,NA,D,1,20131219,499725.3692,8990211.857,
JAM_A02,T03,T03_P2,ANGELIM VERMELHO,Dinizia excelsa,Fabaceae,105a,0.94,72.8,O,E,1,A,NA,20131219,499724.2244,8990209.928,
JAM_A02,T03,T03_P2,BREU BARROTE,Tetragastris panamensis,Burseraceae,35,0.73,14.6,O,S,2,A,NA,20131219,499726.4986,8990206.772,
JAM_A02,T03,T03_P2,FAVA AMARGOSA,Vataireopsis speciosa,Fabaceae,104a,0.65,49.6,O,C,2,A,NA,20131219,499723.6947,8990195.933,
JAM_A02,T03,T03_P2,GUARIUBA,Clarisia racemosa,Moraceae,36,0.59,44.1,O,C,1,A,NA,20131219,499704.6777,8990203.198,
JAM_A02,T03,T03_P2,PENTE DE MACACO,Apeiba echinata,Malvaceae,37,0.28,43.1,O,C,1,A,NA,20131219,499703.784,8990218.289,
JAM_A02,T03,T03_P2,ROXINHO,Peltogyne leicointei,Fabaceae,38,0.80,40.4,O,C,2,A,NA,20131219,499678.9603,8990194.368,
JAM_A02,T03,T03_P2,MUIRACATIARA,Astronium gracile,Anacardiaceae,39,0.73,57.4,O,E,1,A,NA,20131219,499677.9564,8990207.963,
JAM_A02,T03,T03_P2,TIMBORANA,Pseudopiptadenia suaveolens,Fabaceae,40,0.68,40,O,C,2,A,NA,20131219,499681.1276,8990223.789,
JAM_A02,T03,T03_P2,ALGODAO BRABO,NI,NI,41,0.64,39.7,O,C,2,A,NA,20131219,499693.0589,8990236.031,
JAM_A02,T03,T03_P2,QUINARANA,Geissospermum sericeum,Apocynaceae,42,0.78,40.8,O,C,2,A,NA,20131219,499700.3377,8990239.56,
JAM_A02,T03,T03_P3,ABIURANA VERMELHA,Pouteria gongrijpii,Sapotaceae,43,0.80,10.8,O,S,1,A,NA,20131219,499724.3795,8990089.806,
JAM_A02,T03,T03_P3,UCUUBA VERMELHA,Virola elongata,Myristicaceae,44,0.52,11.5,O,S,1,A,NA,20131219,499725.4453,8990086.186,
JAM_A02,T03,T03_P3,INHARE,Helicostylis sp.,Moraceae,91a,0.65,51,O,C,1,A,NA,20131219,499725.0709,8990084.193,
JAM_A02,T03,T03_P3,PENTE DE MACACO,Apeiba echinata,Malvaceae,45,0.28,27.3,O,S,2,A,NA,20131219,499725.6096,8990074.484,
JAM_A02,T03,T03_P3,TATAPIRIRICA,Tapirira guianensis,Anacardiaceae,46,0.46,11.4,O,S,2,A,NA,20131219,499722.3116,8990063.844,
JAM_A02,T03,T03_P3,BREU BARROTE,Tetragastris panamensis,Burseraceae,90a,0.73,22.3,O,S,2,A,NA,20131219,499722.0404,8990059.249,
JAM_A02,T03,T03_P3,UCUUBA DA TERRA FIRME,Virola sebifera,Myristicaceae,47,0.45,13.3,O,S,2,A,NA,20131219,499722.5424,8990051.24,
JAM_A02,T03,T03_P3,MUIRATINGA,Maquira sclerophylla,Moraceae,48,0.53,19.3,O,S,1,A,NA,20131219,499721.4904,8990049.859,
JAM_A02,T03,T03_P3,MACUCU,Licania heteromorpha,Chrysobalanaceae,88a,0.82,17.1,O,S,1,A,NA,20131219,499721.8451,8990045.953,
JAM_A02,T03,T03_P3,INHARE,Helicostylis sp.,Moraceae,49,0.65,17,O,S,2,A,NA,20131219,499724.651,8990040.702,
JAM_A02,T03,T03_P3,ENVIRA CHEIROSA,Fusaea longifolia,Annonaceae,50,0.74,35.6,O,C,2,A,NA,20131219,499705.4707,8990049.552,
JAM_A02,T03,T03_P3,TIMBORANA,Pseudopiptadenia suaveolens,Fabaceae,51,0.68,62,O,E,1,A,NA,20131219,499703.5455,8990051.587,
JAM_A02,T03,T03_P3,JOAO MOLE,Neea oppositifolia,Nyctaginaceae,52,0.89,35.7,O,C,2,A,NA,20131219,499701.7693,8990057.62,
JAM_A02,T03,T03_P3,ALGODAO BRABO,NI,NI,47a,0.64,54,O,E,1,A,NA,20131219,499713.0281,8990064.414,
JAM_A02,T03,T03_P3,ENVIRA PRETA,Guatteria schomburgkiana,Annonaceae,53,0.60,40.2,O,C,2,A,NA,20131219,499697.2859,8990044.702,
JAM_A02,T03,T03_P3,TAXI VERMELHO,Tachigali alba,Fabaceae,54,0.56,47.8,O,E,1,A,NA,20131219,499679.2517,8990044.032,
JAM_A02,T03,T03_P3,CASTANHEIRA,Bertholletia excelsa,Lecythidaceae,55,0.64,82.2,O,E,1,A,NA,20131219,499676.4811,8990077.082,
JAM_A02,T03,T03_P3,QUINARANA,Geissospermum sericeum,Apocynaceae,56,0.78,38.8,O,C,2,A,NA,20131219,499686.1071,8990066.906,
JAM_A02,T03,T03_P3,GUARIUBA,Clarisia racemosa,Moraceae,57,0.59,46.3,O,E,1,A,NA,20131219,499690.2926,8990071.829,
JAM_A02,T03,T03_P3,MORTA,NA,NA,58,NA,54,O,NA,NA,D,1,20131219,499691.9626,8990089.799,
JAM_A02,T03,T03_P3,ABIURANA VERMELHA,Pouteria gongrijpii,Sapotaceae,59,0.80,55.3,O,E,1,A,NA,20131219,499701.9609,8990089.616,
JAM_A02,T03,T03_P3,NI,NI,NI,60,0.64,36.5,O,E,1,A,NA,20131219,499704.737,8990083.565,
JAM_A02,T03,T03_P4,MORTA,NA,NA,76a,NA,12.2,O,NA,NA,D,1,20131219,499716.9173,8989934.934,
JAM_A02,T03,T03_P4,UCUUBA DA TERRA FIRME,Virola sebifera,Myristicaceae,75a,0.45,12.8,O,S,2,A,NA,20131219,499716.8363,8989933.491,
JAM_A02,T03,T03_P4,BABA큣,Attalea speciosa,Arecaceae,74a,0.33,26.9,P,S,2,A,NA,20131219,499718.4898,8989928.802,
JAM_A02,T03,T03_P4,TAUARI,Couratari stellata,Lecythidaceae,73a,0.63,38.2,O,C,2,A,NA,20131219,499718.1386,8989927.881,
JAM_A02,T03,T03_P4,ENVIRA QUIABO,Sterculia pruriens,Malvaceae,61,0.49,14,O,S,2,A,NA,20131219,499719.8407,8989926.191,
JAM_A02,T03,T03_P4,ANGELIM AMARGOSO,Parahancornia amapa,Apocynaceae,67a,0.46,59,O,E,1,A,NA,20131219,499717.3013,8989923.634,
JAM_A02,T03,T03_P4,BREU BARROTE,Tetragastris panamensis,Burseraceae,68a,0.73,26.3,O,C,2,A,NA,20131219,499717.921,8989919.378,
JAM_A02,T03,T03_P4,PAU DE REmO,Chimarrhis turbinata,Rubiaceae,71a,0.72,47.9,O,C,2,A,NA,20131219,499720.176,8989917.224,
JAM_A02,T03,T03_P4,MATAMATA,Eschweilera parviflora,Lecythidaceae,62,0.89,32.6,O,C,2,A,NA,20131219,499723.1838,8989913.899,
JAM_A02,T03,T03_P4,BREU BARROTE,Tetragastris panamensis,Burseraceae,70a,0.73,33.8,O,C,2,A,NA,20131219,499723.1986,8989903.134,
JAM_A02,T03,T03_P4,LOURO PRETO,Nectandra cuspidata,Lauraceae,64,0.56,10.4,O,S,2,A,NA,20131219,499726.286,8989891.266,
JAM_A02,T03,T03_P4,GRAO DE GUARIBA,Mayna odorata,Flacourtiaceae,63,0.64,47.3,O,C,2,A,NA,20131219,499710.9189,8989914.142,
JAM_A02,T03,T03_P4,ROXINHO,Peltogyne leicointei,Fabaceae,65,0.80,51.5,O,C,2,A,NA,20131219,499706.0026,8989901.247,
JAM_A02,T03,T03_P4,COPAIBA,Copaifera reticulata,Fabaceae,66,0.61,36.2,O,C,2,A,NA,20131219,499700.7616,8989903.912,
JAM_A02,T03,T03_P4,TIMBORANA,Pseudopiptadenia suaveolens,Fabaceae,67,0.68,68,O,C,2,A,NA,20131219,499682.0119,8989932.686,
JAM_A02,T03,T03_P4,FAVA FOLHA FINA,Parkia sp.,Fabaceae,68,0.45,51.6,O,E,1,A,NA,20131219,499694.3127,8989934.862,
JAM_A02,T03,T03_P4,TAXI VERMELHO,Tachigali alba,Fabaceae,69,0.56,39.7,O,C,2,A,NA,20131219,499702.6513,8989937.587,
JAM_A02,T04,T04_P1,ENVIRA QUIABO,Sterculia pruriens,Malvaceae,1,0.49,12.3,O,S,2,A,NA,20131217,498723.043,8988959.421,
JAM_A02,T04,T04_P1,ABIURANA VERMELHA,Pouteria gongrijpii,Sapotaceae,2,0.80,43.9,O,C,2,A,NA,20131217,498727.023,8988962.104,
JAM_A02,T04,T04_P1,PINTADINHO,Poeppigia sp.,Fabaceae,3,0.69,15.8,O,S,2,A,NA,20131217,498721.8527,8988958.059,
JAM_A02,T04,T04_P1,INHARE,Helicostylis sp.,Moraceae,4,0.65,17.5,O,C,2,A,NA,20131217,498738.7909,8988959.611,
JAM_A02,T04,T04_P1,NI,NI,NI,5,0.64,10.1,O,S,2,A,NA,20131217,498740.3029,8988961.959,
JAM_A02,T04,T04_P1,ABIURANA VERMELHA,Pouteria gongrijpii,Sapotaceae,148a,0.80,58.9,O,C,1,A,NA,20131217,498741.454,8988957.452,
JAM_A02,T04,T04_P1,LIANA,NA,NA,6,NA,15.5,L,NA,NA,A,NA,20131217,498744.1125,8988959.174,
JAM_A02,T04,T04_P1,LOURO PIMENTA,Ocotea canaliculata,Lauraceae,7,0.48,18.1,O,S,2,A,NA,20131217,498744.428,8988958.967,
JAM_A02,T04,T04_P1,BREU,Protium hepytaphillum ,Burseraceae,8,0.63,10.6,O,S,2,A,NA,20131217,498746.24,8988961.308,
JAM_A02,T04,T04_P1,UCUUBA BRANCA,Virola crebrinervia,Myristicaceae,4a,0.50,45.8,O,C,2,A,NA,20131217,498741.6723,8988948.293,
JAM_A02,T04,T04_P1,MORTA,NA,NA,9,NA,49.7,O,NA,NA,D,4,20131217,498725.4738,8988925.829,
JAM_A02,T04,T04_P1,ABIURANA VERMELHA,Pouteria gongrijpii,Sapotaceae,10,0.80,47.2,O,C,2,A,NA,20131217,498729.4725,8988925.726,
JAM_A02,T04,T04_P1,TAXI VERMELHO,Tachigali alba,Fabaceae,11,0.56,43.9,O,E,1,A,NA,20131217,498731.784,8988921.686,
JAM_A02,T04,T04_P1,FAVA FOLHA FINA,Parkia sp.,Fabaceae,12,0.45,36.9,O,C,1,A,NA,20131217,498745.9355,8988919.33,
JAM_A02,T04,T04_P1,TIMBORANA,Pseudopiptadenia suaveolens,Fabaceae,13,0.68,52,O,E,1,A,NA,20131217,498747.5293,8988937.198,
JAM_A02,T04,T04_P1,ACARIQUARA,Minquartia guianensis,Olacaceae,14,0.77,15.4,O,S,1,A,NA,20131217,498759.4278,8988961.067,
JAM_A02,T04,T04_P1,SORVA,Couma guianensis,Apocynaceae,145a,0.47,46,O,C,2,A,NA,20131217,498758.1202,8988954.832,
JAM_A02,T04,T04_P1,INHARE,Helicostylis sp.,Moraceae,15,0.65,15.7,O,S,2,A,NA,20131217,498762.4439,8988959.496,
JAM_A02,T04,T04_P1,TAXI PRETO,Tachigali myrmecophila,Fabaceae,16,0.53,36.3,O,E,1,A,NA,20131217,498763.3622,8988956.687,
JAM_A02,T04,T04_P1,TENTO,Ormosia coccinea,Fabaceae,17,0.63,13.2,O,S,2,A,NA,20131217,498763.1671,8988959.179,
JAM_A02,T04,T04_P1,ROXINHO,Peltogyne leicointei,Fabaceae,142a,0.80,53,O,E,1,A,NA,20131217,498769.3181,8988913.751,
JAM_A02,T04,T04_P1,COPAIBA,Copaifera reticulata,Fabaceae,18,0.61,41.5,O,E,1,A,NA,20131217,498766.2888,8988939.697,
JAM_A02,T04,T04_P2,ALGODAO BRABO,NI,NI,122a,0.64,52,O,E,1,A,NA,20131217,498868.4312,8988971.335,
JAM_A02,T04,T04_P2,BREU BARROTE,Tetragastris panamensis,Burseraceae,125a,0.73,37.1,O,C,2,A,NA,20131217,498869.728,8988968.183,
JAM_A02,T04,T04_P2,ANGELIM RAJADO,Zygia racemosa,Fabaceae,20,0.75,10.5,O,S,2,A,NA,20131217,498877.6477,8988974.041,
JAM_A02,T04,T04_P2,MAPATIRANA,Pourouma minor,Urticaceae,32a,0.44,41.3,O,E,1,A,NA,20131217,498882.1757,8988963.255,
JAM_A02,T04,T04_P2,QUARUBA,Vochysia guianensis,Vochysiaceae,34a,0.51,42,O,C,1,A,NA,20131217,498884.7198,8988964.502,
JAM_A02,T04,T04_P2,MORTA,NA,NA,121a,NA,26.2,O,NA,NA,D,1,20131217,498883.194,8988970.615,
JAM_A02,T04,T04_P2,ALGODAO BRABO,NI,NI,21,0.64,19.7,O,S,2,A,NA,20131217,498884.4123,8988970.636,
JAM_A02,T04,T04_P2,PARAPARA,Jacaranda copaia,Bignoniaceae,22,0.35,37.9,O,E,1,A,NA,20131217,498898.5459,8988949.967,
JAM_A02,T04,T04_P2,MARIA PRETA,Zizyphus itacaiunensis,Ramnaceae,23,0.84,11.9,O,S,1,A,NA,20131217,498899.0239,8988973.381,
JAM_A02,T04,T04_P2,BABA큣,Attalea speciosa,Arecaceae,24,0.33,28.1,P,S,1,A,NA,20131217,498901.5596,8988977.113,
JAM_A02,T04,T04_P2,UCUUBA VERMELHA,Virola elongata,Myristicaceae,25,0.52,14,O,S,2,A,NA,20131217,498907.8587,8988974.756,
JAM_A02,T04,T04_P2,TAXI PRETO,Tachigali myrmecophila,Fabaceae,26,0.53,19.3,O,S,1,A,NA,20131217,498911.1262,8988976.373,
JAM_A02,T04,T04_P2,NI,NI,NI,27,0.64,53.1,O,E,1,A,NA,20131217,498909.9859,8988958.064,
JAM_A02,T04,T04_P2,FAVA FOLHA FINA,Parkia sp.,Fabaceae,28,0.45,41,O,C,1,A,NA,20131217,498916.9516,8988958.756,
JAM_A02,T04,T04_P2,INHARE,Helicostylis sp.,Moraceae,29,0.65,47.3,O,C,2,A,NA,20131217,498923.7594,8988935.57,
JAM_A02,T04,T04_P2,FAVA FOLHA FINA,Parkia sp.,Fabaceae,30,0.45,50.8,O,E,1,A,NA,20131217,498912.8396,8988938.462,
JAM_A02,T04,T04_P2,NI,NI,NI,31,0.64,36.7,O,C,2,A,NA,20131217,498901.9725,8988949.314,
JAM_A02,T04,T04_P2,PIQUIA,Caryocar villosum,Caryocaraceae,32,0.76,40.2,O,C,2,A,NA,20131217,498893.5536,8988954.443,
JAM_A02,T04,T04_P2,PARAPARA,Jacaranda copaia,Bignoniaceae,33,0.35,45.7,O,C,1,A,NA,20131217,498885.7561,8988940.742,
JAM_A02,T04,T04_P2,IPE AMARELO,Handroanthus serratifolius,Bignoniaceae,34,0.64,22,O,S,2,A,NA,20131217,498914.2653,8988973.603,
JAM_A02,T04,T04_P3,MURTA,Strychnos subcordata,Loganiaceae,35,0.54,38.1,O,S,2,A,NA,20131217,499026.1096,8988991.457,
JAM_A02,T04,T04_P3,MATAMATA BRANCO,Eschweilera coriacea,Lecythidaceae,36,0.85,56.7,O,C,2,A,NA,20131217,499027.9089,8988991.51,
JAM_A02,T04,T04_P3,ANGELIM VERMELHO,Dinizia excelsa,Fabaceae,107a,0.94,140,O,E,1,A,NA,20131217,499028.0751,8988991.22,
JAM_A02,T04,T04_P3,JATEREU,Lecythis idatimon,Lecythidaceae,37,0.82,14.3,O,S,2,A,NA,20131217,499027.6331,8988993.171,
JAM_A02,T04,T04_P3,JUTAI MIRIM,Hymenaea intermedia,Fabaceae,38,0.82,55,O,C,2,A,NA,20131217,499030.229,8988990.596,
JAM_A02,T04,T04_P3,FAVA FOLHA FINA,Parkia sp.,Fabaceae,39,0.45,23.3,O,S,1,A,NA,20131217,499035.5247,8988988.984,
JAM_A02,T04,T04_P3,A큐I,Euterpe oleracea,Arecaceae,40,0.41,13.8,P,S,1,A,NA,20131217,499035.5689,8988988.789,
JAM_A02,T04,T04_P3,PINTADINHO,Poeppigia sp.,Fabaceae,41,0.69,10.2,O,S,2,A,NA,20131217,499045.2477,8988993.588,
JAM_A02,T04,T04_P3,MATAMATA VERMELHO,Eschweilera grandifolia,Lecythidaceae,42,0.88,48.2,O,C,1,A,NA,20131217,499051.3335,8988993.373,
JAM_A02,T04,T04_P3,UCUUBA VERMELHA,Virola elongata,Myristicaceae,43,0.52,18.6,O,S,2,A,NA,20131217,499062.2153,8988991.531,
JAM_A02,T04,T04_P3,BREU,Protium hepytaphillum ,Burseraceae,44,0.63,13.4,O,S,2,A,NA,20131217,499053.5095,8988992.651,
JAM_A02,T04,T04_P3,CAFEZINHO,Heisteria densifrons,Olacaceae,45,0.65,10.5,O,S,2,A,NA,20131217,499057.7644,8988993.855,
JAM_A02,T04,T04_P3,MERAUBA,Mouriri collocarpa,Melastomataceae,46,0.83,17.8,O,S,2,A,NA,20131217,499059.7922,8988989.791,
JAM_A02,T04,T04_P3,MUIRATINGA,Maquira sclerophylla,Moraceae,47,0.53,11,O,S,2,A,NA,20131217,499058.6149,8988989.659,
JAM_A02,T04,T04_P3,MUIRACATIARA,Astronium gracile,Anacardiaceae,48,0.73,42.8,O,E,1,A,NA,20131217,499065.6119,8988989.863,
JAM_A02,T04,T04_P3,MORTA,NA,NA,49,NA,35.1,O,NA,NA,D,3,20131217,499057.544,8988985.504,
JAM_A02,T04,T04_P3,A큞ITA CAVALO,Luehea speciosa,Malvaceae,62a,0.51,61,O,C,1,A,NA,20131217,499069.9709,8988975.069,
JAM_A02,T04,T04_P3,ENVIRA CURIMA,NI,NI,50,0.64,52.8,O,C,1,A,NA,20131217,499069.0135,8988973.077,
JAM_A02,T04,T04_P3,MATAMATA VERMELHO,Eschweilera grandifolia,Lecythidaceae,51,0.88,38.4,O,C,2,A,NA,20131217,499065.8893,8988960.223,
JAM_A02,T04,T04_P3,MUIRACATIARA,Astronium gracile,Anacardiaceae,52,0.73,80.5,O,E,1,A,NA,20131217,499075.8851,8988960.515,
JAM_A02,T04,T04_P3,ACARIQUARA,Minquartia guianensis,Olacaceae,53,0.77,39.4,O,S,2,A,NA,20131217,499066.6579,8988952.392,
JAM_A02,T04,T04_P3,ANGELIM PEDRA,Hymenolobium petraeum,Fabaceae,54,0.71,50.2,O,C,1,A,NA,20131217,499068.0995,8988950.471,
JAM_A02,T04,T04_P3,ENVIRA CURIMA,NI,NI,55,0.64,51.6,O,C,1,A,NA,20131217,499071.5403,8988948.608,
JAM_A02,T04,T04_P3,GUARIUBA,Clarisia racemosa,Moraceae,56,0.59,51.1,O,S,2,A,NA,20131217,499053.548,8988948.082,
JAM_A02,T04,T04_P3,ROXINHO,Peltogyne leicointei,Fabaceae,57,0.80,44.4,O,S,2,A,NA,20131217,499059.6809,8988969.859,
JAM_A02,T04,T04_P3,SUCUPIRA PELE DE SAPO,NI,NI,61a,0.64,47.7,O,C,1,A,NA,20131217,499052.0208,8988972.58,
JAM_A02,T04,T04_P3,MUIRAPIRANGA,Brosimum rubescens,Moraceae,58,0.83,47.2,O,S,1,A,NA,20131217,499046.1289,8988967.499,
JAM_A02,T04,T04_P3,MORTA,NA,NA,60a,NA,45.9,O,NA,NA,D,1,20131217,499045.1393,8988976.306,
JAM_A02,T04,T04_P4,ROXINHO,Peltogyne leicointei,Fabaceae,59,0.80,22,O,S,2,A,NA,20131217,499172.1741,8989002.499,
JAM_A02,T04,T04_P4,TINTERO,Miconia surinamensis,NI,60,0.61,11.9,O,S,2,A,NA,20131217,499174.2435,8989002.816,
JAM_A02,T04,T04_P4,ANGELIM VERMELHO,Dinizia excelsa,Fabaceae,61,0.94,130.5,O,C,2,A,NA,20131217,499191.5157,8989003.797,
JAM_A02,T04,T04_P4,TIMBORANA,Pseudopiptadenia suaveolens,Fabaceae,62,0.68,12.5,O,S,2,A,NA,20131217,499195.9406,8989004.547,
JAM_A02,T04,T04_P4,MORTA,NA,NA,63,NA,11.5,O,NA,NA,D,3,20131217,499200.9916,8989005.134,
JAM_A02,T04,T04_P4,JOAO MOLE,Neea oppositifolia,Nyctaginaceae,64,0.89,11.1,O,S,2,A,NA,20131217,499201.9174,8989004.986,
JAM_A02,T04,T04_P4,TAXI PRETO,Tachigali myrmecophila,Fabaceae,65,0.53,10.9,O,S,2,A,NA,20131217,499205.0579,8989005.564,
JAM_A02,T04,T04_P4,BABA큣,Attalea speciosa,Arecaceae,66,0.33,26.6,P,S,2,A,NA,20131217,499210.5531,8989004.379,
JAM_A02,T04,T04_P4,JUTAI POROROCA,Dialium guianense,Fabaceae,67,0.89,13.8,O,S,2,A,NA,20131217,499216.3588,8989009.002,
JAM_A02,T04,T04_P4,ANGELIM,Dinizia excelsa,Fabaceae,68,0.94,100,O,C,1,A,NA,20131217,499208.7121,8988995.787,
JAM_A02,T04,T04_P4,GOIABAO,Pradosia praealta,Sapotaceae,86a,0.73,42.3,O,C,2,A,NA,20131217,499201.1324,8988992.361,
JAM_A02,T04,T04_P4,GUARIUBA,Clarisia racemosa,Moraceae,87a,0.59,59.2,O,C,1,A,NA,20131217,499193.6885,8988987.945,
JAM_A02,T04,T04_P4,MORTA,NA,NA,69,NA,35.9,O,NA,NA,D,3,20131217,499196.6358,8988981.123,
JAM_A02,T04,T04_P4,ACARIQUARANA,Rinorea guianensis,Violaceae,70,0.78,50.1,O,S,2,A,NA,20131217,499181.9793,8988985.283,
JAM_A02,T04,T04_P4,LOURO PIMENTA,Ocotea canaliculata,Lauraceae,71,0.48,42,O,C,2,A,NA,20131217,499187.6025,8988973.621,
JAM_A02,T04,T04_P4,CASCA SECA,Licania canescens,Chrysobalanaceae,72,0.88,46.1,O,C,1,A,NA,20131217,499178.1139,8988962.099,
JAM_A02,T04,T04_P4,INHARE,Helicostylis sp.,Moraceae,73,0.65,44.4,O,C,2,A,NA,20131217,499183.6491,8988958.42,
JAM_A02,T04,T04_P4,ROXINHO,Peltogyne leicointei,Fabaceae,74,0.80,36.4,O,C,1,A,NA,20131217,499193.0018,8988970.932,
JAM_A02,T04,T04_P4,GUARIUBA,Clarisia racemosa,Moraceae,75,0.59,53.2,O,C,2,A,NA,20131217,499199.719,8988973.311,
JAM_A02,T04,T04_P4,ROXINHO,Peltogyne leicointei,Fabaceae,76,0.80,37.6,O,C,2,A,NA,20131217,499200.6217,8988959.384,
JAM_A02,T04,T04_P4,INHARE,Helicostylis sp.,Moraceae,77,0.65,39.8,O,C,2,A,NA,20131217,499202.6185,8988959.497,
JAM_A02,T04,T04_P4,TAUARI,Couratari stellata,Lecythidaceae,78,0.63,78.5,O,E,1,A,NA,20131217,499223.4967,8988968.67,
JAM_A02,T04,T04_P4,UCUUBA BRANCA,Virola crebrinervia,Myristicaceae,79,0.50,51,O,C,2,A,NA,20131217,499224.3593,8988969.718,
JAM_A02,T04,T04_P4,MORTA,NA,NA,80,NA,59,O,NA,NA,D,3,20131217,499224.7266,8988981.72,
JAM_A02,T05,T05_P1,A큞ITA CAVALO,Luehea speciosa,Malvaceae,1,0.51,19.9,O,S,2,A,NA,20131215,498840.0732,8987965.526,
JAM_A02,T05,T05_P1,ANGELIM RAJADO,Zygia racemosa,Fabaceae,2,0.75,30.1,O,C,2,A,NA,20131215,498840.6286,8987964.846,
JAM_A02,T05,T05_P1,LACRAO,Vismia floribunda,Hypericaceae,3,0.47,61.2,O,C,1,A,NA,20131215,498839.348,8987949.508,
JAM_A02,T05,T05_P1,PINTADINHO,Poeppigia sp.,Fabaceae,4,0.69,40,O,C,1,A,NA,20131215,498843.1068,8987952.637,
JAM_A02,T05,T05_P1,BREU BARROTE,Tetragastris panamensis,Burseraceae,5,0.73,22,O,S,2,A,NA,20131215,498846.6887,8987964.256,
JAM_A02,T05,T05_P1,INHARE,Helicostylis sp.,Moraceae,6,0.65,16.5,O,S,2,A,NA,20131215,498852.6453,8987964.962,
JAM_A02,T05,T05_P1,TIMBORANA,Pseudopiptadenia suaveolens,Fabaceae,7,0.68,19.6,O,S,2,A,NA,20131215,498853.145,8987964.98,
JAM_A02,T05,T05_P1,ANGELIM PEDRA,Hymenolobium petraeum,Fabaceae,142a,0.71,85.6,O,E,1,A,NA,20131215,498855.984,8987967.077,
JAM_A02,T05,T05_P1,TAXI BRANCO,Tachigali paniculata,Fabaceae,8,0.56,10.8,O,S,2,A,NA,20131215,498859.1812,8987964.689,
JAM_A02,T05,T05_P1,MAPATIRANA,Pourouma minor,Urticaceae,9,0.44,15.5,O,S,2,A,NA,20131215,498859.6818,8987967.205,
JAM_A02,T05,T05_P1,ANGELIM PEDRA,Hymenolobium petraeum,Fabaceae,141a,0.71,80,O,C,1,A,NA,20131215,498861.6974,8987958.279,
JAM_A02,T05,T05_P1,LOURO,Ocotea sp.,Lauraceae,10,0.50,10.1,O,S,2,A,NA,20131215,498864.6629,8987967.578,
JAM_A02,T05,T05_P1,BREU,Protium hepytaphillum ,Burseraceae,11,0.63,24.9,O,S,2,A,NA,20131215,498870.4514,8987967.878,
JAM_A02,T05,T05_P1,TAXI VERMELHO,Tachigali alba,Fabaceae,12,0.56,11.5,O,S,2,A,NA,20131215,498869.4352,8987965.544,
JAM_A02,T05,T05_P1,UCUUBA BRANCA,Virola crebrinervia,Myristicaceae,13,0.50,74.1,O,E,1,A,NA,20131215,498872.85,8987956.666,
JAM_A02,T05,T05_P1,ANGELIM PEDRA,Hymenolobium petraeum,Fabaceae,20a,0.71,58.5,O,C,1,A,NA,20131215,498875.0876,8987953.745,
JAM_A02,T05,T05_P1,INGA VERMELHO,Inga alba,Fabaceae,21a,0.59,42,O,C,2,A,NA,20131215,498881.8446,8987956.977,
JAM_A02,T05,T05_P1,MORTA,NA,NA,22a,NA,53,O,NA,NA,D,4,20131215,498883.8434,8987957.047,
JAM_A02,T05,T05_P1,ABIURANA VERMELHA,Pouteria gongrijpii,Sapotaceae,14,0.80,42.1,O,C,2,A,NA,20131215,498884.9136,8987931.094,
JAM_A02,T05,T05_P1,TAXI VERMELHO,Tachigali alba,Fabaceae,15,0.56,48,O,C,2,A,NA,20131215,498868.6844,8987933.531,
JAM_A02,T05,T05_P1,INHARE,Helicostylis sp.,Moraceae,16,0.65,49.7,O,C,2,A,NA,20131215,498866.0842,8987928.443,
JAM_A02,T05,T05_P1,ENVIRA PRETA,Guatteria schomburgkiana,Annonaceae,17,0.60,43.2,O,C,2,A,NA,20131215,498863.6874,8987933.358,
JAM_A02,T05,T05_P2,URUCURANA,Sloanea guianensis,Elaeocarpaceae,18,0.82,18.1,O,S,2,A,NA,20131215,498984.5582,8987975.224,
JAM_A02,T05,T05_P2,SUCUPIRA PRETA,Bowdichia nitida,Fabaceae,19,0.81,19.2,O,S,1,A,NA,20131215,498992.7789,8987973.823,
JAM_A02,T05,T05_P2,TAUARI,Couratari stellata,Lecythidaceae,20,0.63,36.7,O,E,1,A,NA,20131215,499000.092,8987955.166,
JAM_A02,T05,T05_P2,LOURO PRETO,Nectandra cuspidata,Lauraceae,21,0.56,18.1,O,S,2,A,NA,20131215,498997.3853,8987973.347,
JAM_A02,T05,T05_P2,INHARE,Helicostylis sp.,Moraceae,22,0.65,14.8,O,S,2,A,NA,20131215,499000.5036,8987972.197,
JAM_A02,T05,T05_P2,BREU DE LEITE,Thyrsodium paraense,Anacardiaceae,23,0.61,11,O,S,2,A,NA,20131215,499002.7502,8987975.309,
JAM_A02,T05,T05_P2,TANIMBUCA AMARELA,Buchenavia congesta,Combretaceae,24,0.71,55,O,C,2,A,NA,20131215,499005.3318,8987970.431,
JAM_A02,T05,T05_P2,PINTADINHO,Poeppigia sp.,Fabaceae,25,0.69,18.1,O,S,2,A,NA,20131215,499007.255,8987974.928,
JAM_A02,T05,T05_P2,GUARIUBA,Clarisia racemosa,Moraceae,26,0.59,20.8,O,S,2,A,NA,20131215,499013.0295,8987976.31,
JAM_A02,T05,T05_P2,INHARE,Helicostylis sp.,Moraceae,27,0.65,13.9,O,S,2,A,NA,20131215,499013.3461,8987975.324,
JAM_A02,T05,T05_P2,ACARIQUARA,Minquartia guianensis,Olacaceae,28,0.77,11.2,O,S,2,A,NA,20131215,499013.2496,8987975.119,
JAM_A02,T05,T05_P2,BREU BARROTE,Tetragastris panamensis,Burseraceae,29,0.73,36.3,O,S,2,A,NA,20131215,499012.8567,8987968.796,
JAM_A02,T05,T05_P2,BREU MANGA,Tetragastris altissima,Burseraceae,117a,0.71,70,O,C,1,A,NA,20131215,499014.8375,8987969.893,
JAM_A02,T05,T05_P2,INHARE,Helicostylis sp.,Moraceae,30,0.65,42.1,O,C,2,A,NA,20131215,499015.1693,8987973.912,
JAM_A02,T05,T05_P2,INGA VERMELHO,Inga alba,Fabaceae,31,0.59,37.4,O,C,2,A,NA,20131215,499014.7123,8987977.292,
JAM_A02,T05,T05_P2,MORTA,NA,NA,32,NA,27.5,O,NA,NA,D,4,20131215,499018.7735,8987973.587,
JAM_A02,T05,T05_P2,MUIRATINGA,Maquira sclerophylla,Moraceae,33,0.53,40,O,C,2,A,NA,20131215,499026.114,8987976.947,
JAM_A02,T05,T05_P2,MAPATIRANA,Pourouma minor,Urticaceae,42a,0.44,43.8,O,C,2,A,NA,20131215,499020.4494,8987963.162,
JAM_A02,T05,T05_P2,MAPATIRANA,Pourouma minor,Urticaceae,34,0.44,47.1,O,C,2,A,NA,20131215,499020.534,8987958.162,
JAM_A02,T05,T05_P2,TIMBORANA,Pseudopiptadenia suaveolens,Fabaceae,35,0.68,43,O,C,2,A,NA,20131215,499016.293,8987942.946,
JAM_A02,T05,T05_P2,ABIURANA BRANCA,Pouteria guianensis,Sapotaceae,36,0.93,49.8,O,C,2,A,NA,20131215,499030.4626,8987932.628,
JAM_A02,T05,T05_P2,MAPATIRANA,Pourouma minor,Urticaceae,37,0.44,43.5,O,C,2,A,NA,20131215,499012.1624,8987950.75,
JAM_A02,T05,T05_P2,TATAPIRIRICA,Tapirira guianensis,Anacardiaceae,38,0.46,41.2,O,C,2,A,NA,20131215,499011.1805,8987949.702,
JAM_A02,T05,T05_P2,GUARIUBA,Clarisia racemosa,Moraceae,39,0.59,44.9,O,C,1,A,NA,20131215,499012.3824,8987937.752,
JAM_A02,T05,T05_P2,TAUARI,Couratari stellata,Lecythidaceae,40,0.63,54.4,O,C,2,A,NA,20131215,499003.5452,8987928.316,
JAM_A02,T05,T05_P2,MAPATIRANA,Pourouma minor,Urticaceae,41,0.44,38.4,O,C,2,A,NA,20131215,498996.2659,8987944.973,
JAM_A02,T05,T05_P2,TAUARI,Couratari stellata,Lecythidaceae,42,0.63,35.6,O,C,2,A,NA,20131215,498999.2286,8987947.118,
JAM_A02,T05,T05_P2,ENVIRA PRETA,Guatteria schomburgkiana,Annonaceae,43,0.60,37.4,O,C,1,A,NA,20131215,498986.5146,8987930.489,
JAM_A02,T05,T05_P3,TAXI VERMELHO,Tachigali alba,Fabaceae,44,0.56,10,O,S,2,A,NA,20131215,499133.1693,8987984.17,
JAM_A02,T05,T05_P3,BREU BARROTE,Tetragastris panamensis,Burseraceae,45,0.73,10.9,O,S,2,A,NA,20131215,499133.9365,8987985.794,
JAM_A02,T05,T05_P3,FAVA AMARGOSA,Vataireopsis speciosa,Fabaceae,46,0.65,21,O,S,2,A,NA,20131215,499135.5778,8987985.324,
JAM_A02,T05,T05_P3,FAVA FOLHA FINA,Parkia sp.,Fabaceae,47,0.45,26.7,O,S,2,A,NA,20131215,499135.495,8987981.48,
JAM_A02,T05,T05_P3,INHARE,Helicostylis sp.,Moraceae,48,0.65,14.1,O,S,2,A,NA,20131215,499142.2507,8987986.991,
JAM_A02,T05,T05_P3,ROXINHO,Peltogyne leicointei,Fabaceae,49,0.80,40.7,O,E,1,A,NA,20131215,499144.8984,8987987.675,
JAM_A02,T05,T05_P3,INHARE,Helicostylis sp.,Moraceae,50,0.65,33.5,O,S,2,A,NA,20131215,499145.1208,8987984.985,
JAM_A02,T05,T05_P3,CARAPANAUBA,Aspidosperma nitidum,Apocynaceae,51,0.76,61.6,O,E,1,A,NA,20131215,499147.7847,8987983.049,
JAM_A02,T05,T05_P3,MATAMATA,Eschweilera parviflora,Lecythidaceae,52,0.89,61.3,O,C,1,A,NA,20131215,499150.647,8987984.772,
JAM_A02,T05,T05_P3,BABA큣,Attalea speciosa,Arecaceae,53,0.33,26,P,S,2,A,NA,20131215,499151.8514,8987987.165,
JAM_A02,T05,T05_P3,ANANI,Symphonia globulifera,Clusiaceae,54,0.60,14.7,O,S,2,A,NA,20131215,499155.497,8987986.681,
JAM_A02,T05,T05_P3,TAUARI,Couratari stellata,Lecythidaceae,55,0.63,39.5,O,S,2,A,NA,20131215,499164.1819,8987983.394,
JAM_A02,T05,T05_P3,TAXI VERMELHO,Tachigali alba,Fabaceae,56,0.56,24.4,O,S,2,A,NA,20131215,499169.6263,8987990.23,
JAM_A02,T05,T05_P3,QUARUBA,Vochysia guianensis,Vochysiaceae,57,0.51,15.6,O,S,2,A,NA,20131215,499173.0161,8987989.205,
JAM_A02,T05,T05_P3,INGA,Inga marginata,Fabaceae,58,0.57,12.6,O,S,2,A,NA,20131215,499176.7195,8987989.235,
JAM_A02,T05,T05_P3,CASCA SECA,Licania canescens,Chrysobalanaceae,59,0.88,40.2,O,C,2,A,NA,20131215,499178.0548,8987980.351,
JAM_A02,T05,T05_P3,CASTANHEIRA,Bertholletia excelsa,Lecythidaceae,60,0.64,125,O,E,1,A,NA,20131215,499172.0313,8987956.288,
JAM_A02,T05,T05_P3,TANIBUCA,Terminalia amazonia,Combretaceae,61,0.68,90,O,E,1,A,NA,20131215,499169.6399,8987960.986,
JAM_A02,T05,T05_P3,INHARE,Helicostylis sp.,Moraceae,62,0.65,36,O,C,1,A,NA,20131215,499159.1642,8987954.434,
JAM_A02,T05,T05_P3,TAXI PRETO,Tachigali myrmecophila,Fabaceae,63,0.53,45,O,C,2,A,NA,20131215,499160.3187,8987952.584,
JAM_A02,T05,T05_P3,SUCUPIRA PELE DE SAPO,NI,NI,64,0.64,41,O,C,2,A,NA,20131215,499156.8551,8987958.136,
JAM_A02,T05,T05_P3,GUARIUBA,Clarisia racemosa,Moraceae,68a,0.59,58.2,O,C,1,A,NA,20131215,499151,8987968.385,
JAM_A02,T05,T05_P3,TANGIRANA,NI,NI,65,0.64,52.6,O,C,1,A,NA,20131215,499148.2766,8987952.866,
JAM_A02,T05,T05_P4,TAUARI,Couratari stellata,Lecythidaceae,66,0.63,18.9,O,S,2,A,NA,20131215,499279.6623,8988002.401,
JAM_A02,T05,T05_P4,MORTA,NA,NA,67,NA,46.6,O,NA,NA,D,1,20131215,499280.285,8987998.45,
JAM_A02,T05,T05_P4,TAXI VERMELHO,Tachigali alba,Fabaceae,68,0.56,62.4,O,E,1,A,NA,20131215,499286.9002,8987989.976,
JAM_A02,T05,T05_P4,BREU BARROTE,Tetragastris panamensis,Burseraceae,69,0.73,33.5,O,S,2,A,NA,20131215,499288.1447,8988004.412,
JAM_A02,T05,T05_P4,ANGELIM RAJADO,Zygia racemosa,Fabaceae,70,0.75,14.6,O,S,2,A,NA,20131215,499294.0342,8988001.163,
JAM_A02,T05,T05_P4,UCUUBA VERMELHA,Virola elongata,Myristicaceae,71,0.52,10.8,O,S,2,A,NA,20131215,499295.7281,8987999.72,
JAM_A02,T05,T05_P4,MORTA,NA,NA,72,NA,17.9,O,NA,NA,D,3,20131215,499297.7636,8987999.212,
JAM_A02,T05,T05_P4,INHARE,Helicostylis sp.,Moraceae,73,0.65,11.8,O,S,2,A,NA,20131215,499303.2292,8987999.893,
JAM_A02,T05,T05_P4,BREU BARROTE,Tetragastris panamensis,Burseraceae,74,0.73,38.6,O,S,2,A,NA,20131215,499299.3009,8988001.865,
JAM_A02,T05,T05_P4,TAUARI,Couratari stellata,Lecythidaceae,75,0.63,45.8,O,C,1,A,NA,20131215,499301.6694,8987980.634,
JAM_A02,T05,T05_P4,BREU BARROTE,Tetragastris panamensis,Burseraceae,76,0.73,45,O,C,2,A,NA,20131215,499307.7312,8987973.191,
JAM_A02,T05,T05_P4,PARICARANA,Dimorphandra macrostachya,Fabaceae,77,0.60,40.9,O,C,1,A,NA,20131215,499316.4295,8987980.035,
JAM_A02,T05,T05_P4,PENTE DE MACACO,Apeiba echinata,Malvaceae,78,0.28,55,O,C,1,A,NA,20131215,499310.0564,8987989.454,
JAM_A02,T05,T05_P4,ABIURANA VERMELHA,Pouteria gongrijpii,Sapotaceae,79,0.80,17.1,O,S,2,A,NA,20131215,499313.6738,8987997.519,
JAM_A02,T05,T05_P4,TANGIRANA,NI,NI,80,0.64,65.9,O,C,1,A,NA,20131215,499319.3644,8987994.291,
JAM_A02,T05,T05_P4,MORTA,NA,NA,81,NA,53.4,O,NA,NA,D,3,20131215,499327.7496,8987951.636,
JAM_A02,T05,T05_P4,BREU BARROTE,Tetragastris panamensis,Burseraceae,82,0.73,41.5,O,S,2,A,NA,20131215,499295.4622,8987957.985,
JAM_A02,T05,T05_P4,MUIRAPIRANGA,Brosimum rubescens,Moraceae,83,0.83,44.9,O,S,2,A,NA,20131215,499292.479,8987958.303,
JAM_A02,T05,T05_P4,TAUARI,Couratari stellata,Lecythidaceae,84,0.63,134,O,E,1,A,NA,20131215,499287.6275,8987970.474,
JAM_A02,T05,T05_P4,INHARE,Helicostylis sp.,Moraceae,85,0.65,36.6,O,C,2,A,NA,20131215,499290.3596,8987977.953,
JAM_A02,T06,T06_P1,ENVIRA PRETA,Guatteria schomburgkiana,Annonaceae,1,0.60,39.5,O,C,2,A,NA,20131213,498804.5145,8986951.616,
JAM_A02,T06,T06_P1,PENTE DE MACACO,Apeiba echinata,Malvaceae,2,0.28,20.4,O,C,2,A,NA,20131213,498807.9328,8986957.087,
JAM_A02,T06,T06_P1,ABIURANA VERMELHA,Pouteria gongrijpii,Sapotaceae,3,0.80,55.7,O,C,2,A,NA,20131213,498810.7584,8986959.158,
JAM_A02,T06,T06_P1,SABUEIRO,Abarema jupunba,Fabaceae,4,0.59,20.6,O,S,2,A,NA,20131213,498812.7191,8986959.173,
JAM_A02,T06,T06_P1,TIMBORANA,Pseudopiptadenia suaveolens,Fabaceae,5,0.68,18.3,O,S,2,A,NA,20131213,498816.0544,8986957.427,
JAM_A02,T06,T06_P1,INGA,Inga marginata,Fabaceae,6,0.57,17.5,O,S,2,A,NA,20131213,498827.4791,8986960.066,
JAM_A02,T06,T06_P1,BREU,Protium hepytaphillum ,Burseraceae,7,0.63,14.5,O,S,2,A,NA,20131213,498829.1798,8986962.951,
JAM_A02,T06,T06_P1,LOURO ABACATE,Ocotea glomerata,Lauraceae,8,0.51,40.5,O,C,2,A,NA,20131213,498831.4409,8986961.122,
JAM_A02,T06,T06_P1,UXIRANA,Sacoglottis guianensis,Humiriaceae,147a,0.84,70,O,C,1,A,NA,20131213,498832.2621,8986955.26,
JAM_A02,T06,T06_P1,MATAMATA,Eschweilera parviflora,Lecythidaceae,15a,0.89,39,O,C,1,A,NA,20131213,498837.4398,8986955.626,
JAM_A02,T06,T06_P1,MORTA,NA,NA,9,NA,68,O,NA,NA,D,4,20131213,498838.9779,8986963.13,
JAM_A02,T06,T06_P1,UXI,Endopleura uchi,Humiriaceae,10,0.77,55.7,O,C,1,A,NA,20131213,498838.5105,8986936.656,
JAM_A02,T06,T06_P1,TAUARI,Couratari stellata,Lecythidaceae,11,0.63,43.5,O,C,1,A,NA,20131213,498842.8829,8986928.701,
JAM_A02,T06,T06_P1,UXIRANA,Sacoglottis guianensis,Humiriaceae,12,0.84,44.1,O,E,1,A,NA,20131213,498838.3332,8986922.421,
JAM_A02,T06,T06_P1,TAUARI,Couratari stellata,Lecythidaceae,13,0.63,70,O,E,1,A,NA,20131213,498832.7128,8986935.111,
JAM_A02,T06,T06_P1,MATAMATA VERMELHO,Eschweilera grandifolia,Lecythidaceae,14,0.88,40.2,O,C,1,A,NA,20131213,498813.3226,8986913.73,
JAM_A02,T06,T06_P1,JATAUA,Trichilia micrantha,Meliaceae,15,0.61,73.8,O,E,1,A,NA,20131213,498812.2999,8986914.471,
JAM_A02,T06,T06_P1,ABIURANA,Pouteria gongrijpii,Sapotaceae,16,0.80,50,O,C,2,A,NA,20131213,498804.8033,8986925.648,
JAM_A02,T06,T06_P1,SUCUPIRA PRETA,Bowdichia nitida,Fabaceae,17,0.81,41.1,O,C,2,A,NA,20131213,498802.7017,8986928.128,
JAM_A02,T06,T06_P1,MORTA,NA,NA,18,NA,35.5,O,NA,NA,D,1,20131213,498801.1155,8986938.853,
JAM_A02,T06,T06_P1,BREU BARROTE,Tetragastris panamensis,Burseraceae,19,0.73,35,O,C,2,A,NA,20131213,498817.5987,8986942.232,
JAM_A02,T06,T06_P2,ENVIRA CHEIROSA,Fusaea longifolia,Annonaceae,20,0.74,35.5,O,S,2,A,NA,20131213,498943.2336,8986959.671,
JAM_A02,T06,T06_P2,A큐I,Euterpe oleracea,Arecaceae,21,0.41,13.1,P,S,2,A,NA,20131213,498951.4241,8986966.444,
JAM_A02,T06,T06_P2,IPE AMARELO,Handroanthus serratifolius,Bignoniaceae,122a,0.64,45.5,O,E,1,A,NA,20131213,498957.1675,8986958.935,
JAM_A02,T06,T06_P2,PENTE DE MACACO,Apeiba echinata,Malvaceae,31a,0.28,73,O,C,1,A,NA,20131213,498957.956,8986956.999,
JAM_A02,T06,T06_P2,URUCURANA,Sloanea guianensis,Elaeocarpaceae,22,0.82,62,O,C,2,A,NA,20131213,498950.4969,8986934.227,
JAM_A02,T06,T06_P2,MUIRATINGA,Maquira sclerophylla,Moraceae,23,0.53,18.1,O,S,2,A,NA,20131213,498960.4946,8986969.28,
JAM_A02,T06,T06_P2,MUIRATINGA,Maquira sclerophylla,Moraceae,24,0.53,23.3,O,S,2,A,NA,20131213,498964.227,8986969.119,
JAM_A02,T06,T06_P2,CEDROARANA,Cedrelinga cateniformis,Fabaceae,25,0.50,65.6,O,E,1,A,NA,20131213,498974.0767,8986955.458,
JAM_A02,T06,T06_P2,TAXI BRANCO,Tachigali paniculata,Fabaceae,26,0.56,45.1,O,C,2,A,NA,20131213,498979.4584,8986956.954,
JAM_A02,T06,T06_P2,MATAMATA VERMELHO,Eschweilera grandifolia,Lecythidaceae,27,0.88,57.7,O,C,2,A,NA,20131213,498980.791,8986971.334,
JAM_A02,T06,T06_P2,BREU,Protium hepytaphillum ,Burseraceae,28,0.63,13.1,O,S,2,A,NA,20131213,498985.7813,8986969.581,
JAM_A02,T06,T06_P2,TAXI VERMELHO,Tachigali alba,Fabaceae,29,0.56,13.5,O,S,2,A,NA,20131213,498989.4359,8986972.324,
JAM_A02,T06,T06_P2,EMBAUBA TOREN,Cecropia engleriana,Urticaceae,30,0.49,62.9,O,E,1,A,NA,20131213,498994.6012,8986935.241,
JAM_A02,T06,T06_P3,MORTA,NA,NA,55a,NA,76.3,O,NA,NA,D,1,20131213,499094.9562,8986961.469,
JAM_A02,T06,T06_P3,BREU BARROTE,Tetragastris panamensis,Burseraceae,31,0.73,13.2,O,S,2,A,NA,20131213,499094.5038,8986976.437,
JAM_A02,T06,T06_P3,ACARIQUARA,Minquartia guianensis,Olacaceae,32,0.77,41.1,O,C,2,A,NA,20131213,499095.8135,8986977.054,
JAM_A02,T06,T06_P3,MUIRATINGA,Maquira sclerophylla,Moraceae,33,0.53,11.4,O,S,2,A,NA,20131213,499095.1946,8986978.3,
JAM_A02,T06,T06_P3,INHARE,Helicostylis sp.,Moraceae,34,0.65,37.8,O,C,2,A,NA,20131213,499111.9692,8986977.787,
JAM_A02,T06,T06_P3,MUIRACATIARA,Astronium gracile,Anacardiaceae,35,0.73,27.6,O,C,2,A,NA,20131213,499112.1237,8986981.003,
JAM_A02,T06,T06_P3,CATUABA,Abuta grandifolia,Menispermaceae,36,0.45,110,O,E,1,A,NA,20131213,499119.9579,8986963.688,
JAM_A02,T06,T06_P3,TAXI VERMELHO,Tachigali alba,Fabaceae,37,0.56,57.8,O,C,1,A,NA,20131213,499126.1256,8986957.231,
JAM_A02,T06,T06_P3,CUMARU,Dipteryx odorata,Fabaceae,38,0.92,58,O,C,1,A,NA,20131213,499121.2393,8986976.809,
JAM_A02,T06,T06_P3,INHARE,Helicostylis sp.,Moraceae,39,0.65,19.3,O,S,2,A,NA,20131213,499123.0066,8986979.467,
JAM_A02,T06,T06_P3,INHARE,Helicostylis sp.,Moraceae,40,0.65,27.1,O,S,2,A,NA,20131213,499125.9462,8986979.428,
JAM_A02,T06,T06_P3,COPAIBA,Copaifera reticulata,Fabaceae,41,0.61,28.8,O,S,2,A,NA,20131213,499135.6674,8986982.292,
JAM_A02,T06,T06_P3,SUCUPIRA TENTO,Ormosia nobilis,Fabaceae,42,0.58,69.7,O,E,1,A,NA,20131213,499141.8286,8986977.635,
JAM_A02,T06,T06_P3,TAXI VERMELHO,Tachigali alba,Fabaceae,43,0.56,42,O,C,1,A,NA,20131213,499134.56,8986966.985,
JAM_A02,T06,T06_P3,BREU BARROTE,Tetragastris panamensis,Burseraceae,44,0.73,54.8,O,S,2,A,NA,20131213,499145.7513,8986948.967,
JAM_A02,T06,T06_P3,PINTADINHO,Poeppigia sp.,Fabaceae,45,0.69,48.3,O,C,1,A,NA,20131213,499145.0944,8986946.908,
JAM_A02,T06,T06_P3,MORTA,NA,NA,46,NA,49.8,O,NA,NA,D,3,20131213,499137.8042,8986942.259,
JAM_A02,T06,T06_P3,ACARIQUARA,Minquartia guianensis,Olacaceae,47,0.77,47.4,O,S,2,A,NA,20131213,499137.9306,8986953.276,
JAM_A02,T06,T06_P3,TAUARI,Couratari stellata,Lecythidaceae,48,0.63,46.1,O,C,2,A,NA,20131213,499118.2217,8986938.52,
JAM_A02,T06,T06_P4,BABA큣,Attalea speciosa,Arecaceae,49,0.33,26.6,P,S,2,A,NA,20131213,499257.0712,8986987.445,
JAM_A02,T06,T06_P4,BREU BARROTE,Tetragastris panamensis,Burseraceae,50,0.73,35.7,O,C,2,A,NA,20131213,499258.3227,8986991.055,
JAM_A02,T06,T06_P4,MORTA,NA,NA,51,NA,11.1,O,NA,NA,D,1,20131213,499259.6709,8986987.455,
JAM_A02,T06,T06_P4,MUIRATINGA,Maquira sclerophylla,Moraceae,52,0.53,15,O,S,1,A,NA,20131213,499271.6623,8986992.539,
JAM_A02,T06,T06_P4,ABIURANA VERMELHA,Pouteria gongrijpii,Sapotaceae,53,0.80,60,O,E,1,A,NA,20131213,499272.9284,8986981.213,
JAM_A02,T06,T06_P4,GOIABAO,Pradosia praealta,Sapotaceae,54,0.73,69,O,C,2,A,NA,20131213,499273.0518,8986978.216,
JAM_A02,T06,T06_P4,UCUUBA VERMELHA,Virola elongata,Myristicaceae,55,0.52,55.5,O,C,1,A,NA,20131213,499263.3724,8986970.413,
JAM_A02,T06,T06_P4,ROXINHO,Peltogyne leicointei,Fabaceae,56,0.80,80,O,C,1,A,NA,20131213,499264.2869,8986972.492,
JAM_A02,T06,T06_P4,ENVIRA PRETA,Guatteria schomburgkiana,Annonaceae,57,0.60,43.2,O,C,2,A,NA,20131213,499263.8247,8986959.422,
JAM_A02,T06,T06_P4,MORTA,NA,NA,58,NA,41,O,NA,NA,D,1,20131213,499263.9069,8986957.424,
JAM_A02,T06,T06_P4,COPAIBA,Copaifera reticulata,Fabaceae,59,0.61,91.5,O,E,1,A,NA,20131213,499280.44,8986968.791,
JAM_A02,T06,T06_P4,ROXINHO,Peltogyne leicointei,Fabaceae,60,0.80,39.2,O,S,2,A,NA,20131213,499281.3545,8986970.87,
JAM_A02,T06,T06_P4,CEDRO,Cedrela odorata,Meliaceae,61,0.43,53.2,O,S,2,A,NA,20131213,499285.3414,8986971.194,
JAM_A02,T06,T06_P4,FAVA AMARGOSA,Vataireopsis speciosa,Fabaceae,62,0.65,52,O,C,1,A,NA,20131213,499286.0404,8986954.208,
,,,,,,,,,,,,,,,,,
,,,,,,,,,,,,,,,,,
,,,,,,,,,,,,,,,,,
,,,,,,,,,,,,,,,,,
,,,,,,,,,,,,,,,,,
,,,,,,,,,,,,,,,,,
,,,,,,,,,,,,,,,,,
,,,,,,,,,,,,,,,,,
,,,,,,,,,,,,,,,,,
,,,,,,,,,,,,,,,,,
,,,,,,,,,,,,,,,,,
,,,,,,,,,,,,,,,,,
,,,,,,,,,,,,,,,,,
,,,,,,,,,,,,,,,,,
,,,,,,,,,,,,,,,,,
,,,,,,,,,,,,,,,,,
,,,,,,,,,,,,,,,,,
,,,,,,,,,,,,,,,,,
,,,,,,,,,,,,,,,,,
,,,,,,,,,,,,,,,,,
,,,,,,,,,,,,,,,,,
,,,,,,,,,,,,,,,,,
,,,,,,,,,,,,,,,,,
,,,,,,,,,,,,,,,,,
,,,,,,,,,,,,,,,,,
,,,,,,,,,,,,,,,,,
,,,,,,,,,,,,,,,,,
,,,,,,,,,,,,,,,,,
,,,,,,,,,,,,,,,,,
,,,,,,,,,,,,,,,,,
,,,,,,,,,,,,,,,,,
,,,,,,,,,,,,,,,,,
,,,,,,,,,,,,,,,,,
,,,,,,,,,,,,,,,,,
,,,,,,,,,,,,,,,,,
,,,,,,,,,,,,,,,,,
,,,,,,,,,,,,,,,,,
,,,,,,,,,,,,,,,,,
,,,,,,,,,,,,,,,,,
,,,,,,,,,,,,,,,,,
,,,,,,,,,,,,,,,,,
,,,,,,,,,,,,,,,,,
,,,,,,,,,,,,,,,,,
,,,,,,,,,,,,,,,,,
,,,,,,,,,,,,,,,,,
,,,,,,,,,,,,,,,,,
,,,,,,,,,,,,,,,,,
,,,,,,,,,,,,,,,,,
,,,,,,,,,,,,,,,,,
,,,,,,,,,,,,,,,,,
,,,,,,,,,,,,,,,,,
,,,,,,,,,,,,,,,,,
,,,,,,,,,,,,,,,,,
,,,,,,,,,,,,,,,,,
,,,,,,,,,,,,,,,,,
,,,,,,,,,,,,,,,,,
,,,,,,,,,,,,,,,,,
,,,,,,,,,,,,,,,,,
,,,,,,,,,,,,,,,,,
,,,,,,,,,,,,,,,,,
,,,,,,,,,,,,,,,,,
,,,,,,,,,,,,,,,,,
,,,,,,,,,,,,,,,,,
,,,,,,,,,,,,,,,,,
,,,,,,,,,,,,,,,,,
,,,,,,,,,,,,,,,,,
,,,,,,,,,,,,,,,,,
,,,,,,,,,,,,,,,,,
,,,,,,,,,,,,,,,,,
,,,,,,,,,,,,,,,,,
,,,,,,,,,,,,,,,,,
,,,,,,,,,,,,,,,,,
,,,,,,,,,,,,,,,,,
,,,,,,,,,,,,,,,,,
,,,,,,,,,,,,,,,,,
,,,,,,,,,,,,,,,,,
,,,,,,,,,,,,,,,,,
,,,,,,,,,,,,,,,,,
,,,,,,,,,,,,,,,,,
,,,,,,,,,,,,,,,,,
,,,,,,,,,,,,,,,,,
,,,,,,,,,,,,,,,,,
,,,,,,,,,,,,,,,,,
,,,,,,,,,,,,,,,,,
,,,,,,,,,,,,,,,,,
,,,,,,,,,,,,,,,,,
,,,,,,,,,,,,,,,,,
,,,,,,,,,,,,,,,,,
,,,,,,,,,,,,,,,,,
,,,,,,,,,,,,,,,,,
,,,,,,,,,,,,,,,,,
,,,,,,,,,,,,,,,,,
,,,,,,,,,,,,,,,,,
,,,,,,,,,,,,,,,,,
,,,,,,,,,,,,,,,,,
