Area,plot,tree,common_name,scienfic_name,family_name,WSD,DBH,BA,AGB,type,Dead,D_class,Hcom,Htot,RN,RS,RE,RW,Date,UTM Easting,UTM Northing
SFX_A03,P10,1,CACAU,Theobroma glaucum,Malvaceae,0.53,13.1,0.013478218,NA,O,A,NA,NA,NA,NA,NA,NA,NA,20120730,377007.7971,9284050.401
SFX_A03,P10,2,JOAO MOLE,Neea oppositifolia,Nyctaginaceae,0.89,22.7,0.040470782,NA,O,A,NA,NA,NA,NA,NA,NA,NA,20120730,377005.7971,9284046.801
SFX_A03,P10,3,TUCUMA,Astrocaryum aculeatum,Arecaceae,0.51,22.5,0.039760782,0.104212762,P,A,NA,NA,NA,NA,NA,NA,NA,20120730,377004.7971,9284038.201
SFX_A03,P10,4,INGA,Inga marginata,Fabaceae,0.57,16.2,0.020611989,NA,O,A,NA,NA,NA,NA,NA,NA,NA,20120730,377003.7971,9284033.201
SFX_A03,P10,5,INGA,Inga marginata,Fabaceae,0.57,16.5,0.021382465,NA,O,A,NA,NA,NA,NA,NA,NA,NA,20120730,376986.7971,9284032.201
SFX_A03,P10,6,BREU DE LEITE,Thyrsodium paraense,Anacardiaceae,0.61,12.1,0.011499015,NA,O,A,NA,NA,NA,NA,NA,NA,NA,20120730,376993.7971,9284030.801
SFX_A03,P10,7,CACAU,Theobroma glaucum,Malvaceae,0.53,14.4,0.016286016,NA,O,A,NA,NA,NA,NA,NA,NA,NA,20120730,377002.7971,9284031.201
SFX_A03,P10,8,INGA,Inga marginata,Fabaceae,0.57,22.1,0.038359632,0.131798296,O,A,NA,5.18,9.25,4.2,4.6,3.6,3.2,20120730,376998.7971,9284027.201
SFX_A03,P10,9,CACAU,Theobroma glaucum,Malvaceae,0.53,12.8,0.012867964,NA,O,A,NA,NA,NA,NA,NA,NA,NA,20120730,376994.7971,9284024.701
SFX_A03,P10,10,MUIRACATIARA,Astronium gracile,Anacardiaceae,0.73,11,0.009503318,NA,O,A,NA,NA,NA,NA,NA,NA,NA,20120730,377003.7971,9284026.401
SFX_A03,P10,11,TARUMA,Vitex triflora,Lamiaceae,0.56,12.8,0.012867964,NA,O,A,NA,NA,NA,NA,NA,NA,NA,20120730,376993.7971,9284019.201
SFX_A03,P10,12,PRATUDO,Simaba cedron,Simaroubaceae,0.47,13.6,0.014526724,NA,O,A,NA,NA,NA,NA,NA,NA,NA,20120730,377007.7971,9284013.201
SFX_A03,P10,13,MORTA,NA,NA,0.6,15.1,0.017907864,NA,O,D,1,NA,NA,NA,NA,NA,NA,20120730,377007.7971,9284015.401
SFX_A03,P10,14,PRATUDO,Simaba cedron,Simaroubaceae,0.47,13.9,0.015174678,NA,O,A,NA,NA,NA,NA,NA,NA,NA,20120730,377010.7971,9284011.201
SFX_A03,P10,15,CACAU,Theobroma glaucum,Malvaceae,0.53,12.5,0.012271846,NA,O,A,NA,NA,NA,NA,NA,NA,NA,20120730,377017.1971,9284055.901
SFX_A03,P10,16,BARROTE,Tetragastris altissima,Burseraceae,0.71,14.8,0.017203361,NA,O,A,NA,NA,NA,NA,NA,NA,NA,20120730,377018.0971,9284054.201
SFX_A03,P10,17,MORTA,NA,NA,0.6,24.1,0.045616711,NA,O,D,1,NA,NA,NA,NA,NA,NA,20120730,377018.7971,9284053.901
SFX_A03,P10,18,UCUUBA,Virola melinoni,Myristicaceae,0.48,11,0.009503318,NA,O,A,NA,NA,NA,NA,NA,NA,NA,20120730,377016.7971,9284051.201
SFX_A03,P10,19,MORTA,NA,NA,0.6,20.7,0.033653526,NA,O,D,1,NA,NA,NA,NA,NA,NA,20120730,377017.7971,9284050.801
SFX_A03,P10,20,NI,NI,NI,0.62,12.2,0.011689866,NA,O,A,NA,NA,NA,NA,NA,NA,NA,20120730,377021.7971,9284048.301
SFX_A03,P10,21,NI,NI,NI,0.62,11.4,0.010207035,NA,O,A,NA,NA,NA,NA,NA,NA,NA,20120730,377025.7971,9284045.201
SFX_A03,P10,22,PRATUDO,Simaba cedron,Simaroubaceae,0.47,10.3,0.008332289,NA,O,A,NA,NA,NA,NA,NA,NA,NA,20120730,377026.0971,9284044.901
SFX_A03,P10,23,MUTUTI,Pterocarpus sp.,Fabaceae,0.51,16,0.020106193,0.072880787,O,A,NA,10.92,10.92,2.6,0.3,0.4,0.5,20120730,377026.7971,9284044.501
SFX_A03,P10,24,TENTO,Ormosia grossa,Fabaceae,0.62,10,0.007853982,NA,O,A,NA,NA,NA,NA,NA,NA,NA,20120730,377015.1971,9284045.001
SFX_A03,P10,25,PAU SANTO,Zollernia paraensis,Fabaceae,0.99,10.5,0.008659015,NA,O,A,NA,NA,NA,NA,NA,NA,NA,20120730,377015.7971,9284040.001
SFX_A03,P10,26,INGA,Inga marginata,Fabaceae,0.57,31.5,0.077931133,0.673756977,O,A,NA,23.28,23.28,4.5,3.8,4.3,4.2,20120730,377018.7971,9284037.201
SFX_A03,P10,27,PATA DE VACA,Bauhinia forficata,Fabaceae,0.6,13.1,0.013478218,NA,O,A,NA,NA,NA,NA,NA,NA,NA,20120730,377017.7971,9284037.201
SFX_A03,P10,28,BURANGICA,Galipea trifoliata,NI,0.62,16.6,0.021642432,NA,O,A,NA,NA,NA,NA,NA,NA,NA,20120730,377029.7971,9284037.201
SFX_A03,P10,29,CACAU,Theobroma glaucum,Malvaceae,0.53,14.9,0.017436625,NA,O,A,NA,NA,NA,NA,NA,NA,NA,20120730,377033.7971,9284036.201
SFX_A03,P10,30,INAJA,Attalea maripa,Arecaceae,0.33,27.4,0.058964553,0.150252137,P,A,NA,NA,NA,NA,NA,NA,NA,20120730,377033.7971,9284035.201
SFX_A03,P10,31,MORTA,NA,NA,0.6,16.8,0.022167078,NA,O,D,1,NA,NA,NA,NA,NA,NA,20120730,377032.7971,9284034.201
SFX_A03,P10,32,CACAU,Theobroma glaucum,Malvaceae,0.53,11.6,0.010568318,NA,O,A,NA,NA,NA,NA,NA,NA,NA,20120730,377028.7971,9284038.201
SFX_A03,P10,33,NI,NI,NI,0.62,14.1,0.015614501,NA,O,A,NA,NA,NA,NA,NA,NA,NA,20120730,377028.7971,9284033.201
SFX_A03,P10,34,CACAU,Theobroma glaucum,Malvaceae,0.53,13.2,0.013684778,NA,O,A,NA,NA,NA,NA,NA,NA,NA,20120730,377038.7971,9284034.201
SFX_A03,P10,35,CANELA DE ANTA,NI,NI,0.62,11,0.009503318,0.023605566,O,A,NA,6.18,6.18,1.3,0.8,2.8,0.7,20120730,377039.7971,9284034.201
SFX_A03,P10,36,NI,NI,NI,0.62,16.8,0.022167078,NA,O,A,NA,NA,NA,NA,NA,NA,NA,20120730,377035.7971,9284031.201
SFX_A03,P10,37,MORTA,NA,NA,0.6,15.3,0.018385386,NA,O,D,1,NA,NA,NA,NA,NA,NA,20120730,377036.7971,9284030.301
SFX_A03,P10,38,NI,NI,NI,0.62,12.7,0.012667687,0.046738253,O,A,NA,9.18,9.18,2,0.7,1.1,1,20120730,377032.7971,9284030.501
SFX_A03,P10,39,MACUCU,Licania heteromorpha,Chrysobalanaceae,0.82,17.3,0.023506182,NA,O,A,NA,NA,NA,NA,NA,NA,NA,20120730,377031.7971,9284030.401
SFX_A03,P10,40,UCUUBA,Virola melinoni,Myristicaceae,0.48,13.1,0.013478218,NA,O,A,NA,NA,NA,NA,NA,NA,NA,20120730,377027.7971,9284030.501
SFX_A03,P10,41,CACAU,Theobroma glaucum,Malvaceae,0.53,14.3,0.016060607,NA,O,A,NA,NA,NA,NA,NA,NA,NA,20120730,377014.0971,9284030.201
SFX_A03,P10,42,SORVA,Couma guianensis,Apocynaceae,0.47,15.9,0.019855651,NA,O,A,NA,NA,NA,NA,NA,NA,NA,20120730,377019.7971,9284029.201
SFX_A03,P10,43,PARICARANA,Dimorphandra macrostachya,Fabaceae,0.6,10.7,0.008992024,NA,O,A,NA,NA,NA,NA,NA,NA,NA,20120730,377022.7971,9284028.101
SFX_A03,P10,44,INAJA,Attalea maripa,Arecaceae,0.33,32.7,0.08398184,0.208656993,P,A,NA,NA,NA,NA,NA,NA,NA,20120730,377026.7971,9284028.201
SFX_A03,P10,45,PEDRA UMI,NI,NI,0.62,14,0.015393804,NA,O,A,NA,NA,NA,NA,NA,NA,NA,20120730,377030.7971,9284027.201
SFX_A03,P10,46,CACAU,Theobroma glaucum,Malvaceae,0.53,11.2,0.009852035,NA,O,A,NA,NA,NA,NA,NA,NA,NA,20120730,377035.7971,9284026.201
SFX_A03,P10,47,CACAU,Theobroma glaucum,Malvaceae,0.53,14.4,0.016286016,0.047363483,O,A,NA,8.47,8.47,NA,NA,NA,NA,20120730,377034.7971,9284024.201
SFX_A03,P10,48,PRATUDO,Simaba cedron,Simaroubaceae,0.47,11.7,0.010751315,NA,O,A,NA,NA,NA,NA,NA,NA,NA,20120730,377021.7971,9284026.201
SFX_A03,P10,49,PARICARANA,Dimorphandra macrostachya,Fabaceae,0.6,25.7,0.051874763,NA,O,A,NA,NA,NA,NA,NA,NA,NA,20120730,377016.7971,9284024.701
SFX_A03,P10,50,PRATUDO,Simaba cedron,Simaroubaceae,0.47,13.1,0.013478218,NA,O,A,NA,NA,NA,NA,NA,NA,NA,20120730,377015.5971,9284021.201
SFX_A03,P10,51,MORTA,NA,NA,0.6,15.9,0.019855651,NA,O,D,1,NA,NA,NA,NA,NA,NA,20120730,377018.7971,9284018.201
SFX_A03,P10,52,CACAU,Theobroma glaucum,Malvaceae,0.53,11.2,0.009852035,NA,O,A,NA,NA,NA,NA,NA,NA,NA,20120730,377022.7971,9284019.201
SFX_A03,P10,53,FAVA MARIMARI,Cassia fastuosa,Fabaceae,0.81,17.2,0.023235219,NA,O,A,NA,NA,NA,NA,NA,NA,NA,20120730,377024.7971,9284017.201
SFX_A03,P10,54,PRATUDO,Simaba cedron,Simaroubaceae,0.47,10.1,0.008011847,NA,O,A,NA,NA,NA,NA,NA,NA,NA,20120730,377020.7971,9284013.201
SFX_A03,P10,55,MARAMARA,Miconia pyrifolia,Melastomataceae,0.63,15.7,0.019359279,NA,O,A,NA,NA,NA,NA,NA,NA,NA,20120730,377017.7971,9284011.201
SFX_A03,P10,56,INAJA,Attalea maripa,Arecaceae,0.33,32,0.080424772,0.200438567,P,A,NA,NA,NA,NA,NA,NA,NA,20120730,377013.9971,9284013.201
SFX_A03,P11,1,JUREMA,Mimosa hostilis,Fabaceae,0.45,12.5,0.012271846,NA,O,A,NA,NA,NA,NA,NA,NA,NA,20120730,377035.7777,9284221.563
SFX_A03,P11,2,CASTANHEIRA,Bertholletia excelsa,Lecythidaceae,0.64,11.1,0.009676891,NA,O,A,NA,NA,NA,NA,NA,NA,NA,20120730,377037.7777,9284219.863
SFX_A03,P11,3,CACAU,Theobroma glaucum,Malvaceae,0.53,14.1,0.015614501,NA,O,A,NA,NA,NA,NA,NA,NA,NA,20120730,377040.7777,9284218.863
SFX_A03,P11,4,NI,NI,NI,0.62,13.5,0.014313882,NA,O,A,NA,NA,NA,NA,NA,NA,NA,20120730,377030.7777,9284216.263
SFX_A03,P11,5,MORTA,NA,NA,0.58,17.2,0.023235219,NA,O,D,3,NA,NA,NA,NA,NA,NA,20120730,377038.7777,9284212.163
SFX_A03,P11,6,PRATUDO,Simaba cedron,Simaroubaceae,0.47,14.4,0.016286016,NA,O,A,NA,NA,NA,NA,NA,NA,NA,20120730,377034.7777,9284211.563
SFX_A03,P11,7,CAPUEIRO,Rinorea guianensis,Violaceae,0.78,10.8,0.009160884,NA,O,A,NA,NA,NA,NA,NA,NA,NA,20120730,377033.7777,9284208.863
SFX_A03,P11,8,JOAO MOLE,Neea oppositifolia,Nyctaginaceae,0.89,15.2,0.018145839,NA,O,A,NA,NA,NA,NA,NA,NA,NA,20120730,377036.7777,9284208.863
SFX_A03,P11,9,CUTITIRIBA,Pouteria sp.,Sapotaceae,0.78,13.1,0.013478218,NA,O,A,NA,NA,NA,NA,NA,NA,NA,20120730,377040.7777,9284206.563
SFX_A03,P11,10,BURANGICA,Galipea trifoliata,NI,0.62,11.1,0.009676891,NA,O,A,NA,NA,NA,NA,NA,NA,NA,20120730,377022.7777,9284205.863
SFX_A03,P11,11,BREU,Protium heptaphyllum,Burseraceae,0.62,15.9,0.019855651,NA,O,A,NA,NA,NA,NA,NA,NA,NA,20120730,377016.7777,9284204.863
SFX_A03,P11,12,JOAO MOLE,Neea oppositifolia,Nyctaginaceae,0.89,30.4,0.072583357,NA,O,A,NA,NA,NA,NA,NA,NA,NA,20120730,377015.7777,9284203.863
SFX_A03,P11,13,MORTA,NA,NA,0.58,24.9,0.048695472,NA,O,D,3,NA,NA,NA,NA,NA,NA,20120730,377022.7777,9284203.863
SFX_A03,P11,14,BURANGICA,Galipea trifoliata,NI,0.62,13.6,0.014526724,NA,O,A,NA,NA,NA,NA,NA,NA,NA,20120730,377019.7777,9284203.063
SFX_A03,P11,15,BREU,Protium heptaphyllum,Burseraceae,0.62,11.9,0.011122023,NA,O,A,NA,NA,NA,NA,NA,NA,NA,20120730,377021.7777,9284203.063
SFX_A03,P11,16,BREU,Protium heptaphyllum,Burseraceae,0.62,18.5,0.026880252,NA,O,A,NA,NA,NA,NA,NA,NA,NA,20120730,377036.7777,9284202.863
SFX_A03,P11,17,MUIRACATIARA,Astronium gracile,Anacardiaceae,0.73,28.8,0.065144065,NA,O,A,NA,NA,NA,NA,NA,NA,NA,20120730,377038.7777,9284204.163
SFX_A03,P11,18,NI,NI,NI,0.62,12,0.011309734,0.038238914,O,A,NA,3.2,8.41,1.5,2.4,2.5,3.5,20120730,377040.7777,9284204.863
SFX_A03,P11,19,MARUPA,Simarouba amara,Simaroubaceae,0.38,11.3,0.010028749,NA,O,A,NA,NA,NA,NA,NA,NA,NA,20120730,377035.7777,9284202.263
SFX_A03,P11,20,TAUARI,Couratari stellata,Lecythidaceae,0.63,10.2,0.008171282,NA,O,A,NA,NA,NA,NA,NA,NA,NA,20120730,377016.7777,9284202.163
SFX_A03,P11,21,BREU DE LEITE,Thyrsodium paraense,Anacardiaceae,0.61,30.6,0.073541542,NA,O,A,NA,NA,NA,NA,NA,NA,NA,20120730,377015.7777,9284200.863
SFX_A03,P11,22,MORTA,NA,NA,0.6,19.9,0.031102553,NA,O,D,1,NA,NA,NA,NA,NA,NA,20120730,377036.7777,9284201.863
SFX_A03,P11,23,BARROTE,Tetragastris altissima,Burseraceae,0.71,26.3,0.054325206,NA,O,A,NA,NA,NA,NA,NA,NA,NA,20120730,377039.7777,9284199.863
SFX_A03,P11,24,BURANGICA,Galipea trifoliata,NI,0.62,11.3,0.010028749,NA,O,A,NA,NA,NA,NA,NA,NA,NA,20120730,377033.7777,9284198.863
SFX_A03,P11,25,CANELA DE ANTA,NI,NI,0.62,14.8,0.017203361,NA,O,A,NA,NA,NA,NA,NA,NA,NA,20120730,377035.2777,9284198.563
SFX_A03,P11,26,PARAPARA,Jacaranda copaia,Bignoniaceae,0.35,21.8,0.037325262,NA,O,A,NA,NA,NA,NA,NA,NA,NA,20120730,377034.7777,9284228.363
SFX_A03,P11,27,MORTA,NA,NA,0.6,15.5,0.018869191,NA,O,D,1,NA,NA,NA,NA,NA,NA,20120730,377020.7777,9284198.863
SFX_A03,P11,28,ORELHA DE MACACO,Enterolobium schomburgkii,Fabaceae,0.71,12,0.011309734,NA,O,A,NA,NA,NA,NA,NA,NA,NA,20120730,377019.7777,9284197.663
SFX_A03,P11,29,BARROTE,Tetragastris altissima,Burseraceae,0.71,19.8,0.03079075,0.1740395,O,A,NA,6.94,12.32,0.7,2.7,0.6,2.5,20120730,377018.7777,9284195.463
SFX_A03,P11,30,BURANGICA,Galipea trifoliata,NI,0.62,10,0.007853982,NA,O,A,NA,NA,NA,NA,NA,NA,NA,20120730,377020.7777,9284194.863
SFX_A03,P11,31,ANDORINHA,Casearia grandiflora,Salicaceae,0.77,15,0.017671459,NA,O,A,NA,NA,NA,NA,NA,NA,NA,20120730,377026.7777,9284195.863
SFX_A03,P11,32,PAU JACARE,Laetia procera,Salicaceae,0.63,12.5,0.012271846,NA,O,A,NA,NA,NA,NA,NA,NA,NA,20120730,377028.7777,9284195.063
SFX_A03,P11,33,INGA,Inga marginata,Fabaceae,0.57,12.3,0.011882289,NA,O,A,NA,NA,NA,NA,NA,NA,NA,20120730,377027.9777,9284194.963
SFX_A03,P11,34,BARROTE,Tetragastris altissima,Burseraceae,0.71,23,0.041547563,NA,O,A,NA,NA,NA,NA,NA,NA,NA,20120730,377032.7777,9284194.863
SFX_A03,P11,35,ITAUBA,Mezilaurus itauba,Lauraceae,0.72,27.2,0.058106898,NA,O,A,NA,NA,NA,NA,NA,NA,NA,20120730,377034.7777,9284193.863
SFX_A03,P11,36,SAPUCAIA,Lecythis pisonis,Lecythidaceae,0.85,19.9,0.031102553,NA,O,A,NA,NA,NA,NA,NA,NA,NA,20120730,377033.7777,9284193.463
SFX_A03,P11,37,IPE AMARELO,Handroanthus serratifolius,Bignoniaceae,0.62,17.5,0.024052819,NA,O,A,NA,NA,NA,NA,NA,NA,NA,20120730,377037.7777,9284192.863
SFX_A03,P11,38,BARROTE,Tetragastris altissima,Burseraceae,0.71,15.7,0.019359279,NA,O,A,NA,NA,NA,NA,NA,NA,NA,20120730,377038.0777,9284192.863
SFX_A03,P11,39,TAUARI,Couratari stellata,Lecythidaceae,0.63,12.9,0.013069811,0.07697758,O,A,NA,11.44,14.35,0.4,0.3,0.8,0.4,20120730,377033.7777,9284191.863
SFX_A03,P11,40,UCUUBA,Virola melinoni,Myristicaceae,0.48,14.4,0.016286016,NA,O,A,NA,NA,NA,NA,NA,NA,NA,20120730,377031.7777,9284191.063
SFX_A03,P11,41,JUTAI POROROCA,Dialium guianense,Fabaceae,0.89,23.3,0.042638481,NA,O,A,NA,NA,NA,NA,NA,NA,NA,20120730,377027.7777,9284187.863
SFX_A03,P11,42,MORTA,NA,NA,0.6,13,0.013273229,NA,O,D,1,NA,NA,NA,NA,NA,NA,20120730,377036.7777,9284190.163
SFX_A03,P11,43,PARAPARA,Jacaranda copaia,Bignoniaceae,0.35,22.1,0.038359632,NA,O,A,NA,NA,NA,NA,NA,NA,NA,20120730,377036.7777,9284184.363
SFX_A03,P11,44,BARROTE,Tetragastris altissima,Burseraceae,0.71,24.9,0.048695472,NA,O,A,NA,NA,NA,NA,NA,NA,NA,20120730,377036.7777,9284181.263
SFX_A03,P11,45,ABIURANA,Pouteria gongrijpii,Sapotaceae,0.8,12.3,0.011882289,0.070198458,O,A,NA,6.06,11.4,1.6,3.8,2.5,2.7,20120730,377040.7777,9284178.863
SFX_A03,P11,46,INGA,Inga marginata,Fabaceae,0.57,11.6,0.010568318,NA,O,A,NA,NA,NA,NA,NA,NA,NA,20120730,377042.9777,9284224.863
SFX_A03,P11,47,INGA,Inga marginata,Fabaceae,0.57,11.8,0.010935884,NA,O,A,NA,NA,NA,NA,NA,NA,NA,20120730,377044.7777,9284211.263
SFX_A03,P11,48,FREIJO BRANCO,Cordia scabrifolia,Boraginaceae,0.47,19.5,0.029864765,NA,O,A,NA,NA,NA,NA,NA,NA,NA,20120730,377050.7777,9284214.863
SFX_A03,P11,49,CACAU,Theobroma glaucum,Malvaceae,0.53,10.1,0.008011847,NA,O,A,NA,NA,NA,NA,NA,NA,NA,20120730,377049.7777,9284213.863
SFX_A03,P11,50,GENIPARANA,Gustavia poeppigiana,Lecythidaceae,0.66,10.3,0.008332289,NA,O,A,NA,NA,NA,NA,NA,NA,NA,20120730,377046.7777,9284212.863
SFX_A03,P11,51,CACAU,Theobroma glaucum,Malvaceae,0.53,15.7,0.019359279,NA,O,A,NA,NA,NA,NA,NA,NA,NA,20120730,377055.7777,9284213.063
SFX_A03,P11,52,NI,NI,NI,0.62,10.1,0.008011847,NA,O,A,NA,NA,NA,NA,NA,NA,NA,20120730,377056.7777,9284209.863
SFX_A03,P11,53,CANELA DE ANTA,NI,NI,0.62,11.8,0.010935884,NA,O,A,NA,NA,NA,NA,NA,NA,NA,20120730,377055.7777,9284209.363
SFX_A03,P11,54,BARROTE,Tetragastris altissima,Burseraceae,0.71,18.6,0.027171635,NA,O,A,NA,NA,NA,NA,NA,NA,NA,20120730,377060.7777,9284208.363
SFX_A03,P11,55,INHARE,Helicostylis sp.,Moraceae,0.65,10.5,0.008659015,NA,O,A,NA,NA,NA,NA,NA,NA,NA,20120730,377062.7777,9284208.163
SFX_A03,P11,56,MACACAUBA,Platymiscium filipes,Fabaceae,0.79,16.5,0.021382465,NA,O,A,NA,NA,NA,NA,NA,NA,NA,20120730,377066.7777,9284208.863
SFX_A03,P11,57,BURANGICA,Galipea trifoliata,NI,0.62,14.2,0.015836769,NA,O,A,NA,NA,NA,NA,NA,NA,NA,20120730,377067.7777,9284204.863
SFX_A03,P11,58,CACAU,Theobroma glaucum,Malvaceae,0.53,10.5,0.008659015,NA,O,A,NA,NA,NA,NA,NA,NA,NA,20120730,377068.7777,9284204.363
SFX_A03,P11,59,CEDRO,Cedrela odorata,Meliaceae,0.43,40.5,0.128824934,0.66321681,O,A,NA,9.53,18.47,1.2,2.3,3.5,2,20120730,377062.7777,9284203.863
SFX_A03,P11,60,CATAUARI,Couepia racemosa,Chrysobalanaceae,0.79,10.7,0.008992024,NA,O,A,NA,NA,NA,NA,NA,NA,NA,20120730,377060.7777,9284204.063
SFX_A03,P11,61,BARROTE,Tetragastris altissima,Burseraceae,0.71,13.5,0.014313882,NA,O,A,NA,NA,NA,NA,NA,NA,NA,20120730,377055.7777,9284204.163
SFX_A03,P11,62,INGA,Inga marginata,Fabaceae,0.57,11.9,0.011122023,NA,O,A,NA,NA,NA,NA,NA,NA,NA,20120730,377057.7777,9284204.863
SFX_A03,P11,63,BREU DE LEITE,Thyrsodium paraense,Anacardiaceae,0.61,10.6,0.008824734,NA,O,A,NA,NA,NA,NA,NA,NA,NA,20120730,377049.7777,9284205.863
SFX_A03,P11,64,MORTA,NA,NA,0.45,14.7,0.016971669,NA,O,D,4,NA,NA,NA,NA,NA,NA,20120730,377047.7777,9284204.863
SFX_A03,P11,65,PRATUDO,Simaba cedron,Simaroubaceae,0.47,10.1,0.008011847,NA,O,A,NA,NA,NA,NA,NA,NA,NA,20120730,377051.7777,9284203.863
SFX_A03,P11,66,MORTA,NA,NA,0.45,10.6,0.008824734,NA,O,D,4,NA,NA,NA,NA,NA,NA,20120730,377049.7777,9284203.063
SFX_A03,P11,67,NI,NI,NI,0.62,10.3,0.008332289,NA,O,A,NA,NA,NA,NA,NA,NA,NA,20120730,377047.7777,9284202.863
SFX_A03,P11,68,INAJA,Attalea maripa,Arecaceae,0.33,27.2,0.058106898,0.148221882,P,A,NA,NA,NA,NA,NA,NA,NA,20120730,377065.7777,9284202.863
SFX_A03,P11,69,CACAU,Theobroma glaucum,Malvaceae,0.53,10.1,0.008011847,NA,O,A,NA,NA,NA,NA,NA,NA,NA,20120730,377057.7777,9284201.563
SFX_A03,P11,70,CANELA DE ANTA,NI,NI,0.62,10.5,0.008659015,NA,O,A,NA,NA,NA,NA,NA,NA,NA,20120730,377045.7777,9284200.863
SFX_A03,P11,71,NI,NI,NI,0.62,14.6,0.016741547,NA,O,A,NA,NA,NA,NA,NA,NA,NA,20120730,377044.7777,9284197.063
SFX_A03,P11,72,NI,NI,NI,0.62,22.2,0.038707563,NA,O,A,NA,NA,NA,NA,NA,NA,NA,20120730,377052.7777,9284196.863
SFX_A03,P11,73,INGA,Inga marginata,Fabaceae,0.57,21.6,0.036643537,NA,O,A,NA,NA,NA,NA,NA,NA,NA,20120730,377064.7777,9284197.963
SFX_A03,P11,74,BARROTE,Tetragastris altissima,Burseraceae,0.71,13,0.013273229,NA,O,A,NA,NA,NA,NA,NA,NA,NA,20120730,377065.7777,9284196.863
SFX_A03,P11,75,INGA,Inga marginata,Fabaceae,0.57,14,0.015393804,NA,O,A,NA,NA,NA,NA,NA,NA,NA,20120730,377061.7777,9284196.063
SFX_A03,P11,76,TAUARI,Couratari stellata,Lecythidaceae,0.63,12,0.011309734,NA,O,A,NA,NA,NA,NA,NA,NA,NA,20120730,377061.4777,9284196.363
SFX_A03,P11,77,NI,NI,NI,0.62,11.9,0.011122023,NA,O,A,NA,NA,NA,NA,NA,NA,NA,20120730,377059.7777,9284196.063
SFX_A03,P11,78,CARIPE,Licania octandra,Chrysobalanaceae,0.83,29.9,0.070215381,NA,O,A,NA,NA,NA,NA,NA,NA,NA,20120730,377049.7777,9284196.863
SFX_A03,P11,79,PATA DE VACA,Bauhinia forficata,Fabaceae,0.6,20,0.031415927,NA,O,A,NA,NA,NA,NA,NA,NA,NA,20120730,377053.7777,9284194.463
SFX_A03,P11,80,TARUMA,Vitex triflora,Lamiaceae,0.56,15,0.017671459,NA,O,A,NA,NA,NA,NA,NA,NA,NA,20120730,377050.7777,9284190.863
SFX_A03,P11,81,JUTAI POROROCA,Dialium guianense,Fabaceae,0.89,13.3,0.013892908,NA,O,A,NA,NA,NA,NA,NA,NA,NA,20120730,377061.7777,9284192.863
SFX_A03,P11,82,BARROTE,Tetragastris altissima,Burseraceae,0.71,17.8,0.024884555,NA,O,A,NA,NA,NA,NA,NA,NA,NA,20120730,377058.7777,9284187.863
SFX_A03,P11,83,MORTA,NA,NA,0.6,130,1.327322896,7.281223718,O,D,1,NA,20.5,NA,NA,NA,NA,20120730,377051.7777,9284187.863
SFX_A03,P11,84,MORTA,NA,NA,0.6,22.5,0.039760782,NA,O,D,1,NA,NA,NA,NA,NA,NA,20120730,377043.0777,9284183.863
SFX_A03,P11,85,CACAU,Theobroma glaucum,Malvaceae,0.53,12.3,0.011882289,NA,O,A,NA,NA,NA,NA,NA,NA,NA,20120730,377048.7777,9284180.863
SFX_A03,P11,86,BARROTE,Tetragastris altissima,Burseraceae,0.71,25.1,0.04948087,NA,O,A,NA,NA,NA,NA,NA,NA,NA,20120730,377045.7777,9284176.863
SFX_A03,P12,1,GRAVILOLA BRAVA,Annona mucosa,Annonaceae,0.41,13.4,0.014102609,NA,O,A,NA,NA,NA,NA,NA,NA,NA,20120730,377053.4181,9284398.917
SFX_A03,P12,2,MERAUBA,Mouriri collocarpa,Melastomataceae,0.83,11.6,0.010568318,NA,O,A,NA,NA,NA,NA,NA,NA,NA,20120730,377049.7181,9284396.417
SFX_A03,P12,3,ABIURANA,Pouteria gongrijpii,Sapotaceae,0.8,18.3,0.026302199,NA,O,A,NA,NA,NA,NA,NA,NA,NA,20120730,377054.7181,9284396.417
SFX_A03,P12,4,BREU,Protium heptaphyllum,Burseraceae,0.62,33.5,0.088141309,NA,O,A,NA,NA,NA,NA,NA,NA,NA,20120730,377052.4181,9284395.917
SFX_A03,P12,5,BREU,Protium heptaphyllum,Burseraceae,0.62,26.5,0.055154586,NA,O,A,NA,NA,NA,NA,NA,NA,NA,20120730,377052.4181,9284393.717
SFX_A03,P12,6,PENTE DE MACACO,Apeiba echinata,Malvaceae,0.28,49.5,0.192442185,0.759778101,O,A,NA,12.74,22.1,4,4,4,5,20120730,377045.7181,9284393.417
SFX_A03,P12,7,CAPUEIRO,Rinorea guianensis,Violaceae,0.78,13.2,0.013684778,NA,O,A,NA,NA,NA,NA,NA,NA,NA,20120730,377052.7181,9284390.217
SFX_A03,P12,8,BREU,Protium heptaphyllum,Burseraceae,0.62,31.1,0.075964496,NA,O,A,NA,NA,NA,NA,NA,NA,NA,20120730,377046.0181,9284389.417
SFX_A03,P12,9,LIANA,NA,NA,#VALOR!,11,0.009503318,0.013284799,L,A,NA,NA,NA,NA,NA,NA,NA,20120730,377048.7181,9284388.517
SFX_A03,P12,10,BREU,Protium heptaphyllum,Burseraceae,0.62,17.7,0.024605739,NA,O,A,NA,NA,NA,NA,NA,NA,NA,20120730,377047.9181,9284387.417
SFX_A03,P12,11,PINTADINHO,Poeppigia sp.,Fabaceae,0.69,15.6,0.01911345,NA,O,A,NA,NA,NA,NA,NA,NA,NA,20120730,377041.7181,9284386.417
SFX_A03,P12,12,BREU,Protium heptaphyllum,Burseraceae,0.62,13.2,0.013684778,NA,O,A,NA,NA,NA,NA,NA,NA,NA,20120730,377042.7181,9284384.017
SFX_A03,P12,13,INGA,Inga marginata,Fabaceae,0.57,32.2,0.081433223,NA,O,A,NA,NA,NA,NA,NA,NA,NA,20120730,377041.7181,9284383.217
SFX_A03,P12,14,MORTA,NA,NA,0.58,31.3,0.076944673,NA,O,D,3,NA,NA,NA,NA,NA,NA,20120730,377044.7181,9284382.817
SFX_A03,P12,15,BURANGICA,Galipea trifoliata,NI,0.62,15.1,0.017907864,NA,O,A,NA,NA,NA,NA,NA,NA,NA,20120730,377052.4181,9284382.717
SFX_A03,P12,16,INGA,Inga marginata,Fabaceae,0.57,11.7,0.010751315,NA,O,A,NA,NA,NA,NA,NA,NA,NA,20120730,377039.7181,9284382.117
SFX_A03,P12,17,BACURIPARI,Rheedia gardneriana,Clusiaceae,0.62,19.9,0.031102553,NA,O,A,NA,NA,NA,NA,NA,NA,NA,20120730,377038.7181,9284382.117
SFX_A03,P12,18,CORAÇAO DE NEGRO,Swartzia corrugata,Fabaceae,1.06,22.4,0.039408138,NA,O,A,NA,NA,NA,NA,NA,NA,NA,20120730,377033.7181,9284381.917
SFX_A03,P12,19,BREU,Protium heptaphyllum,Burseraceae,0.62,13.9,0.015174678,NA,O,A,NA,NA,NA,NA,NA,NA,NA,20120730,377027.7181,9284381.817
SFX_A03,P12,20,LIANA,NA,NA,#VALOR!,14.6,0.016741547,0.01532967,L,A,NA,NA,NA,NA,NA,NA,NA,20120730,377050.7181,9284379.117
SFX_A03,P12,21,MUIRACATIARA,Astronium gracile,Anacardiaceae,0.73,13.7,0.014741138,NA,O,A,NA,NA,NA,NA,NA,NA,NA,20120730,377051.7181,9284378.917
SFX_A03,P12,22,EMBAUBA,Cecropia ficifolia,Urticaceae,0.27,32.3,0.081939805,NA,O,A,NA,NA,NA,NA,NA,NA,NA,20120730,377047.7181,9284378.917
SFX_A03,P12,23,PARICARANA,Dimorphandra macrostachya,Fabaceae,0.6,30.4,0.072583357,NA,O,A,NA,NA,NA,NA,NA,NA,NA,20120730,377050.7181,9284378.117
SFX_A03,P12,24,CACAU,Theobroma glaucum,Malvaceae,0.53,12.8,0.012867964,NA,O,A,NA,NA,NA,NA,NA,NA,NA,20120730,377052.7181,9284375.417
SFX_A03,P12,25,LIANA,NA,NA,#VALOR!,12.4,0.012076282,0.01415006,L,A,NA,NA,NA,NA,NA,NA,NA,20120730,377051.7181,9284374.417
SFX_A03,P12,26,BREU,Protium heptaphyllum,Burseraceae,0.62,15.4,0.018626503,NA,O,A,NA,NA,NA,NA,NA,NA,NA,20120730,377039.7181,9284375.917
SFX_A03,P12,27,CACAU,Theobroma glaucum,Malvaceae,0.53,14.6,0.016741547,0.06714214,O,A,NA,7.93,11.68,1,2,1,2,20120730,377046.7181,9284370.817
SFX_A03,P12,28,PEDRA UMI,NI,NI,0.62,11.5,0.010386891,NA,O,A,NA,NA,NA,NA,NA,NA,NA,20120730,377050.7181,9284370.917
SFX_A03,P12,29,MORTA,NA,NA,0.6,27,0.057255526,NA,O,D,1,NA,NA,NA,NA,NA,NA,20120730,377048.7181,9284368.517
SFX_A03,P12,30,MUTUTI,Pterocarpus sp.,Fabaceae,0.51,11.6,0.010568318,NA,O,A,NA,NA,NA,NA,NA,NA,NA,20120730,377054.4181,9284368.117
SFX_A03,P12,31,BREU,Protium heptaphyllum,Burseraceae,0.62,23.3,0.042638481,NA,O,A,NA,NA,NA,NA,NA,NA,NA,20120730,377043.7181,9284368.017
SFX_A03,P12,32,PRATUDO,Simaba cedron,Simaroubaceae,0.47,18.4,0.02659044,NA,O,A,NA,NA,NA,NA,NA,NA,NA,20120730,377039.7181,9284369.117
SFX_A03,P12,33,ACARIQUARA,Minquartia guianensis,Olacaceae,0.77,13.8,0.014957123,NA,O,A,NA,NA,NA,NA,NA,NA,NA,20120730,377041.7181,9284367.617
SFX_A03,P12,34,PAU DE REMO,Chimarrhis turbinata,Rubiaceae,0.72,14.6,0.016741547,NA,O,A,NA,NA,NA,NA,NA,NA,NA,20120730,377045.7181,9284365.917
SFX_A03,P12,35,CACAU,Theobroma glaucum,Malvaceae,0.53,13.7,0.014741138,NA,O,A,NA,NA,NA,NA,NA,NA,NA,20120730,377046.0181,9284365.917
SFX_A03,P12,36,JOAO MOLE,Neea oppositifolia,Nyctaginaceae,0.89,16.2,0.020611989,0.124272719,O,A,NA,6.51,10.42,1,1.3,0.4,1.5,20120730,377044.7181,9284360.917
SFX_A03,P12,37,INGA,Inga marginata,Fabaceae,0.57,15.4,0.018626503,0.041391856,O,A,NA,3.2,5.98,1,0.85,0.5,3,20120730,377053.7181,9284354.917
SFX_A03,P12,38,MUIRAPIRANGA,Brosimum rubescens,Moraceae,0.83,18,0.0254469,NA,O,A,NA,NA,NA,NA,NA,NA,NA,20120730,377061.7181,9284399.917
SFX_A03,P12,39,JATOBA,Hymenaea courbaril,Fabaceae,0.79,64.2,0.323712849,6.487025807,O,A,NA,30.88,39.28,5,11,9,8,20120730,377054.9181,9284398.117
SFX_A03,P12,40,INHARE,Helicostylis sp.,Moraceae,0.65,19.1,0.02865211,0.255069515,O,A,NA,9.53,21.05,3,1.7,1,2.7,20120730,377056.4181,9284396.917
SFX_A03,P12,41,PRATUDO,Simaba cedron,Simaroubaceae,0.47,12.4,0.012076282,NA,O,A,NA,NA,NA,NA,NA,NA,NA,20120730,377059.7181,9284395.917
SFX_A03,P12,42,ABIU ROSADINHO,Pouteria anibifolia,Sapotaceae,0.66,25.3,0.050272551,NA,O,A,NA,NA,NA,NA,NA,NA,NA,20120730,377066.7181,9284394.617
SFX_A03,P12,43,INHARE,Helicostylis sp.,Moraceae,0.65,12.1,0.011499015,NA,O,A,NA,NA,NA,NA,NA,NA,NA,20120730,377074.7181,9284393.517
SFX_A03,P12,44,BACURIPARI,Rheedia gardneriana,Clusiaceae,0.62,17.7,0.024605739,NA,O,A,NA,NA,NA,NA,NA,NA,NA,20120730,377075.7181,9284392.817
SFX_A03,P12,45,BARROTE,Tetragastris altissima,Burseraceae,0.71,43,0.14522012,1.473554243,O,A,NA,10.47,22.12,3.5,6,2.5,7,20120730,377055.7181,9284389.317
SFX_A03,P12,46,PRATUDO,Simaba cedron,Simaroubaceae,0.47,10,0.007853982,NA,O,A,NA,NA,NA,NA,NA,NA,NA,20120730,377063.7181,9284385.617
SFX_A03,P12,47,BACABA,Oenocarpus bacaba,Arecaceae,0.65,25.9,0.052685294,0.135336692,P,A,NA,NA,NA,NA,NA,NA,NA,20120730,377062.7181,9284384.117
SFX_A03,P12,48,FREIJO BRANCO,Cordia scabrifolia,Boraginaceae,0.47,19.3,0.029255296,NA,O,A,NA,NA,NA,NA,NA,NA,NA,20120730,377062.5181,9284384.117
SFX_A03,P12,49,NI,NI,NI,0.62,12.3,0.011882289,NA,O,A,NA,NA,NA,NA,NA,NA,NA,20120730,377077.7181,9284383.917
SFX_A03,P12,50,CACAU,Theobroma glaucum,Malvaceae,0.53,11.5,0.010386891,NA,O,A,NA,NA,NA,NA,NA,NA,NA,20120730,377073.7181,9284381.917
SFX_A03,P12,51,BREU,Protium heptaphyllum,Burseraceae,0.62,27.1,0.057680427,NA,O,A,NA,NA,NA,NA,NA,NA,NA,20120730,377071.7181,9284380.917
SFX_A03,P12,52,MORTA,NA,NA,0.7,16.1,0.020358306,0.052189044,O,D,2,NA,6.7,NA,NA,NA,NA,20120730,377069.7181,9284378.917
SFX_A03,P12,53,CACAU,Theobroma glaucum,Malvaceae,0.53,14.7,0.016971669,NA,O,A,NA,NA,NA,NA,NA,NA,NA,20120730,377055.7181,9284378.917
SFX_A03,P12,54,BREU,Protium heptaphyllum,Burseraceae,0.62,11.8,0.010935884,NA,O,A,NA,NA,NA,NA,NA,NA,NA,20120730,377055.7181,9284383.217
SFX_A03,P12,55,GOIABINHA,Myrcia velutina,Myrtaceae,0.8,10.8,0.009160884,0.034792298,O,A,NA,4.75,7.31,NA,NA,NA,NA,20120730,377067.7181,9284378.117
SFX_A03,P12,56,INAJA,Attalea maripa,Arecaceae,0.33,31.5,0.077931133,0.194661689,P,A,NA,NA,NA,NA,NA,NA,NA,20120730,377070.7181,9284376.917
SFX_A03,P12,57,CACAU,Theobroma glaucum,Malvaceae,0.53,10,0.007853982,NA,O,A,NA,NA,NA,NA,NA,NA,NA,20120730,377073.7181,9284374.917
SFX_A03,P12,58,BARROTE,Tetragastris altissima,Burseraceae,0.71,15.6,0.01911345,NA,O,A,NA,NA,NA,NA,NA,NA,NA,20120730,377074.7181,9284374.717
SFX_A03,P12,59,ENVIRA BRANCA,Annona exsucca,Annonaceae,0.44,11.1,0.009676891,NA,O,A,NA,NA,NA,NA,NA,NA,NA,20120730,377072.7181,9284374.617
SFX_A03,P12,60,BREU,Protium heptaphyllum,Burseraceae,0.62,14,0.015393804,NA,O,A,NA,NA,NA,NA,NA,NA,NA,20120730,377072.7181,9284373.617
SFX_A03,P12,61,PENTE DE MACACO,Apeiba echinata,Malvaceae,0.28,15.7,0.019359279,0.030167407,O,A,NA,5.48,8.72,2.4,2.5,2.7,4,20120730,377071.7181,9284373.417
SFX_A03,P12,62,JUREMA,Mimosa hostilis,Fabaceae,0.45,25.2,0.049875925,NA,O,A,NA,NA,NA,NA,NA,NA,NA,20120730,377070.7181,9284373.617
SFX_A03,P12,63,JUREMA,Mimosa hostilis,Fabaceae,0.45,25.8,0.052279243,NA,O,A,NA,NA,NA,NA,NA,NA,NA,20120730,377069.7181,9284373.917
SFX_A03,P12,64,INHARE,Helicostylis sp.,Moraceae,0.65,16.2,0.020611989,NA,O,A,NA,NA,NA,NA,NA,NA,NA,20120730,377055.0181,9284373.917
SFX_A03,P12,65,CACAU,Theobroma glaucum,Malvaceae,0.53,10.1,0.008011847,NA,O,A,NA,NA,NA,NA,NA,NA,NA,20120730,377055.1181,9284373.617
SFX_A03,P12,66,INGA,Inga marginata,Fabaceae,0.57,16,0.020106193,NA,O,A,NA,NA,NA,NA,NA,NA,NA,20120730,377058.7181,9284371.917
SFX_A03,P12,67,MORTA,NA,NA,0.45,16,0.020106193,NA,O,D,4,NA,NA,NA,NA,NA,NA,20120730,377062.7181,9284370.917
SFX_A03,P12,68,TAQUARI,Mabea angularis,Euphorbiaceae,0.62,11.2,0.009852035,NA,O,A,NA,NA,NA,NA,NA,NA,NA,20120730,377063.7181,9284372.117
SFX_A03,P12,69,PARAPARA,Jacaranda copaia,Bignoniaceae,0.35,32.9,0.085012283,NA,O,A,NA,NA,NA,NA,NA,NA,NA,20120730,377063.7181,9284370.317
SFX_A03,P12,70,INGA,Inga marginata,Fabaceae,0.57,12.1,0.011499015,NA,O,A,NA,NA,NA,NA,NA,NA,NA,20120730,377062.7181,9284370.117
SFX_A03,P12,71,CACAU,Theobroma glaucum,Malvaceae,0.53,20.1,0.031730871,NA,O,A,NA,NA,NA,NA,NA,NA,NA,20120730,377060.7181,9284370.117
SFX_A03,P12,72,CACAU,Theobroma glaucum,Malvaceae,0.53,18.1,0.025730429,NA,O,A,NA,NA,NA,NA,NA,NA,NA,20120730,377062.7181,9284368.817
SFX_A03,P12,73,BARROTE,Tetragastris altissima,Burseraceae,0.71,13,0.013273229,NA,O,A,NA,NA,NA,NA,NA,NA,NA,20120730,377060.7181,9284366.917
SFX_A03,P12,74,MORTA,NA,NA,0.6,14,0.015393804,NA,O,D,1,NA,NA,NA,NA,NA,NA,20120730,377059.7181,9284366.917
SFX_A03,P12,75,ENVIRA BRANCA,Annona exsucca,Annonaceae,0.44,10,0.007853982,NA,O,A,NA,NA,NA,NA,NA,NA,NA,20120730,377063.7181,9284364.917
SFX_A03,P12,76,BURANGICA,Galipea trifoliata,NI,0.62,13.9,0.015174678,NA,O,A,NA,NA,NA,NA,NA,NA,NA,20120730,377059.7181,9284359.917
SFX_A03,P12,77,ABIU ROSADINHO,Pouteria anibifolia,Sapotaceae,0.66,13,0.013273229,NA,O,A,NA,NA,NA,NA,NA,NA,NA,20120730,377058.7181,9284355.917
SFX_A03,P12,78,CACAU,Theobroma glaucum,Malvaceae,0.53,13.1,0.013478218,NA,O,A,NA,NA,NA,NA,NA,NA,NA,20120730,377054.9181,9284380.917
SFX_A03,P13,1,MORTA,NA,NA,0.58,26.9,0.056832197,NA,O,D,3,NA,NA,NA,NA,NA,NA,20120727,377079.6817,9284567.641
SFX_A03,P13,2,PINTADINHO,Poeppigia sp.,Fabaceae,0.69,16,0.020106193,NA,O,A,NA,NA,NA,NA,NA,NA,NA,20120727,377076.2817,9284567.641
SFX_A03,P13,3,CACAU,Theobroma glaucum,Malvaceae,0.53,12.6,0.012468981,NA,O,A,NA,NA,NA,NA,NA,NA,NA,20120727,377074.7817,9284565.141
SFX_A03,P13,4,CACAU,Theobroma glaucum,Malvaceae,0.53,12.2,0.011689866,NA,O,A,NA,NA,NA,NA,NA,NA,NA,20120727,377074.7817,9284565.141
SFX_A03,P13,5,CASTANHEIRA,Bertholletia excelsa,Lecythidaceae,0.64,64.8,0.32979183,4.074810897,O,A,NA,20.97,29.79,5.3,4.8,4.5,6,20120727,377073.7817,9284560.141
SFX_A03,P13,6,INHARE,Helicostylis sp.,Moraceae,0.65,10.9,0.009331316,NA,O,A,NA,NA,NA,NA,NA,NA,NA,20120727,377074.4817,9284558.741
SFX_A03,P13,7,CANELA DE ANTA,NI,NI,0.62,13.4,0.014102609,NA,O,A,NA,NA,NA,NA,NA,NA,NA,20120727,377079.5817,9284559.841
SFX_A03,P13,8,MORTA,NA,NA,0.58,27.2,0.058106898,NA,O,D,3,NA,NA,NA,NA,NA,NA,20120727,377074.7817,9284558.041
SFX_A03,P13,9,MORTA,NA,NA,0.58,26.4,0.05473911,NA,O,D,3,NA,NA,NA,NA,NA,NA,20120727,377078.2817,9284556.141
SFX_A03,P13,10,MORTA,NA,NA,0.58,18.4,0.02659044,NA,O,D,3,NA,NA,NA,NA,NA,NA,20120727,377079.5817,9284554.141
SFX_A03,P13,11,MORTA,NA,NA,0.45,26.4,0.05473911,NA,O,D,4,NA,NA,NA,NA,NA,NA,20120727,377072.7817,9284557.041
SFX_A03,P13,12,EMBAUBA,Cecropia ficifolia,Urticaceae,0.27,13.7,0.014741138,NA,O,A,NA,NA,NA,NA,NA,NA,NA,20120727,377071.7817,9284553.941
SFX_A03,P13,13,MORTA,NA,NA,0.58,10.9,0.009331316,NA,O,D,3,NA,NA,NA,NA,NA,NA,20120727,377071.4817,9284553.841
SFX_A03,P13,14,ENVIRA CANA,Xylopia nitida,Annonaceae,0.55,17.5,0.024052819,0.116685497,O,A,NA,9.06,13.65,1.2,2.5,2.1,1,20120727,377069.7817,9284551.541
SFX_A03,P13,15,OLHO DE SAPO,NI,NI,0.62,12.5,0.012271846,NA,O,A,NA,NA,NA,NA,NA,NA,NA,20120727,377070.2817,9284551.441
SFX_A03,P13,16,PEDRA UMI,NI,NI,0.62,10.9,0.009331316,NA,O,A,NA,NA,NA,NA,NA,NA,NA,20120727,377074.7817,9284553.141
SFX_A03,P13,17,MORTA,NA,NA,0.58,11.3,0.010028749,NA,O,D,3,NA,NA,NA,NA,NA,NA,20120727,377075.7817,9284552.141
SFX_A03,P13,18,JUTAI,Hymenaea parviflora,Fabaceae,0.88,11.8,0.010935884,NA,O,A,NA,NA,NA,NA,NA,NA,NA,20120727,377073.7817,9284551.541
SFX_A03,P13,19,TAXIRANA,Stryphnodendron paniculatum,Fabaceae,0.65,12.3,0.011882289,NA,O,A,NA,NA,NA,NA,NA,NA,NA,20120727,377072.4817,9284549.841
SFX_A03,P13,20,JOAO MOLE,Neea oppositifolia,Nyctaginaceae,0.89,13.1,0.013478218,NA,O,A,NA,NA,NA,NA,NA,NA,NA,20120727,377068.7817,9284550.141
SFX_A03,P13,21,MORTA,NA,NA,0.45,33.6,0.088668311,NA,O,D,4,NA,NA,NA,NA,NA,NA,20120727,377065.7817,9284549.141
SFX_A03,P13,22,FREIJO,Cordia goeldiana,Boraginaceae,0.5,16.9,0.022431757,NA,O,A,NA,NA,NA,NA,NA,NA,NA,20120727,377064.7817,9284546.641
SFX_A03,P13,23,BARROTE,Tetragastris altissima,Burseraceae,0.71,42.5,0.141862543,NA,O,A,NA,NA,NA,NA,NA,NA,NA,20120727,377059.7817,9284543.841
SFX_A03,P13,24,MAPATIRANA,Pourouma minor,Urticaceae,0.44,13.9,0.015174678,NA,O,A,NA,NA,NA,NA,NA,NA,NA,20120727,377058.7817,9284542.841
SFX_A03,P13,25,ABIU ROSADINHO,Pouteria anibifolia,Sapotaceae,0.66,18.5,0.026880252,NA,O,A,NA,NA,NA,NA,NA,NA,NA,20120727,377063.7817,9284544.141
SFX_A03,P13,26,CANELA DE ANTA,NI,NI,0.62,11.1,0.009676891,NA,O,A,NA,NA,NA,NA,NA,NA,NA,20120727,377070.7817,9284548.141
SFX_A03,P13,27,BARROTE,Tetragastris altissima,Burseraceae,0.71,11.8,0.010935884,NA,O,A,NA,NA,NA,NA,NA,NA,NA,20120727,377076.7817,9284546.141
SFX_A03,P13,28,ABIU ROSADINHO,Pouteria anibifolia,Sapotaceae,0.66,12.3,0.011882289,NA,O,A,NA,NA,NA,NA,NA,NA,NA,20120727,377073.7817,9284545.141
SFX_A03,P13,29,SUCUUBA,Himatanthus sucuuba,Euphorbiaceae,0.46,18.5,0.026880252,NA,O,A,NA,NA,NA,NA,NA,NA,NA,20120727,377078.7817,9284544.741
SFX_A03,P13,30,CUMARU,Dipteryx odorata,Fabaceae,0.92,16.3,0.020867244,NA,O,A,NA,NA,NA,NA,NA,NA,NA,20120727,377076.7817,9284542.541
SFX_A03,P13,31,BARROTE,Tetragastris altissima,Burseraceae,0.71,31.6,0.078426719,0.54510036,O,A,NA,8.72,15.15,4,4.4,2,4.8,20120727,377066.7817,9284540.541
SFX_A03,P13,32,BARROTE,Tetragastris altissima,Burseraceae,0.71,13.2,0.013684778,NA,O,A,NA,NA,NA,NA,NA,NA,NA,20120727,377053.7817,9284541.641
SFX_A03,P13,33,CAPUEIRO,Rinorea guianensis,Violaceae,0.78,12.3,0.011882289,NA,O,A,NA,NA,NA,NA,NA,NA,NA,20120727,377056.7817,9284538.141
SFX_A03,P13,34,CORAÇAO DE NEGRO,Swartzia corrugata,Fabaceae,1.06,18.1,0.025730429,0.276903909,O,A,NA,9.6,15.72,1,3,1.8,1.1,20120727,377056.7817,9284537.741
SFX_A03,P13,35,LOURO PRETO,Nectandra cuspidata,Lauraceae,0.56,12.8,0.012867964,NA,O,A,NA,NA,NA,NA,NA,NA,NA,20120727,377054.7817,9284537.141
SFX_A03,P13,36,MUIRACATIARA,Astronium gracile,Anacardiaceae,0.73,18.9,0.028055208,NA,O,A,NA,NA,NA,NA,NA,NA,NA,20120727,377061.7817,9284536.541
SFX_A03,P13,37,MORTA,NA,NA,0.6,18.5,0.026880252,NA,O,D,1,NA,NA,NA,NA,NA,NA,20120727,377072.7817,9284536.141
SFX_A03,P13,38,INGA,Inga marginata,Fabaceae,0.57,28.5,0.063793966,NA,O,A,NA,NA,NA,NA,NA,NA,NA,20120727,377077.7817,9284535.541
SFX_A03,P13,39,INHARE,Helicostylis sp.,Moraceae,0.65,17.2,0.023235219,NA,O,A,NA,NA,NA,NA,NA,NA,NA,20120727,377077.5817,9284530.841
SFX_A03,P13,40,JUTAI POROROCA,Dialium guianense,Fabaceae,0.89,19.5,0.029864765,0.346373531,O,A,NA,16.32,20.1,1,1.2,1.6,0.6,20120727,377060.7817,9284530.841
SFX_A03,P13,41,BARROTE,Tetragastris altissima,Burseraceae,0.71,12.7,0.012667687,NA,O,A,NA,NA,NA,NA,NA,NA,NA,20120727,377067.7817,9284533.141
SFX_A03,P13,42,MUTUTI,Pterocarpus sp.,Fabaceae,0.51,15.5,0.018869191,NA,O,A,NA,NA,NA,NA,NA,NA,NA,20120727,377066.7817,9284531.141
SFX_A03,P13,43,INGA,Inga marginata,Fabaceae,0.57,26.7,0.05599025,NA,O,A,NA,NA,NA,NA,NA,NA,NA,20120727,377073.7817,9284530.941
SFX_A03,P13,44,ITAUBA,Mezilaurus itauba,Lauraceae,0.72,16.2,0.020611989,NA,O,A,NA,NA,NA,NA,NA,NA,NA,20120727,377068.7817,9284526.741
SFX_A03,P13,45,CACAU,Theobroma glaucum,Malvaceae,0.53,10.2,0.008171282,NA,O,A,NA,NA,NA,0.8,2.2,1.4,1,20120727,377074.7817,9284526.641
SFX_A03,P13,46,ITAUBA,Mezilaurus itauba,Lauraceae,0.72,18.2,0.026015529,0.094679566,O,A,NA,4.49,7.8,NA,NA,NA,NA,20120727,377071.7817,9284524.141
SFX_A03,P13,47,CAPUEIRO,Rinorea guianensis,Violaceae,0.78,11,0.009503318,NA,O,A,NA,NA,NA,NA,NA,NA,NA,20120727,377075.7817,9284523.141
SFX_A03,P13,48,GRAO DE GUARIBA,Mayna odorata,Flacourtiaceae,0.62,10.4,0.008494867,0.028464625,O,A,NA,2.54,8.34,0.8,0.7,0.4,1.8,20120727,377073.7817,9284520.941
SFX_A03,P13,49,TARUMA,Vitex triflora,Lamiaceae,0.56,24.5,0.047143525,NA,O,A,NA,NA,NA,NA,NA,NA,NA,20120727,377075.7817,9284520.141
SFX_A03,P13,50,BURANGICA,Galipea trifoliata,NI,0.62,13,0.013273229,NA,O,A,NA,NA,NA,NA,NA,NA,NA,20120727,377079.6817,9284517.141
SFX_A03,P13,51,ACARIQUARA,Minquartia guianensis,Olacaceae,0.77,18.3,0.026302199,NA,O,A,NA,NA,NA,NA,NA,NA,NA,20120727,377086.7817,9284561.841
SFX_A03,P13,52,MORTA,NA,NA,0.58,14.1,0.015614501,0.025863923,O,D,3,NA,4.94,NA,NA,NA,NA,20120727,377087.7817,9284559.941
SFX_A03,P13,53,LOURO PRETO,Nectandra cuspidata,Lauraceae,0.56,11,0.009503318,NA,O,A,NA,NA,NA,NA,NA,NA,NA,20120727,377087.7817,9284558.141
SFX_A03,P13,54,CACAU,Theobroma glaucum,Malvaceae,0.53,14.1,0.015614501,NA,O,A,NA,NA,NA,NA,NA,NA,NA,20120727,377084.7817,9284557.941
SFX_A03,P13,55,UCUUBA,Virola melinoni,Myristicaceae,0.48,24.9,0.048695472,NA,O,A,NA,NA,NA,NA,NA,NA,NA,20120727,377080.7817,9284556.341
SFX_A03,P13,56,JUTAI POROROCA,Dialium guianense,Fabaceae,0.89,20.2,0.032047387,NA,O,A,NA,NA,NA,NA,NA,NA,NA,20120727,377089.7817,9284556.141
SFX_A03,P13,57,CANELA DE ANTA,NI,NI,0.62,11.4,0.010207035,NA,O,A,NA,NA,NA,NA,NA,NA,NA,20120727,377089.7817,9284554.141
SFX_A03,P13,58,JOAO MOLE,Neea oppositifolia,Nyctaginaceae,0.89,19,0.028352874,NA,O,A,NA,NA,NA,NA,NA,NA,NA,20120727,377096.7817,9284552.741
SFX_A03,P13,59,CACAU,Theobroma glaucum,Malvaceae,0.53,10.3,0.008332289,NA,O,A,NA,NA,NA,NA,NA,NA,NA,20120727,377098.7817,9284552.141
SFX_A03,P13,60,INAJA,Attalea maripa,Arecaceae,0.33,26.5,0.055154586,0.141216509,P,A,NA,NA,NA,NA,NA,NA,NA,20120727,377100.7817,9284549.141
SFX_A03,P13,61,ACARIQUARA,Minquartia guianensis,Olacaceae,0.77,12.4,0.012076282,NA,O,A,NA,NA,NA,NA,NA,NA,NA,20120727,377092.7817,9284550.141
SFX_A03,P13,62,TAQUARI,Mabea angularis,Euphorbiaceae,0.62,12,0.011309734,NA,O,A,NA,NA,NA,NA,NA,NA,NA,20120727,377089.7817,9284549.541
SFX_A03,P13,63,CUTITIRIBA,Pouteria sp.,Sapotaceae,0.78,14.1,0.015614501,NA,O,A,NA,NA,NA,NA,NA,NA,NA,20120727,377082.7817,9284551.841
SFX_A03,P13,64,GRAO DE GUARIBA,Mayna odorata,Flacourtiaceae,0.62,13.3,0.013892908,NA,O,A,NA,NA,NA,NA,NA,NA,NA,20120727,377083.7817,9284549.341
SFX_A03,P13,65,UCUUBA,Virola melinoni,Myristicaceae,0.48,16.5,0.021382465,NA,O,A,NA,NA,NA,NA,NA,NA,NA,20120727,377083.9817,9284549.141
SFX_A03,P13,66,BARROTE,Tetragastris altissima,Burseraceae,0.71,12.8,0.012867964,NA,O,A,NA,NA,NA,NA,NA,NA,NA,20120727,377087.7817,9284548.641
SFX_A03,P13,67,ESCORREGA MACACO,Capirona huberiana,Rubiaceae,0.59,21.6,0.036643537,NA,O,A,NA,NA,NA,NA,NA,NA,NA,20120727,377091.7817,9284547.141
SFX_A03,P13,68,INGA,Inga marginata,Fabaceae,0.57,15.4,0.018626503,NA,O,A,NA,NA,NA,NA,NA,NA,NA,20120727,377101.7817,9284544.141
SFX_A03,P13,69,MORTA,NA,NA,0.6,15.6,0.01911345,NA,O,D,1,NA,NA,NA,NA,NA,NA,20120727,377106.7817,9284543.141
SFX_A03,P13,70,CACAU,Theobroma glaucum,Malvaceae,0.53,15.5,0.018869191,NA,O,A,NA,NA,NA,NA,NA,NA,NA,20120727,377085.7817,9284544.141
SFX_A03,P13,71,INGA,Inga marginata,Fabaceae,0.57,21.1,0.034966712,NA,O,A,NA,NA,NA,NA,NA,NA,NA,20120727,377086.7817,9284543.841
SFX_A03,P13,72,BREU,Protium heptaphyllum,Burseraceae,0.62,10.7,0.008992024,NA,O,A,NA,NA,NA,NA,NA,NA,NA,20120727,377087.7817,9284540.941
SFX_A03,P13,73,CORAÇAO DE NEGRO,Swartzia corrugata,Fabaceae,1.06,11.5,0.010386891,NA,O,A,NA,NA,NA,NA,NA,NA,NA,20120727,377091.7817,9284542.541
SFX_A03,P13,74,MORTA,NA,NA,0.6,22.8,0.040828138,NA,O,D,1,NA,NA,NA,NA,NA,NA,20120727,377099.7817,9284535.541
SFX_A03,P13,75,MORTA,NA,NA,0.6,18.8,0.027759113,NA,O,D,1,NA,NA,NA,NA,NA,NA,20120727,377080.7817,9284540.641
SFX_A03,P13,76,JATAUA,Trichilia micrantha,Meliaceae,0.61,12.1,0.011499015,0.04689783,O,A,NA,6.6,10.32,0.8,2.5,2,1.5,20120727,377086.7817,9284539.941
SFX_A03,P13,77,JATOBA,Hymenaea courbaril,Fabaceae,0.79,14.4,0.016286016,NA,O,A,NA,NA,NA,NA,NA,NA,NA,20120727,377082.7817,9284537.541
SFX_A03,P13,78,CARIPE,Licania octandra,Chrysobalanaceae,0.83,24.4,0.046759465,NA,O,A,NA,NA,NA,NA,NA,NA,NA,20120727,377084.7817,9284536.141
SFX_A03,P13,79,ACARIQUARA,Minquartia guianensis,Olacaceae,0.77,13.6,0.014526724,NA,O,A,NA,NA,NA,NA,NA,NA,NA,20120727,377082.7817,9284534.741
SFX_A03,P13,80,LOURO PRETO,Nectandra cuspidata,Lauraceae,0.56,18.2,0.026015529,NA,O,A,NA,NA,NA,NA,NA,NA,NA,20120727,377086.7817,9284534.041
SFX_A03,P13,81,CASTANHEIRA,Bertholletia excelsa,Lecythidaceae,0.64,33.3,0.087092017,NA,O,A,NA,NA,NA,NA,NA,NA,NA,20120727,377081.7817,9284533.541
SFX_A03,P13,82,TANIBUCA,Terminalia amazonia,Combretaceae,0.68,40,0.125663706,1.679550933,O,A,NA,14.83,30.31,3.8,5.5,5.3,3.4,20120727,377080.7817,9284532.841
SFX_A03,P13,83,ABIU ROSADINHO,Pouteria anibifolia,Sapotaceae,0.66,21.5,0.03630503,NA,O,A,NA,NA,NA,NA,NA,NA,NA,20120727,377097.7817,9284531.941
SFX_A03,P13,84,JUTAI POROROCA,Dialium guianense,Fabaceae,0.89,23,0.041547563,NA,O,A,NA,NA,NA,NA,NA,NA,NA,20120727,377094.7817,9284528.741
SFX_A03,P13,85,BARROTE,Tetragastris altissima,Burseraceae,0.71,10.7,0.008992024,NA,O,A,NA,NA,NA,NA,NA,NA,NA,20120727,377081.7817,9284527.341
SFX_A03,P13,86,BARROTE,Tetragastris altissima,Burseraceae,0.71,41.7,0.136572101,1.165923522,O,A,NA,12.36,18.61,5.7,4.5,4.8,7.4,20120727,377082.7817,9284527.241
SFX_A03,P13,87,BURANGICA,Galipea trifoliata,NI,0.62,16.8,0.022167078,NA,O,A,NA,NA,NA,NA,NA,NA,NA,20120727,377082.0817,9284520.141
SFX_A03,P13,88,SUCUPIRA,Diplotropis sp.,Fabaceae,0.75,14.6,0.016741547,NA,O,A,NA,NA,NA,NA,NA,NA,NA,20120727,377080.0817,9284517.141
SFX_A03,P14,1,INGA,Inga marginata,Fabaceae,0.57,17.3,0.023506182,NA,O,A,NA,NA,NA,NA,NA,NA,NA,20120730,377105.7703,9284738.389
SFX_A03,P14,2,MORTA,NA,NA,0.7,25.4,0.050670748,0.119881276,O,D,2,NA,6.07,NA,NA,NA,NA,20120730,377101.0703,9284737.889
SFX_A03,P14,3,JOAO MOLE,Neea oppositifolia,Nyctaginaceae,0.89,11.5,0.010386891,NA,O,A,NA,NA,NA,NA,NA,NA,NA,20120730,377099.0703,9284736.889
SFX_A03,P14,4,TARUMA,Vitex triflora,Lamiaceae,0.56,13.4,0.014102609,NA,O,A,NA,NA,NA,NA,NA,NA,NA,20120730,377099.5703,9284736.889
SFX_A03,P14,5,EMBAUBA,Cecropia ficifolia,Urticaceae,0.27,47.9,0.18020254,0.935379101,O,A,NA,16.69,30.11,8.6,9.7,9.5,8.5,20120730,377099.0703,9284731.389
SFX_A03,P14,6,INGA,Inga marginata,Fabaceae,0.57,10.9,0.009331316,NA,O,A,NA,NA,NA,NA,NA,NA,NA,20120730,377097.0703,9284732.389
SFX_A03,P14,7,FREIJO BRANCO,Cordia scabrifolia,Boraginaceae,0.47,10.8,0.009160884,NA,O,A,NA,NA,NA,NA,NA,NA,NA,20120730,377105.3703,9284731.389
SFX_A03,P14,8,MORTA,NA,NA,0.7,21.9,0.037668481,NA,O,D,2,NA,NA,NA,NA,NA,NA,20120730,377100.0703,9284728.989
SFX_A03,P14,9,LOURO PRETO,Nectandra cuspidata,Lauraceae,0.56,16.1,0.020358306,0.112340158,O,A,NA,10.2,15.2,2.4,2.5,2.4,2.6,20120730,377099.0703,9284727.589
SFX_A03,P14,10,MORTA,NA,NA,0.6,18.1,0.025730429,NA,O,D,1,NA,NA,NA,NA,NA,NA,20120730,377100.0703,9284727.389
SFX_A03,P14,11,INGA,Inga marginata,Fabaceae,0.57,14.1,0.015614501,NA,O,A,NA,NA,NA,NA,NA,NA,NA,20120730,377085.0703,9284732.389
SFX_A03,P14,12,CANELA DE ANTA,NI,NI,0.62,10.9,0.009331316,NA,O,A,NA,NA,NA,NA,NA,NA,NA,20120730,377084.0703,9284732.389
SFX_A03,P14,13,INHARE,Helicostylis sp.,Moraceae,0.65,17,0.022698007,NA,O,A,NA,NA,NA,NA,NA,NA,NA,20120730,377083.0703,9284731.389
SFX_A03,P14,14,ENVIRA PRETA,Bocageopsis pleiosperma,Annonaceae,0.64,10.6,0.008824734,NA,O,A,NA,NA,NA,NA,NA,NA,NA,20120730,377084.0703,9284725.389
SFX_A03,P14,15,MAPATIRANA,Pourouma minor,Urticaceae,0.44,13.9,0.015174678,NA,O,A,NA,NA,NA,NA,NA,NA,NA,20120730,377083.0703,9284725.389
SFX_A03,P14,16,MORTA,NA,NA,0.7,13.6,0.014526724,NA,O,D,2,NA,NA,NA,NA,NA,NA,20120730,377083.0703,9284724.389
SFX_A03,P14,17,CACAU,Theobroma glaucum,Malvaceae,0.53,14,0.015393804,NA,O,A,NA,NA,NA,NA,NA,NA,NA,20120730,377104.0703,9284723.389
SFX_A03,P14,18,CACAU,Theobroma glaucum,Malvaceae,0.53,10.4,0.008494867,NA,O,A,NA,NA,NA,NA,NA,NA,NA,20120730,377080.0703,9284723.389
SFX_A03,P14,19,FREIJO BRANCO,Cordia scabrifolia,Boraginaceae,0.47,12.6,0.012468981,NA,O,A,NA,NA,NA,NA,NA,NA,NA,20120730,377094.0703,9284721.389
SFX_A03,P14,20,MAPATIRANA,Pourouma minor,Urticaceae,0.44,12.5,0.012271846,NA,O,A,NA,NA,NA,NA,NA,NA,NA,20120730,377095.0703,9284720.889
SFX_A03,P14,21,TAXI PRETO,Tachigali myrmecophila,Fabaceae,0.48,12.7,0.012667687,NA,O,A,NA,NA,NA,NA,NA,NA,NA,20120730,377092.0703,9284716.389
SFX_A03,P14,22,PARAPARA,Jacaranda copaia,Bignoniaceae,0.35,10.4,0.008494867,NA,O,A,NA,NA,NA,NA,NA,NA,NA,20120730,377105.0703,9284718.389
SFX_A03,P14,23,PINTADINHO,Poeppigia sp.,Fabaceae,0.69,12.3,0.011882289,NA,O,A,NA,NA,NA,NA,NA,NA,NA,20120730,377095.0703,9284715.389
SFX_A03,P14,24,ESCORREGA MACACO,Capirona huberiana,Rubiaceae,0.59,10.4,0.008494867,NA,O,A,NA,NA,NA,NA,NA,NA,NA,20120730,377086.0703,9284714.889
SFX_A03,P14,25,UCUUBA,Virola melinoni,Myristicaceae,0.48,21.6,0.036643537,NA,O,A,NA,NA,NA,NA,NA,NA,NA,20120730,377088.0703,9284711.089
SFX_A03,P14,26,EMBAUBA,Cecropia ficifolia,Urticaceae,0.27,29,0.066051986,NA,O,A,NA,NA,NA,NA,NA,NA,NA,20120730,377085.0703,9284710.889
SFX_A03,P14,27,PINTADINHO,Poeppigia sp.,Fabaceae,0.69,15.5,0.018869191,NA,O,A,NA,NA,NA,NA,NA,NA,NA,20120730,377096.0703,9284710.189
SFX_A03,P14,28,GEMA DE OVO,Poecilanthe effusa,Fabaceae,0.71,14.9,0.017436625,NA,O,A,NA,NA,NA,NA,NA,NA,NA,20120730,377100.0703,9284705.889
SFX_A03,P14,29,GRAO DE GUARIBA,Mayna odorata,Flacourtiaceae,0.62,12.7,0.012667687,NA,O,A,NA,NA,NA,NA,NA,NA,NA,20120730,377105.3703,9284699.389
SFX_A03,P14,30,CACAU,Theobroma glaucum,Malvaceae,0.53,16.1,0.020358306,NA,O,A,NA,NA,NA,NA,NA,NA,NA,20120730,377114.0703,9284738.389
SFX_A03,P14,31,CANELA DE ANTA,NI,NI,0.62,11.7,0.010751315,NA,O,A,NA,NA,NA,NA,NA,NA,NA,20120730,377117.0703,9284734.689
SFX_A03,P14,32,JOAO MOLE,Neea oppositifolia,Nyctaginaceae,0.89,15.5,0.018869191,NA,O,A,NA,NA,NA,NA,NA,NA,NA,20120730,377118.0703,9284732.889
SFX_A03,P14,33,MORTA,NA,NA,0.6,15.4,0.018626503,NA,O,D,1,NA,NA,NA,NA,NA,NA,20120730,377120.0703,9284732.889
SFX_A03,P14,34,ACARIQUARA,Minquartia guianensis,Olacaceae,0.77,11.2,0.009852035,NA,O,A,NA,NA,NA,NA,NA,NA,NA,20120730,377114.0703,9284732.389
SFX_A03,P14,35,TAQUARI,Mabea angularis,Euphorbiaceae,0.62,12.6,0.012468981,NA,O,A,NA,NA,NA,NA,NA,NA,NA,20120730,377119.0703,9284729.989
SFX_A03,P14,36,MACUCU,Licania heteromorpha,Chrysobalanaceae,0.82,21.9,0.037668481,NA,O,A,NA,NA,NA,NA,NA,NA,NA,20120730,377130.0703,9284728.389
SFX_A03,P14,37,NI,NI,NI,0.62,17.5,0.024052819,NA,O,A,NA,NA,NA,NA,NA,NA,NA,20120730,377132.0703,9284727.589
SFX_A03,P14,38,JOAO MOLE,Neea oppositifolia,Nyctaginaceae,0.89,13.8,0.014957123,NA,O,A,NA,NA,NA,NA,NA,NA,NA,20120730,377133.0703,9284727.389
SFX_A03,P14,39,BURANGICA,Galipea trifoliata,NI,0.62,10.6,0.008824734,NA,O,A,NA,NA,NA,NA,NA,NA,NA,20120730,377134.0703,9284723.689
SFX_A03,P14,40,MURICI,Byrsonima chrysophylla,Malpighiaceae,0.62,15.7,0.019359279,NA,O,A,NA,NA,NA,NA,NA,NA,NA,20120730,377115.0703,9284724.389
SFX_A03,P14,41,CANELA DE ANTA,NI,NI,0.62,21,0.034636059,NA,O,A,NA,NA,NA,NA,NA,NA,NA,20120730,377119.0703,9284724.389
SFX_A03,P14,42,ACARIQUARA,Minquartia guianensis,Olacaceae,0.77,12.1,0.011499015,NA,O,A,NA,NA,NA,NA,NA,NA,NA,20120730,377120.0703,9284724.089
SFX_A03,P14,43,INHARE,Helicostylis sp.,Moraceae,0.65,14.9,0.017436625,NA,O,A,NA,NA,NA,NA,NA,NA,NA,20120730,377132.0703,9284722.389
SFX_A03,P14,44,INGA,Inga marginata,Fabaceae,0.57,10.7,0.008992024,0.056457146,O,A,NA,11.24,16.91,3,1.5,2,2,20120730,377130.0703,9284722.389
SFX_A03,P14,45,CACAU,Theobroma glaucum,Malvaceae,0.53,17.4,0.023778715,NA,O,A,NA,NA,NA,NA,NA,NA,NA,20120730,377117.0703,9284719.189
SFX_A03,P14,46,ACARIQUARA,Minquartia guianensis,Olacaceae,0.77,10,0.007853982,NA,O,A,NA,NA,NA,NA,NA,NA,NA,20120730,377122.0703,9284716.989
SFX_A03,P14,47,BURANGICA,Galipea trifoliata,NI,0.62,18.5,0.026880252,NA,O,A,NA,NA,NA,NA,NA,NA,NA,20120730,377113.0703,9284719.789
SFX_A03,P14,48,CACAU,Theobroma glaucum,Malvaceae,0.53,18.3,0.026302199,NA,O,A,NA,NA,NA,NA,NA,NA,NA,20120730,377114.0703,9284719.789
SFX_A03,P14,49,CASTANHEIRA,Bertholletia excelsa,Lecythidaceae,0.64,63.3,0.314700405,5.173216284,O,A,NA,29.12,39.63,4.3,3.6,3.7,3.8,20120730,377110.0703,9284718.389
SFX_A03,P14,50,CACAU,Theobroma glaucum,Malvaceae,0.53,10.8,0.009160884,NA,O,A,NA,NA,NA,NA,NA,NA,NA,20120730,377110.3703,9284718.489
SFX_A03,P14,51,PEDRA UMI,NI,NI,0.62,13.1,0.013478218,NA,O,A,NA,NA,NA,NA,NA,NA,NA,20120730,377115.0703,9284717.389
SFX_A03,P14,52,GRAO DE GUARIBA,Mayna odorata,Flacourtiaceae,0.62,11.3,0.010028749,NA,O,A,NA,NA,NA,NA,NA,NA,NA,20120730,377114.0703,9284717.089
SFX_A03,P14,53,TAXI PRETO,Tachigali myrmecophila,Fabaceae,0.48,12.7,0.012667687,NA,O,A,NA,NA,NA,NA,NA,NA,NA,20120730,377115.0703,9284713.389
SFX_A03,P14,54,BURANGICA,Galipea trifoliata,NI,0.62,13.9,0.015174678,NA,O,A,NA,NA,NA,NA,NA,NA,NA,20120730,377127.0703,9284713.389
SFX_A03,P14,55,TARUMA,Vitex triflora,Lamiaceae,0.56,31.5,0.077931133,NA,O,A,NA,NA,NA,NA,NA,NA,NA,20120730,377113.0703,9284713.089
SFX_A03,P14,56,JOAO MOLE,Neea oppositifolia,Nyctaginaceae,0.89,16.7,0.021903969,NA,O,A,NA,NA,NA,NA,NA,NA,NA,20120730,377117.0703,9284710.189
SFX_A03,P14,57,BREU,Protium heptaphyllum,Burseraceae,0.62,18.2,0.026015529,NA,O,A,NA,NA,NA,NA,NA,NA,NA,20120730,377114.0703,9284707.689
SFX_A03,P14,58,ABIU CUTITE,Pouteria macrophilla,Sapotaceae,0.74,21,0.034636059,NA,O,A,NA,NA,NA,NA,NA,NA,NA,20120730,377110.3703,9284705.989
SFX_A03,P14,59,UCUUBA,Virola melinoni,Myristicaceae,0.48,20.4,0.03268513,NA,O,A,NA,NA,NA,NA,NA,NA,NA,20120730,377114.3703,9284703.389
SFX_A03,P14,60,BREU,Protium heptaphyllum,Burseraceae,0.62,15.9,0.019855651,NA,O,A,NA,NA,NA,NA,NA,NA,NA,20120730,377113.8703,9284701.389
SFX_A03,P14,61,INAJA,Attalea maripa,Arecaceae,0.33,27.7,0.060262816,0.153321405,P,A,NA,NA,NA,NA,NA,NA,NA,20120730,377108.0703,9284702.389
SFX_A03,P15,1,INHARE,Helicostylis sp.,Moraceae,0.65,10.7,0.008992024,NA,O,A,NA,NA,NA,NA,NA,NA,NA,20120729,377128.2909,9284916.745
SFX_A03,P15,2,EMBAUBA,Cecropia ficifolia,Urticaceae,0.27,19.9,0.031102553,NA,O,A,NA,NA,NA,NA,NA,NA,NA,20120729,377126.7909,9284911.545
SFX_A03,P15,3,ENVIRA PRETA,Bocageopsis pleiosperma,Annonaceae,0.64,12.8,0.012867964,NA,O,A,NA,NA,NA,NA,NA,NA,NA,20120729,377127.2909,9284908.545
SFX_A03,P15,4,BURRA LEITEIRA,Sapium marmieri,Euphorbiaceae,0.41,38.4,0.115811672,NA,O,A,NA,NA,NA,NA,NA,NA,NA,20120729,377127.7909,9284906.445
SFX_A03,P15,5,MAPATIRANA,Pourouma minor,Urticaceae,0.44,14.9,0.017436625,NA,O,A,NA,NA,NA,NA,NA,NA,NA,20120729,377119.2909,9284907.245
SFX_A03,P15,6,JOAO MOLE,Neea oppositifolia,Nyctaginaceae,0.89,15.9,0.019855651,NA,O,A,NA,NA,NA,NA,NA,NA,NA,20120729,377121.2909,9284904.745
SFX_A03,P15,7,PAU PRETO,Dalbergia melanoxylon,Fabaceae,0.8,30.3,0.07210662,NA,O,A,NA,NA,NA,NA,NA,NA,NA,20120729,377117.2909,9284904.745
SFX_A03,P15,8,NI,NI,NI,0.62,12,0.011309734,NA,O,A,NA,NA,NA,NA,NA,NA,NA,20120729,377124.2909,9284900.745
SFX_A03,P15,9,PATA DE VACA,Bauhinia forficata,Fabaceae,0.6,10.4,0.008494867,NA,O,A,NA,NA,NA,NA,NA,NA,NA,20120729,377124.2909,9284900.245
SFX_A03,P15,10,CAUCHO,Castilla ulei,Moraceae,0.82,16.5,0.021382465,NA,O,A,NA,NA,NA,NA,NA,NA,NA,20120729,377127.2909,9284900.745
SFX_A03,P15,11,MULUGU,Micropholis venulosa,Sapotaceae,0.67,11,0.009503318,NA,O,A,NA,NA,NA,NA,NA,NA,NA,20120729,377127.2909,9284900.245
SFX_A03,P15,12,MUIRACATIARA,Astronium gracile,Anacardiaceae,0.73,34.1,0.091326884,NA,O,A,NA,NA,NA,NA,NA,NA,NA,20120729,377115.2909,9284900.245
SFX_A03,P15,13,MORTA,NA,NA,0.6,19.7,0.030480517,NA,O,D,1,NA,NA,NA,NA,NA,NA,20120729,377127.2909,9284897.745
SFX_A03,P15,14,GEMA DE OVO,Poecilanthe effusa,Fabaceae,0.71,11.7,0.010751315,NA,O,A,NA,NA,NA,NA,NA,NA,NA,20120729,377112.2909,9284897.745
SFX_A03,P15,15,CAPUEIRO,Rinorea guianensis,Violaceae,0.78,14.7,0.016971669,NA,O,A,NA,NA,NA,NA,NA,NA,NA,20120729,377111.2909,9284895.745
SFX_A03,P15,16,GEMA DE OVO,Poecilanthe effusa,Fabaceae,0.71,16.5,0.021382465,NA,O,A,NA,NA,NA,NA,NA,NA,NA,20120729,377110.2909,9284893.745
SFX_A03,P15,17,LOURO PRETO,Nectandra cuspidata,Lauraceae,0.56,10.5,0.008659015,NA,O,A,NA,NA,NA,NA,NA,NA,NA,20120729,377118.2909,9284893.745
SFX_A03,P15,18,NI,NI,NI,0.62,14.3,0.016060607,NA,O,A,NA,NA,NA,NA,NA,NA,NA,20120729,377119.2909,9284892.745
SFX_A03,P15,19,EMBAUBA,Cecropia ficifolia,Urticaceae,0.27,21.7,0.036983614,NA,O,A,NA,NA,NA,NA,NA,NA,NA,20120729,377102.2909,9284891.745
SFX_A03,P15,20,MORTA,NA,NA,0.6,28.5,0.063793966,NA,O,D,1,NA,NA,NA,NA,NA,NA,20120729,377118.2909,9284891.745
SFX_A03,P15,21,INGA,Inga marginata,Fabaceae,0.57,19.7,0.030480517,NA,O,A,NA,NA,NA,NA,NA,NA,NA,20120729,377128.2909,9284890.745
SFX_A03,P15,22,GEMA DE OVO,Poecilanthe effusa,Fabaceae,0.71,15.2,0.018145839,NA,O,A,NA,NA,NA,NA,NA,NA,NA,20120729,377127.2909,9284889.245
SFX_A03,P15,23,NI,NI,NI,0.62,25.4,0.050670748,NA,O,A,NA,NA,NA,NA,NA,NA,NA,20120729,377117.2909,9284889.245
SFX_A03,P15,24,CACAU,Theobroma glaucum,Malvaceae,0.53,13.6,0.014526724,NA,O,A,NA,NA,NA,NA,NA,NA,NA,20120729,377103.2909,9284888.745
SFX_A03,P15,25,JOAO MOLE,Neea oppositifolia,Nyctaginaceae,0.89,14,0.015393804,NA,O,A,NA,NA,NA,NA,NA,NA,NA,20120729,377114.2909,9284886.745
SFX_A03,P15,26,JOAO MOLE,Neea oppositifolia,Nyctaginaceae,0.89,13.6,0.014526724,NA,O,A,NA,NA,NA,NA,NA,NA,NA,20120729,377103.2909,9284886.745
SFX_A03,P15,27,FREIJO BRANCO,Cordia scabrifolia,Boraginaceae,0.47,14,0.015393804,NA,O,A,NA,NA,NA,NA,NA,NA,NA,20120729,377114.2909,9284885.245
SFX_A03,P15,28,GEMA DE OVO,Poecilanthe effusa,Fabaceae,0.71,10,0.007853982,NA,O,A,NA,NA,NA,NA,NA,NA,NA,20120729,377114.2909,9284884.745
SFX_A03,P15,29,GEMA DE OVO,Poecilanthe effusa,Fabaceae,0.71,13.1,0.013478218,NA,O,A,NA,NA,NA,NA,NA,NA,NA,20120729,377119.2909,9284885.745
SFX_A03,P15,30,TATURUBA,Pouteria sp.,Sapotaceae,0.78,13.9,0.015174678,NA,O,A,NA,NA,NA,NA,NA,NA,NA,20120729,377120.2909,9284884.745
SFX_A03,P15,31,MORTA,NA,NA,0.6,32,0.080424772,NA,O,D,1,NA,NA,NA,NA,NA,NA,20120729,377124.2909,9284884.745
SFX_A03,P15,32,JOAO MOLE,Neea oppositifolia,Nyctaginaceae,0.89,15.9,0.019855651,NA,O,A,NA,NA,NA,NA,NA,NA,NA,20120729,377124.2909,9284882.245
SFX_A03,P15,33,MAPATIRANA,Pourouma minor,Urticaceae,0.44,15.5,0.018869191,NA,O,A,NA,NA,NA,NA,NA,NA,NA,20120729,377126.2909,9284877.945
SFX_A03,P15,34,URUCURANA,Sloanea guianensis,Elaeocarpaceae,0.82,11.1,0.009676891,NA,O,A,NA,NA,NA,NA,NA,NA,NA,20120729,377123.2909,9284875.045
SFX_A03,P15,35,PAU PRETO,Dalbergia melanoxylon,Fabaceae,0.8,31.2,0.076453799,NA,O,A,NA,NA,NA,NA,NA,NA,NA,20120729,377121.2909,9284875.045
SFX_A03,P15,36,UCUUBA,Virola melinoni,Myristicaceae,0.48,31.5,0.077931133,NA,O,A,NA,NA,NA,NA,NA,NA,NA,20120729,377122.2909,9284871.745
SFX_A03,P15,37,LOURO PRETO,Nectandra cuspidata,Lauraceae,0.56,10.5,0.008659015,NA,O,A,NA,NA,NA,NA,NA,NA,NA,20120729,377135.2909,9284907.445
SFX_A03,P15,38,MAPATIRANA,Pourouma minor,Urticaceae,0.44,12.4,0.012076282,NA,O,A,NA,NA,NA,NA,NA,NA,NA,20120729,377129.0909,9284905.545
SFX_A03,P15,39,NI,NI,NI,0.62,14.1,0.015614501,NA,O,A,NA,NA,NA,NA,NA,NA,NA,20120729,377133.2909,9284904.745
SFX_A03,P15,40,MORTA,NA,NA,0.6,11,0.009503318,NA,O,D,1,NA,NA,NA,NA,NA,NA,20120729,377137.2909,9284904.245
SFX_A03,P15,41,GEMA DE OVO,Poecilanthe effusa,Fabaceae,0.71,13.2,0.013684778,NA,O,A,NA,NA,NA,NA,NA,NA,NA,20120729,377137.2909,9284899.845
SFX_A03,P15,42,INHARE,Helicostylis sp.,Moraceae,0.65,13.7,0.014741138,NA,O,A,NA,NA,NA,NA,NA,NA,NA,20120729,377145.2909,9284899.945
SFX_A03,P15,43,INAJA,Attalea maripa,Arecaceae,0.33,24.1,0.045616711,0.118392334,P,A,NA,NA,NA,NA,NA,NA,NA,20120729,377148.2909,9284895.745
SFX_A03,P15,44,GEMA DE OVO,Poecilanthe effusa,Fabaceae,0.71,10.4,0.008494867,NA,O,A,NA,NA,NA,NA,NA,NA,NA,20120729,377148.2909,9284894.045
SFX_A03,P15,45,GEMA DE OVO,Poecilanthe effusa,Fabaceae,0.71,10.9,0.009331316,NA,O,A,NA,NA,NA,NA,NA,NA,NA,20120729,377148.2909,9284894.045
SFX_A03,P15,46,MORTA,NA,NA,0.6,11.6,0.010568318,NA,O,D,1,NA,NA,NA,NA,NA,NA,20120729,377149.2909,9284894.245
SFX_A03,P15,47,CAUCHO,Castilla ulei,Moraceae,0.82,13.5,0.014313882,NA,O,A,NA,NA,NA,NA,NA,NA,NA,20120729,377149.2909,9284893.945
SFX_A03,P15,48,CACAU,Theobroma glaucum,Malvaceae,0.53,15.3,0.018385386,NA,O,A,NA,NA,NA,NA,NA,NA,NA,20120729,377141.2909,9284897.445
SFX_A03,P15,49,CACAU,Theobroma glaucum,Malvaceae,0.53,11,0.009503318,NA,O,A,NA,NA,NA,NA,NA,NA,NA,20120729,377136.2909,9284897.745
SFX_A03,P15,50,GEMA DE OVO,Poecilanthe effusa,Fabaceae,0.71,12.8,0.012867964,NA,O,A,NA,NA,NA,NA,NA,NA,NA,20120729,377129.5909,9284898.745
SFX_A03,P15,51,INGA,Inga marginata,Fabaceae,0.57,12.7,0.012667687,NA,O,A,NA,NA,NA,NA,NA,NA,NA,20120729,377132.2909,9284897.145
SFX_A03,P15,52,GEMA DE OVO,Poecilanthe effusa,Fabaceae,0.71,10.4,0.008494867,NA,O,A,NA,NA,NA,NA,NA,NA,NA,20120729,377137.2909,9284895.745
SFX_A03,P15,53,LIANA,NA,NA,#VALOR!,13.7,0.014741138,0.014870135,L,A,NA,NA,NA,NA,NA,NA,NA,20120729,377137.2909,9284895.745
SFX_A03,P15,54,TATURANA,NI,NI,0.62,11.3,0.010028749,NA,O,A,NA,NA,NA,NA,NA,NA,NA,20120729,377136.2909,9284894.745
SFX_A03,P15,55,GEMA DE OVO,Poecilanthe effusa,Fabaceae,0.71,13.5,0.014313882,NA,O,A,NA,NA,NA,NA,NA,NA,NA,20120729,377131.2909,9284893.745
SFX_A03,P15,56,GEMA DE OVO,Poecilanthe effusa,Fabaceae,0.71,10.3,0.008332289,NA,O,A,NA,NA,NA,NA,NA,NA,NA,20120729,377137.2909,9284892.445
SFX_A03,P15,57,TACHIUBA,Socratea exorrhiza,Arecaceae,0.62,14,0.015393804,0.043179538,P,A,NA,NA,NA,NA,NA,NA,NA,20120729,377138.2909,9284892.445
SFX_A03,P15,58,PAU PRETO,Dalbergia melanoxylon,Fabaceae,0.8,10.8,0.009160884,NA,O,A,NA,NA,NA,NA,NA,NA,NA,20120729,377141.2909,9284892.745
SFX_A03,P15,59,JOAO MOLE,Neea oppositifolia,Nyctaginaceae,0.89,11.3,0.010028749,NA,O,A,NA,NA,NA,NA,NA,NA,NA,20120729,377142.2909,9284891.345
SFX_A03,P15,60,GEMA DE OVO,Poecilanthe effusa,Fabaceae,0.71,12.5,0.012271846,0.050621021,O,A,NA,6.43,8.93,0.7,2.5,1,1,20120729,377153.2909,9284890.745
SFX_A03,P15,61,TAUARI,Couratari stellata,Lecythidaceae,0.63,27.4,0.058964553,NA,O,A,NA,NA,NA,NA,NA,NA,NA,20120729,377134.2909,9284890.745
SFX_A03,P15,62,GEMA DE OVO,Poecilanthe effusa,Fabaceae,0.71,14.7,0.016971669,NA,O,A,NA,NA,NA,NA,NA,NA,NA,20120729,377136.2909,9284888.745
SFX_A03,P15,63,GEMA DE OVO,Poecilanthe effusa,Fabaceae,0.71,11.6,0.010568318,NA,O,A,NA,NA,NA,NA,NA,NA,NA,20120729,377140.2909,9284886.745
SFX_A03,P15,64,TAXI PRETO,Tachigali myrmecophila,Fabaceae,0.48,13.5,0.014313882,NA,O,A,NA,NA,NA,NA,NA,NA,NA,20120729,377138.2909,9284885.745
SFX_A03,P15,65,MUIRACATIARA,Astronium gracile,Anacardiaceae,0.73,14.6,0.016741547,0.095752933,O,A,NA,9.45,12.09,0.6,0.7,1.4,0.5,20120729,377141.2909,9284885.745
SFX_A03,P15,66,TINTERO,Miconia surinamensis,Miconia surinamensis,0.61,14.4,0.016286016,NA,O,A,NA,NA,NA,NA,NA,NA,NA,20120729,377140.2909,9284886.745
SFX_A03,P15,67,MOROTOTO,Schefflera morototoni,Araliaceae,0.45,57.7,0.261481825,2.811166169,O,A,NA,24.91,36.63,4.8,2.3,3.4,4.5,20120729,377141.2909,9284884.345
SFX_A03,P15,68,MAPATIRANA,Pourouma minor,Urticaceae,0.44,15.4,0.018626503,NA,O,A,NA,NA,NA,NA,NA,NA,NA,20120729,377140.2909,9284884.545
SFX_A03,P15,69,TATAPIRIRICA,Tapirira guianensis,Anacardiaceae,0.46,21.2,0.035298935,NA,O,A,NA,NA,NA,NA,NA,NA,NA,20120729,377144.2909,9284879.145
SFX_A03,P15,70,GEMA DE OVO,Poecilanthe effusa,Fabaceae,0.71,13.4,0.014102609,NA,O,A,NA,NA,NA,NA,NA,NA,NA,20120729,377130.5909,9284882.745
SFX_A03,P15,71,EMBAUBA,Cecropia ficifolia,Urticaceae,0.27,24.3,0.046376976,NA,O,A,NA,NA,NA,NA,NA,NA,NA,20120729,377132.5909,9284882.745
SFX_A03,P15,72,CACAU,Theobroma glaucum,Malvaceae,0.53,11.9,0.011122023,NA,O,A,NA,NA,NA,NA,NA,NA,NA,20120729,377130.6909,9284878.745
SFX_A03,P15,73,CACAU,Theobroma glaucum,Malvaceae,0.53,11.5,0.010386891,0.030004661,O,A,NA,5.64,8.41,0.6,0.4,0.5,0.6,20120729,377135.2909,9284869.145
SFX_A03,P15,74,JUREMA,Mimosa hostilis,Fabaceae,0.45,10.4,0.008494867,0.019966937,O,A,NA,5.19,8.06,0.5,0.4,1.6,0.3,20120729,377131.8909,9284866.745
SFX_A03,P16,1,MORTA,NA,NA,0.58,21.2,0.035298935,NA,O,D,3,NA,NA,NA,NA,NA,NA,20120728,377149.7177,9284978.296
SFX_A03,P16,2,CANELA DE ANTA,NI,NI,0.62,13.1,0.013478218,NA,O,A,NA,NA,NA,NA,NA,NA,NA,20120728,377148.4177,9284977.496
SFX_A03,P16,3,JUREMA,Mimosa hostilis,Fabaceae,0.45,11.1,0.009676891,NA,O,A,NA,NA,NA,NA,NA,NA,NA,20120728,377145.7177,9284972.696
SFX_A03,P16,4,INGA,Inga marginata,Fabaceae,0.57,13.7,0.014741138,NA,O,A,NA,NA,NA,NA,NA,NA,NA,20120728,377143.7177,9284969.696
SFX_A03,P16,5,EMBAUBA,Cecropia ficifolia,Urticaceae,0.27,21,0.034636059,NA,O,A,NA,NA,NA,NA,NA,NA,NA,20120728,377151.7177,9284968.696
SFX_A03,P16,6,MORTA,NA,NA,0.7,10,0.007853982,NA,O,D,2,NA,NA,NA,NA,NA,NA,20120728,377152.6177,9284965.396
SFX_A03,P16,7,GEMA DE OVO,Poecilanthe effusa,Fabaceae,0.71,11.5,0.010386891,NA,O,A,NA,NA,NA,NA,NA,NA,NA,20120728,377150.4177,9284964.696
SFX_A03,P16,8,PAU PRETO,Dalbergia melanoxylon,Fabaceae,0.8,50.5,0.200296167,1.760012581,O,A,NA,10.26,16.94,2.7,3.8,5,4.8,20120728,377150.4177,9284963.396
SFX_A03,P16,9,GRAO DE GUARIBA,Mayna odorata,Flacourtiaceae,0.62,11.9,0.011122023,NA,O,A,NA,NA,NA,NA,NA,NA,NA,20120728,377146.7177,9284963.396
SFX_A03,P16,10,PAU PRETO,Dalbergia melanoxylon,Fabaceae,0.8,15.8,0.01960668,NA,O,A,NA,NA,NA,NA,NA,NA,NA,20120728,377152.2177,9284961.696
SFX_A03,P16,11,MORTA,NA,NA,0.6,11.3,0.010028749,NA,O,D,1,NA,NA,NA,NA,NA,NA,20120728,377129.7177,9284956.696
SFX_A03,P16,12,GRAO DE GUARIBA,Mayna odorata,Flacourtiaceae,0.62,12.6,0.012468981,NA,O,A,NA,NA,NA,NA,NA,NA,NA,20120728,377128.7177,9284955.796
SFX_A03,P16,13,CAFEZINHO,Heisteria densifrons,Olacaceae,0.65,10.9,0.009331316,NA,O,A,NA,NA,NA,NA,NA,NA,NA,20120728,377127.7177,9284955.696
SFX_A03,P16,14,ESCORREGA MACACO,Capirona huberiana,Rubiaceae,0.59,10.3,0.008332289,NA,O,A,NA,NA,NA,NA,NA,NA,NA,20120728,377137.7177,9284955.396
SFX_A03,P16,15,MAPATIRANA,Pourouma minor,Urticaceae,0.44,14.3,0.016060607,NA,O,A,NA,NA,NA,NA,NA,NA,NA,20120728,377143.7177,9284954.996
SFX_A03,P16,16,PAU PRETO,Dalbergia melanoxylon,Fabaceae,0.8,17.4,0.023778715,NA,O,A,NA,NA,NA,NA,NA,NA,NA,20120728,377142.7177,9284954.096
SFX_A03,P16,17,GRAO DE GUARIBA,Mayna odorata,Flacourtiaceae,0.62,14.5,0.016512996,NA,O,A,NA,NA,NA,NA,NA,NA,NA,20120728,377142.4177,9284953.196
SFX_A03,P16,18,FREIJO BRANCO,Cordia scabrifolia,Boraginaceae,0.47,10.1,0.008011847,NA,O,A,NA,NA,NA,NA,NA,NA,NA,20120728,377146.7177,9284952.896
SFX_A03,P16,19,GEMA DE OVO,Poecilanthe effusa,Fabaceae,0.71,16.9,0.022431757,NA,O,A,NA,NA,NA,NA,NA,NA,NA,20120728,377143.7177,9284949.696
SFX_A03,P16,20,BURRA LEITEIRA,Sapium marmieri,Euphorbiaceae,0.41,41.1,0.132670243,NA,O,A,NA,NA,NA,NA,NA,NA,NA,20120728,377137.7177,9284949.296
SFX_A03,P16,21,GEMA DE OVO,Poecilanthe effusa,Fabaceae,0.71,10.1,0.008011847,NA,O,A,NA,NA,NA,NA,NA,NA,NA,20120728,377136.7177,9284949.296
SFX_A03,P16,22,JOAO MOLE,Neea oppositifolia,Nyctaginaceae,0.89,10.1,0.008011847,NA,O,A,NA,NA,NA,NA,NA,NA,NA,20120728,377136.7177,9284945.296
SFX_A03,P16,23,JUREMA,Mimosa hostilis,Fabaceae,0.45,10.5,0.008659015,NA,O,A,NA,NA,NA,NA,NA,NA,NA,20120728,377141.7177,9284944.896
SFX_A03,P16,24,INGA,Inga marginata,Fabaceae,0.57,10.9,0.009331316,NA,O,A,NA,NA,NA,NA,NA,NA,NA,20120728,377152.1177,9284950.696
SFX_A03,P16,25,JUREMA,Mimosa hostilis,Fabaceae,0.45,26.8,0.056410438,NA,O,A,NA,NA,NA,NA,NA,NA,NA,20120728,377142.7177,9284939.196
SFX_A03,P16,26,PARICA,Schizolobium amazonicum,Fabaceae,0.49,32.3,0.081939805,NA,O,A,NA,NA,NA,NA,NA,NA,NA,20120728,377149.7177,9284937.296
SFX_A03,P16,27,NI,NI,NI,0.62,10.4,0.008494867,NA,O,A,NA,NA,NA,NA,NA,NA,NA,20120728,377158.7177,9284974.696
SFX_A03,P16,28,NI,NI,NI,0.62,10.5,0.008659015,NA,O,A,NA,NA,NA,NA,NA,NA,NA,20120728,377158.7177,9284974.696
SFX_A03,P16,29,JUREMA,Mimosa hostilis,Fabaceae,0.45,19.4,0.029559245,NA,O,A,NA,NA,NA,NA,NA,NA,NA,20120728,377160.7177,9284973.796
SFX_A03,P16,30,TARUMA,Vitex triflora,Lamiaceae,0.56,16.8,0.022167078,NA,O,A,NA,NA,NA,NA,NA,NA,NA,20120728,377165.7177,9284971.396
SFX_A03,P16,31,JUREMA,Mimosa hostilis,Fabaceae,0.45,20.7,0.033653526,NA,O,A,NA,NA,NA,NA,NA,NA,NA,20120728,377157.7177,9284971.396
SFX_A03,P16,32,INGA,Inga marginata,Fabaceae,0.57,10.3,0.008332289,NA,O,A,NA,NA,NA,NA,NA,NA,NA,20120728,377166.7177,9284967.696
SFX_A03,P16,33,MAPATIRANA,Pourouma minor,Urticaceae,0.44,11.5,0.010386891,NA,O,A,NA,NA,NA,NA,NA,NA,NA,20120728,377168.7177,9284966.096
SFX_A03,P16,34,NI,NI,NI,0.62,10.8,0.009160884,NA,O,A,NA,NA,NA,NA,NA,NA,NA,20120728,377158.7177,9284968.396
SFX_A03,P16,35,BACABA,Oenocarpus bacaba,Arecaceae,0.65,29.9,0.070215381,0.176701084,P,A,NA,NA,NA,NA,NA,NA,NA,20120728,377158.7177,9284965.996
SFX_A03,P16,36,INHARE,Helicostylis sp.,Moraceae,0.65,12.5,0.012271846,NA,O,A,NA,NA,NA,NA,NA,NA,NA,20120728,377153.7177,9284965.396
SFX_A03,P16,37,NI,NI,NI,0.62,15.5,0.018869191,0.076395289,O,A,NA,5.13,10.08,2.3,1.4,1.2,2.8,20120728,377156.7177,9284963.096
SFX_A03,P16,38,FREIJO BRANCO,Cordia scabrifolia,Boraginaceae,0.47,10.6,0.008824734,NA,O,A,NA,NA,NA,NA,NA,NA,NA,20120728,377162.7177,9284963.096
SFX_A03,P16,39,ENVIRA BRANCA,Annona exsucca,Annonaceae,0.44,12.7,0.012667687,NA,O,A,NA,NA,NA,NA,NA,NA,NA,20120728,377175.7177,9284958.696
SFX_A03,P16,40,INGA,Inga marginata,Fabaceae,0.57,10.6,0.008824734,NA,O,A,NA,NA,NA,NA,NA,NA,NA,20120728,377179.7177,9284957.696
SFX_A03,P16,41,PARICA,Schizolobium amazonicum,Fabaceae,0.49,19.5,0.029864765,NA,O,A,NA,NA,NA,NA,NA,NA,NA,20120728,377177.7177,9284954.696
SFX_A03,P16,42,INGA,Inga marginata,Fabaceae,0.57,18.9,0.028055208,NA,O,A,NA,NA,NA,NA,NA,NA,NA,20120728,377172.7177,9284954.696
SFX_A03,P16,43,MUIRACATIARA,Astronium gracile,Anacardiaceae,0.73,24,0.045238934,0.572043051,O,A,NA,18.11,26.73,2.5,2.3,2.1,2.6,20120728,377178.7177,9284952.696
SFX_A03,P16,44,INHARE,Helicostylis sp.,Moraceae,0.65,13.5,0.014313882,NA,O,A,NA,NA,NA,NA,NA,NA,NA,20120728,377157.7177,9284951.696
SFX_A03,P16,45,ENVIRA PRETA,Bocageopsis pleiosperma,Annonaceae,0.64,13.9,0.015174678,NA,O,A,NA,NA,NA,NA,NA,NA,NA,20120728,377153.7177,9284951.696
SFX_A03,P16,46,INGA,Inga marginata,Fabaceae,0.57,10.2,0.008171282,NA,O,A,NA,NA,NA,NA,NA,NA,NA,20120728,377153.2177,9284953.396
SFX_A03,P16,47,CAUCHO,Castilla ulei,Moraceae,0.82,18.7,0.027464588,NA,O,A,NA,NA,NA,NA,NA,NA,NA,20120728,377162.7177,9284951.696
SFX_A03,P16,48,MAPATIRANA,Pourouma minor,Urticaceae,0.44,11.3,0.010028749,NA,O,A,NA,NA,NA,NA,NA,NA,NA,20120728,377165.7177,9284950.696
SFX_A03,P16,49,NI,NI,NI,0.62,10.9,0.009331316,NA,O,A,NA,NA,NA,NA,NA,NA,NA,20120728,377153.7177,9284946.696
SFX_A03,P16,50,EMBAUBA,Cecropia ficifolia,Urticaceae,0.27,23.4,0.043005262,NA,O,A,NA,NA,NA,NA,NA,NA,NA,20120728,377153.1177,9284944.696
SFX_A03,P16,51,INGA,Inga marginata,Fabaceae,0.57,11.3,0.010028749,NA,O,A,NA,NA,NA,NA,NA,NA,NA,20120728,377152.9177,9284938.396
SFX_A03,P16,52,TATAJUBA,Bagassa guianensis,Moraceae,0.71,34.2,0.091863311,NA,O,A,NA,NA,NA,NA,NA,NA,NA,20120728,377159.7177,9284937.696
SFX_A03,P16,53,INGA,Inga marginata,Fabaceae,0.57,13,0.013273229,NA,O,A,NA,NA,NA,NA,NA,NA,NA,20120728,377153.7177,9284936.396
SFX_A03,P16,54,TARUMA,Vitex triflora,Lamiaceae,0.56,24.3,0.046376976,NA,O,A,NA,NA,NA,NA,NA,NA,NA,20120728,377152.9177,9284934.696
SFX_A03,P17,1,CANELA DE ANTA,NI,NI,0.62,12.7,0.012667687,NA,O,A,NA,NA,NA,NA,NA,NA,NA,20120728,377166.6727,9285250.053
SFX_A03,P17,2,GEMA DE OVO,Poecilanthe effusa,Fabaceae,0.71,14.7,0.016971669,NA,O,A,NA,NA,NA,NA,NA,NA,NA,20120728,377165.3727,9285248.053
SFX_A03,P17,3,CARIPE,Licania octandra,Chrysobalanaceae,0.83,15.8,0.01960668,NA,O,A,NA,NA,NA,NA,NA,NA,NA,20120728,377165.6727,9285240.453
SFX_A03,P17,4,CANELA DE ANTA,NI,NI,0.62,15.8,0.01960668,NA,O,A,NA,NA,NA,NA,NA,NA,NA,20120728,377163.6727,9285240.053
SFX_A03,P17,5,CANELA DE ANTA,NI,NI,0.62,10.5,0.008659015,NA,O,A,NA,NA,NA,NA,NA,NA,NA,20120728,377165.6727,9285238.153
SFX_A03,P17,6,JATEREU,Lecythis idatimon,Lecythidaceae,0.82,16,0.020106193,NA,O,A,NA,NA,NA,NA,NA,NA,NA,20120728,377164.6727,9285237.053
SFX_A03,P17,7,CAPUEIRO,Rinorea guianensis,Violaceae,0.78,14.9,0.017436625,NA,O,A,NA,NA,NA,NA,NA,NA,NA,20120728,377161.6727,9285236.453
SFX_A03,P17,8,MUIRACATIARA,Astronium gracile,Anacardiaceae,0.73,62.5,0.306796158,6.787864083,O,A,NA,26.13,46.77,3.4,4.2,3.5,4.6,20120728,377155.6727,9285236.453
SFX_A03,P17,9,GEMA DE OVO,Poecilanthe effusa,Fabaceae,0.71,16.5,0.021382465,NA,O,A,NA,NA,NA,NA,NA,NA,NA,20120728,377156.6727,9285234.353
SFX_A03,P17,10,MORTA,NA,NA,0.6,18.5,0.026880252,NA,O,D,1,NA,NA,NA,NA,NA,NA,20120728,377158.6727,9285230.853
SFX_A03,P17,11,ACARIQUARA,Minquartia guianensis,Olacaceae,0.77,10,0.007853982,NA,O,A,NA,NA,NA,NA,NA,NA,NA,20120728,377166.6727,9285232.953
SFX_A03,P17,12,ABIU ROSADINHO,Pouteria anibifolia,Sapotaceae,0.66,18.4,0.02659044,NA,O,A,NA,NA,NA,NA,NA,NA,NA,20120728,377166.6727,9285229.253
SFX_A03,P17,13,CAPUEIRO,Rinorea guianensis,Violaceae,0.78,12.9,0.013069811,NA,O,A,NA,NA,NA,NA,NA,NA,NA,20120728,377147.6727,9285232.953
SFX_A03,P17,14,MORTA,NA,NA,0.6,17.8,0.024884555,NA,O,D,1,NA,NA,NA,NA,NA,NA,20120728,377145.6727,9285232.953
SFX_A03,P17,15,ACARIQUARA,Minquartia guianensis,Olacaceae,0.77,14.3,0.016060607,NA,O,A,NA,NA,NA,NA,NA,NA,NA,20120728,377145.6727,9285230.353
SFX_A03,P17,16,FREIJO BRANCO,Cordia scabrifolia,Boraginaceae,0.47,11.1,0.009676891,NA,O,A,NA,NA,NA,NA,NA,NA,NA,20120728,377142.6727,9285231.353
SFX_A03,P17,17,MAPATIRANA,Pourouma minor,Urticaceae,0.44,21,0.034636059,NA,O,A,NA,NA,NA,NA,NA,NA,NA,20120728,377144.6727,9285231.053
SFX_A03,P17,18,MORTA,NA,NA,0.7,13.5,0.014313882,NA,O,D,2,NA,NA,NA,NA,NA,NA,20120728,377143.6727,9285230.353
SFX_A03,P17,19,GEMA DE OVO,Poecilanthe effusa,Fabaceae,0.71,12.3,0.011882289,NA,O,A,NA,NA,NA,NA,NA,NA,NA,20120728,377141.6727,9285228.153
SFX_A03,P17,20,PATA DE VACA,Bauhinia forficata,Fabaceae,0.6,11.3,0.010028749,0.057061872,O,A,NA,8.24,14.63,3.2,1.4,1.7,2.3,20120728,377142.6727,9285225.353
SFX_A03,P17,21,INGA,Inga marginata,Fabaceae,0.57,15.6,0.01911345,NA,O,A,NA,NA,NA,NA,NA,NA,NA,20120728,377144.6727,9285225.353
SFX_A03,P17,22,CANELA DE ANTA,NI,NI,0.62,10.3,0.008332289,NA,O,A,NA,NA,NA,NA,NA,NA,NA,20120728,377154.6727,9285227.953
SFX_A03,P17,23,MORTA,NA,NA,0.58,13.7,0.014741138,NA,O,D,3,NA,NA,NA,NA,NA,NA,20120728,377157.6727,9285227.653
SFX_A03,P17,24,ABIU ROSADINHO,Pouteria anibifolia,Sapotaceae,0.66,14.2,0.015836769,NA,O,A,NA,NA,NA,NA,NA,NA,NA,20120728,377158.6727,9285227.053
SFX_A03,P17,25,CUTITIRIBA,Pouteria sp.,Sapotaceae,0.78,10.7,0.008992024,NA,O,A,NA,NA,NA,NA,NA,NA,NA,20120728,377157.6727,9285223.053
SFX_A03,P17,26,PATA DE VACA,Bauhinia forficata,Fabaceae,0.6,11.4,0.010207035,NA,O,A,NA,NA,NA,NA,NA,NA,NA,20120728,377145.6727,9285222.353
SFX_A03,P17,27,ENVIRA PRETA,Bocageopsis pleiosperma,Annonaceae,0.64,14.1,0.015614501,NA,O,A,NA,NA,NA,NA,NA,NA,NA,20120728,377142.6727,9285222.353
SFX_A03,P17,28,EMBAUBA,Cecropia ficifolia,Urticaceae,0.27,35,0.096211275,NA,O,A,NA,NA,NA,NA,NA,NA,NA,20120728,377146.6727,9285220.653
SFX_A03,P17,29,PATA DE VACA,Bauhinia forficata,Fabaceae,0.6,13.6,0.014526724,NA,O,A,NA,NA,NA,NA,NA,NA,NA,20120728,377148.6727,9285222.753
SFX_A03,P17,30,MUIRACATIARA,Astronium gracile,Anacardiaceae,0.73,17.5,0.024052819,NA,O,A,NA,NA,NA,NA,NA,NA,NA,20120728,377148.3727,9285221.053
SFX_A03,P17,31,JUREMA,Mimosa hostilis,Fabaceae,0.45,30.5,0.073061664,NA,O,A,NA,NA,NA,NA,NA,NA,NA,20120728,377152.6727,9285219.853
SFX_A03,P17,32,BARROTE,Tetragastris altissima,Burseraceae,0.71,12.1,0.011499015,NA,O,A,NA,NA,NA,NA,NA,NA,NA,20120728,377166.7727,9285219.053
SFX_A03,P17,33,FAVA BRANCA,Parkia paraensis,Fabaceae,0.42,12.6,0.012468981,0.1735338,O,A,NA,42.24,51.75,12.3,13,8.5,19.7,20120728,377163.6727,9285215.053
SFX_A03,P17,34,PAU SANTO,Zollernia paraensis,Fabaceae,0.99,13,0.013273229,NA,O,A,NA,NA,NA,NA,NA,NA,NA,20120728,377162.6727,9285214.353
SFX_A03,P17,35,INGA,Inga marginata,Fabaceae,0.57,15.7,0.019359279,NA,O,A,NA,NA,NA,NA,NA,NA,NA,20120728,377160.6727,9285215.053
SFX_A03,P17,36,EMBAUBA,Cecropia ficifolia,Urticaceae,0.27,34.5,0.093482016,NA,O,A,NA,NA,NA,NA,NA,NA,NA,20120728,377157.6727,9285214.153
SFX_A03,P17,37,MORTA,NA,NA,0.7,18.6,0.027171635,NA,O,D,2,NA,NA,NA,NA,NA,NA,20120728,377160.6727,9285212.353
SFX_A03,P17,38,GEMA DE OVO,Poecilanthe effusa,Fabaceae,0.71,10.7,0.008992024,0.036169722,O,A,NA,6.38,8.71,3.8,0.8,2,0.7,20120728,377160.6727,9285212.053
SFX_A03,P17,39,GEMA DE OVO,Poecilanthe effusa,Fabaceae,0.71,22.6,0.040114997,NA,O,A,NA,NA,NA,NA,NA,NA,NA,20120728,377166.3727,9285210.153
SFX_A03,P17,40,SABUEIRO,Abarema jupunba,Fabaceae,0.59,50.3,0.198712804,2.082532121,O,A,NA,17.42,27.64,2.8,1.8,8.7,2.3,20120728,377144.6727,9285209.153
SFX_A03,P17,41,BREU,Protium heptaphyllum,Burseraceae,0.62,24.8,0.048305129,NA,O,A,NA,NA,NA,NA,NA,NA,NA,20120728,377162.6727,9285208.753
SFX_A03,P17,42,MORTA,NA,NA,0.7,28.2,0.062458004,NA,O,D,2,NA,NA,NA,NA,NA,NA,20120728,377157.6727,9285208.353
SFX_A03,P17,43,CAPUEIRO,Rinorea guianensis,Violaceae,0.78,10.6,0.008824734,NA,O,A,NA,NA,NA,NA,NA,NA,NA,20120728,377157.6727,9285207.353
SFX_A03,P17,44,ABIURANA,Pouteria gongrijpii,Sapotaceae,0.8,12.2,0.011689866,NA,O,A,NA,NA,NA,NA,NA,NA,NA,20120728,377161.6727,9285206.753
SFX_A03,P17,45,CACAU,Theobroma glaucum,Malvaceae,0.53,10.9,0.009331316,NA,O,A,NA,NA,NA,NA,NA,NA,NA,20120728,377163.6727,9285207.353
SFX_A03,P17,46,GEMA DE OVO,Poecilanthe effusa,Fabaceae,0.71,19.5,0.029864765,NA,O,A,NA,NA,NA,NA,NA,NA,NA,20120728,377159.6727,9285205.753
SFX_A03,P17,47,ABIU ROSADINHO,Pouteria anibifolia,Sapotaceae,0.66,15.2,0.018145839,NA,O,A,NA,NA,NA,NA,NA,NA,NA,20120728,377162.6727,9285203.353
SFX_A03,P17,48,MORTA,NA,NA,0.7,16.2,0.020611989,NA,O,D,2,NA,NA,NA,NA,NA,NA,20120728,377165.3727,9285202.353
SFX_A03,P17,49,BARROTE,Tetragastris altissima,Burseraceae,0.71,18.6,0.027171635,NA,O,A,NA,NA,NA,NA,NA,NA,NA,20120728,377165.3727,9285199.353
SFX_A03,P17,50,GEMA DE OVO,Poecilanthe effusa,Fabaceae,0.71,23.4,0.043005262,NA,O,A,NA,NA,NA,NA,NA,NA,NA,20120728,377167.5727,9285197.353
SFX_A03,P17,51,BURANGICA,Galipea trifoliata,NI,0.62,10.5,0.008659015,NA,O,A,NA,NA,NA,NA,NA,NA,NA,20120728,377170.6727,9285245.353
SFX_A03,P17,52,GEMA DE OVO,Poecilanthe effusa,Fabaceae,0.71,13.6,0.014526724,NA,O,A,NA,NA,NA,NA,NA,NA,NA,20120728,377167.7727,9285240.753
SFX_A03,P17,53,GEMA DE OVO,Poecilanthe effusa,Fabaceae,0.71,15.6,0.01911345,NA,O,A,NA,NA,NA,NA,NA,NA,NA,20120728,377167.7727,9285240.753
SFX_A03,P17,54,CACAU,Theobroma glaucum,Malvaceae,0.53,11.3,0.010028749,NA,O,A,NA,NA,NA,NA,NA,NA,NA,20120728,377174.6727,9285240.753
SFX_A03,P17,55,GEMA DE OVO,Poecilanthe effusa,Fabaceae,0.71,11.7,0.010751315,NA,O,A,NA,NA,NA,NA,NA,NA,NA,20120728,377178.6727,9285240.553
SFX_A03,P17,56,GRAO DE GUARIBA,Mayna odorata,Flacourtiaceae,0.62,11.5,0.010386891,NA,O,A,NA,NA,NA,NA,NA,NA,NA,20120728,377178.1727,9285239.153
SFX_A03,P17,57,GRAO DE GUARIBA,Mayna odorata,Flacourtiaceae,0.62,13.2,0.013684778,NA,O,A,NA,NA,NA,NA,NA,NA,NA,20120728,377177.6727,9285246.353
SFX_A03,P17,58,GEMA DE OVO,Poecilanthe effusa,Fabaceae,0.71,13.5,0.014313882,0.079590865,O,A,NA,5.13,12.04,0.6,0.8,0.6,0.7,20120728,377168.1727,9285237.653
SFX_A03,P17,59,MAMORANA,Eriotheca globosa,Malvaceae,0.41,20.5,0.033006358,NA,O,A,NA,NA,NA,NA,NA,NA,NA,20120728,377187.6727,9285233.753
SFX_A03,P17,60,BARROTE,Tetragastris altissima,Burseraceae,0.71,14.8,0.017203361,NA,O,A,NA,NA,NA,NA,NA,NA,NA,20120728,377175.6727,9285234.553
SFX_A03,P17,61,CAPUEIRO,Rinorea guianensis,Violaceae,0.78,11.3,0.010028749,NA,O,A,NA,NA,NA,NA,NA,NA,NA,20120728,377191.6727,9285234.353
SFX_A03,P17,62,GRAO DE GUARIBA,Mayna odorata,Flacourtiaceae,0.62,10.4,0.008494867,0.022589303,O,A,NA,2.71,6.62,2,3.2,3.8,2.2,20120728,377175.6727,9285230.553
SFX_A03,P17,63,GEMA DE OVO,Poecilanthe effusa,Fabaceae,0.71,11,0.009503318,NA,O,A,NA,NA,NA,NA,NA,NA,NA,20120728,377169.8727,9285230.953
SFX_A03,P17,64,ABIU ROSADINHO,Pouteria anibifolia,Sapotaceae,0.66,22.9,0.041187065,NA,O,A,NA,NA,NA,NA,NA,NA,NA,20120728,377179.6727,9285249.653
SFX_A03,P17,65,TATAPIRIRICA,Tapirira guianensis,Anacardiaceae,0.46,19.4,0.029559245,NA,O,A,NA,NA,NA,NA,NA,NA,NA,20120728,377179.6727,9285229.553
SFX_A03,P17,66,INHARE,Helicostylis sp.,Moraceae,0.65,19.9,0.031102553,NA,O,A,NA,NA,NA,NA,NA,NA,NA,20120728,377176.6727,9285228.953
SFX_A03,P17,67,BARROTE,Tetragastris altissima,Burseraceae,0.71,23.8,0.044488094,NA,O,A,NA,NA,NA,NA,NA,NA,NA,20120728,377179.6727,9285228.353
SFX_A03,P17,68,MUIRACATIARA,Astronium gracile,Anacardiaceae,0.73,20.8,0.033979466,NA,O,A,NA,NA,NA,NA,NA,NA,NA,20120728,377184.6727,9285228.353
SFX_A03,P17,69,CEDRORANA,Cedrelinga cateniformis,Fabaceae,0.5,82,0.528101725,NA,O,A,NA,NA,NA,NA,NA,NA,NA,20120728,377180.6727,9285227.353
SFX_A03,P17,70,INHARE,Helicostylis sp.,Moraceae,0.65,23.8,0.044488094,0.391643125,O,A,NA,14.23,20.82,2.2,2.5,1,4.3,20120728,377189.6727,9285226.653
SFX_A03,P17,71,GOIABINHA,Myrcia velutina,Myrtaceae,0.8,19.7,0.030480517,NA,O,A,NA,NA,NA,NA,NA,NA,NA,20120728,377192.6727,9285225.353
SFX_A03,P17,72,BURANGICA,Galipea trifoliata,NI,0.62,11.8,0.010935884,NA,O,A,NA,NA,NA,NA,NA,NA,NA,20120728,377187.6727,9285226.053
SFX_A03,P17,73,CACAU,Theobroma glaucum,Malvaceae,0.53,14,0.015393804,NA,O,A,NA,NA,NA,NA,NA,NA,NA,20120728,377189.6727,9285224.353
SFX_A03,P17,74,PEDRA UMI,NI,NI,0.62,19.3,0.029255296,NA,O,A,NA,NA,NA,NA,NA,NA,NA,20120728,377177.6727,9285222.053
SFX_A03,P17,75,BREU,Protium heptaphyllum,Burseraceae,0.62,12,0.011309734,NA,O,A,NA,NA,NA,NA,NA,NA,NA,20120728,377167.8727,9285221.353
SFX_A03,P17,76,BARROTE,Tetragastris altissima,Burseraceae,0.71,45.6,0.163312553,NA,O,A,NA,NA,NA,NA,NA,NA,NA,20120728,377168.6727,9285220.353
SFX_A03,P17,77,GEMA DE OVO,Poecilanthe effusa,Fabaceae,0.71,19.8,0.03079075,NA,O,A,NA,NA,NA,NA,NA,NA,NA,20120728,377188.6727,9285220.853
SFX_A03,P17,78,AMARELAO,Aspidosperma parvifolium,Apocynaceae,0.74,78.9,0.48892685,NA,O,A,NA,NA,NA,NA,NA,NA,NA,20120728,377191.6727,9285219.653
SFX_A03,P17,79,BURANGICA,Galipea trifoliata,NI,0.62,14,0.015393804,0.067876217,O,A,NA,6.64,10.97,1.4,1,0.8,3.8,20120728,377193.6727,9285219.653
SFX_A03,P17,80,ABIU ROSADINHO,Pouteria anibifolia,Sapotaceae,0.66,11.3,0.010028749,NA,O,A,NA,NA,NA,NA,NA,NA,NA,20120728,377194.6727,9285219.453
SFX_A03,P17,81,TARUMA,Vitex triflora,Lamiaceae,0.56,16.5,0.021382465,0.092215307,O,A,NA,5.03,11.88,2,1.8,0.6,4.5,20120728,377189.6727,9285217.053
SFX_A03,P17,82,GEMA DE OVO,Poecilanthe effusa,Fabaceae,0.71,13.9,0.015174678,NA,O,A,NA,NA,NA,NA,NA,NA,NA,20120728,377185.6727,9285216.053
SFX_A03,P17,83,CAPUEIRO,Rinorea guianensis,Violaceae,0.78,15.5,0.018869191,NA,O,A,NA,NA,NA,NA,NA,NA,NA,20120728,377183.6727,9285214.753
SFX_A03,P17,84,JOAO MOLE,Neea oppositifolia,Nyctaginaceae,0.89,21.6,0.036643537,NA,O,A,NA,NA,NA,NA,NA,NA,NA,20120728,377177.6727,9285214.553
SFX_A03,P17,85,GEMA DE OVO,Poecilanthe effusa,Fabaceae,0.71,17.4,0.023778715,NA,O,A,NA,NA,NA,NA,NA,NA,NA,20120728,377182.6727,9285214.353
SFX_A03,P17,86,UCUUBA,Virola melinoni,Myristicaceae,0.48,21.4,0.035968094,NA,O,A,NA,NA,NA,NA,NA,NA,NA,20120728,377182.6727,9285218.353
SFX_A03,P17,87,GEMA DE OVO,Poecilanthe effusa,Fabaceae,0.71,14.7,0.016971669,NA,O,A,NA,NA,NA,NA,NA,NA,NA,20120728,377186.6727,9285214.353
SFX_A03,P17,88,PEDRA UMI,NI,NI,0.62,12.6,0.012468981,NA,O,A,NA,NA,NA,NA,NA,NA,NA,20120728,377189.6727,9285212.953
SFX_A03,P17,89,UCUUBA,Virola melinoni,Myristicaceae,0.48,19.8,0.03079075,NA,O,A,NA,NA,NA,NA,NA,NA,NA,20120728,377171.6727,9285212.853
SFX_A03,P17,90,CAUCHO,Castilla ulei,Moraceae,0.82,60,0.282743339,3.689093018,O,A,NA,11.94,24.55,3.4,8.3,6.5,8.7,20120728,377171.6727,9285210.353
SFX_A03,P17,91,BREU,Protium heptaphyllum,Burseraceae,0.62,22.5,0.039760782,NA,O,A,NA,NA,NA,NA,NA,NA,NA,20120728,377172.6727,9285208.353
SFX_A03,P17,92,GRAO DE GUARIBA,Mayna odorata,Flacourtiaceae,0.62,12.7,0.012667687,NA,O,A,NA,NA,NA,NA,NA,NA,NA,20120728,377185.6727,9285210.753
SFX_A03,P17,93,GEMA DE OVO,Poecilanthe effusa,Fabaceae,0.71,11.2,0.009852035,NA,O,A,NA,NA,NA,NA,NA,NA,NA,20120728,377186.6727,9285209.953
SFX_A03,P17,94,POROROCA,Dialium guianense,Fabaceae,0.89,15.4,0.018626503,NA,O,A,NA,NA,NA,NA,NA,NA,NA,20120728,377173.6727,9285208.353
SFX_A03,P17,95,CAPUEIRO,Rinorea guianensis,Violaceae,0.78,12,0.011309734,NA,O,A,NA,NA,NA,NA,NA,NA,NA,20120728,377172.6727,9285207.153
SFX_A03,P17,96,MUIRACATIARA,Astronium gracile,Anacardiaceae,0.73,44.4,0.154830252,NA,O,A,NA,NA,NA,NA,NA,NA,NA,20120728,377174.6727,9285204.353
SFX_A03,P17,97,CAPUEIRO,Rinorea guianensis,Violaceae,0.78,11.5,0.010386891,NA,O,A,NA,NA,NA,NA,NA,NA,NA,20120728,377170.6727,9285203.353
SFX_A03,P17,98,MUIRACATIARA,Astronium gracile,Anacardiaceae,0.73,25.8,0.052279243,NA,O,A,NA,NA,NA,NA,NA,NA,NA,20120728,377171.6727,9285200.353
